기업,연도,자율의무,업종,총임직원,IT투자,보안투자,투자비율,IT인력,전담내부,전담외주,전담계,인력비율,외주의존,CISO임원,CISO겸직,CISO활동건수,수정공시,publish_no
폴라리스오피스,2022,자율,정보통신업(58~63),141.0,7071143081.0,155463381.0,2.1985608156865974,91.7,1.0,0.3,1.3,1.4176663031624863,23.076923076923077,O,O,3.0,False,1089
테크빌교육,2016,자율,정보통신업(58~63),102.0,1611476040.0,131689579.0,8.17198492135198,22.0,2.0,0.0,2.0,9.090909090909092,0.0,X,X,0.0,False,1102
테크빌교육,2017,자율,정보통신업(58~63),83.3,1842953987.0,97426054.0,5.2864072943346905,24.2,1.0,0.0,1.0,4.132231404958678,0.0,X,X,0.0,False,1103
테크빌교육,2018,자율,정보통신업(58~63),90.8,1905985773.0,140302959.0,7.361175565291064,29.8,2.2,0.0,2.2,7.38255033557047,0.0,X,X,0.0,False,1104
케이티,2017,자율,정보통신업(58~63),23504.1,2062350000000.0,91004072406.0,4.412639581351371,4756.2,219.8,32.3,252.0,5.298347420209411,12.817460317460316,X,X,0.0,False,1105
케이티,2018,자율,정보통신업(58~63),23695.9,2090000000000.0,97337756353.0,4.657308916411483,4852.5,237.9,36.7,274.6,5.658938691396187,13.36489439184268,X,X,0.0,False,1106
LG유플러스,2017,자율,정보통신업(58~63),8181.0,545000000000.0,18702157642.0,3.4315885581651377,2037.1,26.8,54.3,81.1,3.9811496735555445,66.95437731196054,X,X,0.0,False,1107
LG유플러스,2018,자율,정보통신업(58~63),8832.7,591000000000.0,18060106555.0,3.0558555930626055,2187.8,25.4,45.3,70.8,3.236127616783983,63.983050847457626,X,X,0.0,False,1108
에스케이텔레콤,2017,자율,정보통신업(58~63),4408.1,1240000000000.0,43442678961.0,3.5034418516935486,1941.3,36.0,133.3,169.3,8.720960181321795,78.7359716479622,X,X,0.0,False,1109
에스케이텔레콤,2018,자율,정보통신업(58~63),4583.9,1300000000000.0,47422070535.0,3.6478515796153848,1845.3,37.0,126.7,163.7,8.871186256977184,77.39767868051314,X,X,0.0,False,1110
에스케이브로드밴드,2017,자율,정보통신업(58~63),1802.6,280000000000.0,9542471369.0,3.4080254889285713,1879.8,22.0,66.4,88.4,4.702627939142463,75.1131221719457,X,X,0.0,False,1111
에스케이브로드밴드,2018,자율,정보통신업(58~63),1725.8,308000000000.0,12219541049.0,3.9673834574675326,1839.7,25.4,73.9,99.3,5.397619177039735,74.4209466263847,X,X,0.0,False,1112
서울아산병원,2017,자율,보건업 및 사회복지 서비스업(86~87),7779.8,11753717371.0,1112489512.0,9.465001385390211,87.4,5.8,0.0,5.8,6.636155606407322,0.0,X,X,0.0,False,1113
서울아산병원,2018,자율,보건업 및 사회복지 서비스업(86~87),7858.8,11800960461.0,1109344955.0,9.400463281494591,85.5,7.0,0.0,7.0,8.187134502923977,0.0,X,X,0.0,False,1114
티몬,2017,자율,도매 및 소매업(45~47),1192.7,26092886107.0,1617047709.0,6.197274239303834,315.2,8.8,2.7,11.5,3.648477157360406,23.47826086956522,X,X,0.0,False,1115
건국대학교병원,2017,자율,보건업 및 사회복지 서비스업(86~87),1827.7,7117651794.0,749609947.0,10.531702992718781,31.0,1.0,1.0,2.0,6.451612903225806,50.0,X,X,0.0,False,1116
건국대학교병원,2018,자율,보건업 및 사회복지 서비스업(86~87),1874.6,6092941484.0,547120525.0,8.979579509121049,30.0,1.0,1.0,2.0,6.666666666666667,50.0,X,X,0.0,False,1117
비바리퍼블리카,2018,자율,금융 및 보험업(64~66),81.2,5664919370.0,1013723918.0,17.894763398900768,44.0,3.6,0.0,3.6,8.181818181818182,0.0,X,X,0.0,False,1118
후후앤컴퍼니,2018,자율,정보통신업(58~63),37.6,2194628715.0,293795395.0,13.387020455530674,16.5,1.1,0.5,1.6,9.696969696969697,31.25,X,X,0.0,False,1119
에듀윌,2018,자율,교육 서비스업(85),316.6,4704965807.0,223827555.0,4.757262096718995,97.7,3.0,2.3,5.3,5.424769703172978,43.39622641509433,X,X,0.0,False,1120
충북대학교병원,2018,자율,보건업 및 사회복지 서비스업(86~87),1749.3,5070740658.0,702751204.0,13.858945889715033,19.6,1.0,0.7,1.7,8.6734693877551,41.17647058823529,X,X,0.0,False,1121
스트리미,2018,자율,정보통신업(58~63),25.7,1382796045.0,143669166.0,10.389758237990911,12.0,0.7,0.0,0.7,5.833333333333333,0.0,X,X,0.0,False,1122
메가스터디교육,2018,자율,교육 서비스업(85),1093.4,8382356011.0,526754972.0,6.284092101418144,129.1,3.2,1.6,4.8,3.7180480247869867,33.333333333333336,X,X,0.0,False,1124
삼성웰스토리,2016,자율,숙박 및 음식점업(55~56),5935.0,20715200336.0,1278427320.0,6.1714456016062735,22.3,3.7,0.0,3.7,16.591928251121075,0.0,X,X,0.0,False,1125
씨디네트웍스,2017,자율,정보통신업(58~63),234.9,14049567621.0,693419169.0,4.935519638081537,182.8,3.2,0.0,3.2,1.75054704595186,0.0,X,X,0.0,False,1126
포뎁스,2017,자율,정보통신업(58~63),,,,,,,,,,,X,X,0.0,False,1127
포뎁스,2018,자율,정보통신업(58~63),,,,,,,,,,,X,X,0.0,False,1128
포뎁스,2019,자율,정보통신업(58~63),,,,,,,,,,,X,X,0.0,False,1129
포뎁스,2020,자율,정보통신업(58~63),,,,,,,,,,,X,X,0.0,False,1130
씨디네트웍스,2018,자율,정보통신업(58~63),217.4,12904582445.0,627895434.0,4.865678038604681,150.2,2.6,0.0,2.6,1.7310252996005329,0.0,X,X,0.0,False,1131
씨디네트웍스,2019,자율,정보통신업(58~63),179.8,10748220457.0,532607452.0,4.9553082217729205,112.6,2.7,0.0,2.7,2.3978685612788637,0.0,X,X,0.0,False,1132
씨디네트웍스,2020,자율,정보통신업(58~63),146.6,13407323091.0,389037812.0,2.901681486747726,121.1,3.0,0.5,3.5,2.8901734104046244,14.285714285714285,X,X,0.0,False,1133
씨디네트웍스,2021,자율,정보통신업(58~63),116.2,10087028527.0,342081491.0,3.391300917652297,99.5,2.8,0.5,3.3,3.316582914572864,15.151515151515152,X,X,0.0,False,1134
토파스여행정보,2018,자율,정보통신업(58~63),72.3,13453234212.0,189505580.0,1.4086246995608316,38.0,1.0,1.0,2.0,5.263157894736842,50.0,X,X,0.0,False,1135
크래프톤,2021,자율,정보통신업(58~63),786.4,54410540138.0,2354056056.0,4.326470661804625,470.4,17.8,0.4,18.2,3.869047619047619,2.197802197802198,X,X,0.0,False,1138
크래프톤,2018,자율,정보통신업(58~63),102.9,73391150318.0,63720023.0,0.08682248843887101,32.0,1.0,0.0,1.0,3.125,0.0,X,X,0.0,False,1139
크래프톤,2019,자율,정보통신업(58~63),260.4,142000000000.0,3928069038.0,2.7662458014084508,157.7,4.1,0.6,4.7,2.9803424223208625,12.76595744680851,X,X,0.0,False,1140
크래프톤,2020,자율,정보통신업(58~63),415.6,16773259684.0,402495151.0,2.399623916774745,320.7,7.0,0.0,7.0,2.182725288431556,0.0,X,X,0.0,False,1141
그린카,2018,자율,"사업시설 관리, 사업 지원 및 임대 서비스업(74~76)",58.9,2090345303.0,185557290.0,8.876872626436112,21.7,1.0,0.9,1.9,8.755760368663594,47.36842105263158,X,X,0.0,False,1142
부산디지털대학교,2018,자율,교육 서비스업(85),124.3,1182031663.0,131906168.0,11.159275350139247,12.3,1.0,1.3,2.3,18.699186991869915,56.52173913043479,X,X,0.0,False,1143
부산디지털대학교,2019,자율,교육 서비스업(85),134.8,1111444745.0,95111030.0,8.557423158269554,12.3,1.0,1.3,2.3,18.699186991869915,56.52173913043479,X,X,0.0,False,1144
비바리퍼블리카,2019,자율,금융 및 보험업(64~66),152.7,11433662007.0,1780966025.0,15.576514540220307,84.8,5.5,1.2,6.7,7.900943396226416,17.91044776119403,X,X,0.0,False,1145
비바리퍼블리카,2020,자율,금융 및 보험업(64~66),263.2,30580865360.0,3924356356.0,12.83271846562291,142.3,11.5,1.4,12.9,9.065354884047785,10.852713178294572,X,X,0.0,False,1146
정보보호공시우수기업(고시성실성및다양한정보보호노력평가를통해공시연도에과학기술정보통신부장관표창을수여받은자)(주)비바리퍼블리카,2021,자율,금융 및 보험업(64~66),429.0,43196543661.0,6084787090.0,14.086282314049237,199.9,21.2,2.1,23.3,11.655827913956978,9.012875536480687,X,X,0.0,False,1147
커리어넷,2019,자율,"사업시설 관리, 사업 지원 및 임대 서비스업(74~76)",576.7,865087388.0,99257670.0,11.4737159941118,18.6,1.0,0.0,1.0,5.376344086021505,0.0,X,X,0.0,False,1148
커리어넷,2020,자율,"사업시설 관리, 사업 지원 및 임대 서비스업(74~76)",394.1,845222336.0,103306121.0,12.222360507993011,19.3,1.0,0.0,1.0,5.181347150259067,0.0,X,X,0.0,False,1149
커리어넷,2021,자율,"사업시설 관리, 사업 지원 및 임대 서비스업(74~76)",347.1,910193966.0,134947868.0,14.826275831408884,15.2,1.0,0.0,1.0,6.578947368421052,0.0,X,X,0.0,False,1150
후후앤컴퍼니,2019,자율,정보통신업(58~63),39.5,2509142794.0,354853447.0,14.142417396432958,15.5,1.0,0.4,1.4,9.032258064516128,28.571428571428577,X,X,0.0,False,1151
후후앤컴퍼니,2020,자율,정보통신업(58~63),47.3,2043693436.0,373816298.0,18.29121195063622,26.3,1.6,0.4,2.0,7.604562737642586,20.0,X,X,0.0,False,1152
후후앤컴퍼니,2021,자율,정보통신업(58~63),50.0,2132810653.0,379138437.0,17.776469583303417,22.0,2.0,3.1,5.1,23.18181818181818,60.7843137254902,X,X,0.0,False,1153
충북대학교병원,2019,자율,보건업 및 사회복지 서비스업(86~87),1866.8,3843080808.0,363995061.0,9.471439170425063,22.9,1.0,0.4,1.4,6.11353711790393,28.571428571428577,X,X,0.0,False,1154
충북대학교병원,2020,자율,보건업 및 사회복지 서비스업(86~87),2052.1,4419696418.0,496770324.0,11.239919601192844,23.7,1.0,0.4,1.4,5.9071729957805905,28.571428571428577,X,X,0.0,False,1155
충북대학교병원,2021,자율,보건업 및 사회복지 서비스업(86~87),2245.8,14360616105.0,1306396893.0,9.097081096298828,27.3,1.0,0.9,1.9,6.959706959706959,47.36842105263158,X,X,0.0,False,1156
케이티,2019,자율,정보통신업(58~63),23831.3,2170000000000.0,96881740193.0,4.464596322258065,4889.5,242.8,46.1,288.9,5.908579609367011,15.957078573901008,X,X,0.0,False,1157
케이티,2020,자율,정보통신업(58~63),23650.6,1940000000000.0,97137976541.0,5.007112192835052,4943.9,275.3,48.3,323.5,6.543417140314327,14.930448222565687,X,X,0.0,False,1158
케이티,2021,자율,정보통신업(58~63),23144.3,1910000000000.0,98924200687.0,5.179277522879581,5140.6,287.6,51.5,339.1,6.5965062444072675,15.187260395163667,X,X,0.0,False,1159
엔에이치엔,2019,자율,정보통신업(58~63),881.9,76466858094.0,4381736506.0,5.7302426374228315,649.3,34.9,0.3,35.3,5.436624056676421,0.84985835694051,X,X,0.0,False,1160
엔에이치엔,2020,자율,정보통신업(58~63),963.3,82606942421.0,5909339046.0,7.153562246479845,716.6,36.3,0.3,36.6,5.107451855986604,0.8196721311475409,X,X,0.0,False,1161
엔에이치엔,2021,자율,정보통신업(58~63),1000.5,91142217612.0,6456430303.0,7.083907405551136,755.1,32.3,0.4,32.7,4.330552244735797,1.2232415902140672,X,X,0.0,False,1162
에스케이텔레콤,2019,자율,정보통신업(58~63),4949.8,1350000000000.0,47408531189.0,3.511743051037037,1944.4,33.8,139.4,173.2,8.9076321744497,80.4849884526559,X,X,0.0,False,1163
에스케이텔레콤,2020,자율,정보통신업(58~63),5333.8,1430000000000.0,49352928777.0,3.4512537606293705,2256.5,33.8,145.0,178.8,7.92377575891868,81.09619686800895,X,X,0.0,False,1164
정보보호공시우수기업(고시성실성및다양한정보보호노력평가를통해공시연도에과학기술정보통신부장관표창을수여받은자)에스케이텔레콤,2021,자율,정보통신업(58~63),5496.5,1510000000000.0,55841962278.0,3.6981431972185432,2413.6,37.7,157.5,195.2,8.087504143188598,80.68647540983606,X,X,0.0,False,1165
에듀윌,2019,자율,교육 서비스업(85),353.3,6187682424.0,261050400.0,4.218871980040067,111.3,3.0,2.0,5.0,4.492362982929021,40.0,X,X,0.0,False,1166
에듀윌,2020,자율,교육 서비스업(85),403.7,7029902694.0,381343050.0,5.424585041916371,111.5,2.8,2.0,4.8,4.304932735426008,41.66666666666667,X,X,0.0,False,1167
에듀윌,2021,자율,교육 서비스업(85),490.8,8051574205.0,538911966.0,6.693249696007738,109.4,3.8,2.0,5.8,5.301645338208409,34.48275862068966,X,X,0.0,False,1168
스트리미,2019,자율,정보통신업(58~63),66.8,7057890547.0,621645684.0,8.807811340517803,29.8,6.8,0.0,6.8,22.81879194630872,0.0,X,X,0.0,False,1169
정보보호공시우수기업(고시성실성및다양한정보보호노력평가를통해공시연도에과학기술정보통신부장관표창을수여받은자)(주)스트리미,2020,자율,정보통신업(58~63),70.9,5184846235.0,916145106.0,17.66966780645521,30.3,5.6,0.0,5.6,18.48184818481848,0.0,X,X,0.0,False,1170
스트리미,2021,자율,정보통신업(58~63),56.6,5283943338.0,1203432710.0,22.77527658832741,22.6,5.3,0.0,5.3,23.451327433628315,0.0,X,X,0.0,False,1171
그린카,2019,자율,"사업시설 관리, 사업 지원 및 임대 서비스업(74~76)",62.3,2698273211.0,321837204.0,11.92752471054348,18.2,1.9,0.9,2.8,15.384615384615385,32.142857142857146,X,X,0.0,False,1172
그린카,2020,자율,"사업시설 관리, 사업 지원 및 임대 서비스업(74~76)",79.1,3690582739.0,408196886.0,11.060499516415257,24.1,1.6,0.9,2.5,10.373443983402488,36.0,X,X,0.0,False,1173
LG유플러스,2019,자율,정보통신업(58~63),9404.4,606000000000.0,18633106310.0,3.074770018151815,1837.6,26.5,25.3,51.8,2.8188942098389203,48.84169884169884,X,X,0.0,False,1174
LG유플러스,2020,자율,정보통신업(58~63),10653.8,675000000000.0,21448183085.0,3.177508605185185,1893.5,27.9,40.8,68.7,3.6282017428043307,59.3886462882096,X,X,0.0,False,1175
LG유플러스,2021,자율,정보통신업(58~63),10706.4,689000000000.0,22938231750.0,3.329206349782293,2214.3,41.9,35.5,77.4,3.4954613196043898,45.865633074935396,X,X,0.0,False,1176
에스케이브로드밴드,2019,자율,정보통신업(58~63),1668.0,341000000000.0,12467607848.0,3.656189984750733,1846.1,27.0,75.5,102.5,5.552245273820486,73.65853658536585,X,X,0.0,False,1177
정보보호공시우수기업(고시성실성및다양한정보보호노력평가를통해공시연도에과학기술정보통신부장관표창을수여받은자)에스케이브로드밴드,2020,자율,정보통신업(58~63),1758.3,378000000000.0,15803947347.0,4.180938451587302,1953.0,26.8,83.5,110.3,5.647721454173067,75.7026291931097,X,X,0.0,False,1178
에스케이브로드밴드,2021,자율,정보통신업(58~63),2218.5,435000000000.0,19534788841.0,4.490756055402299,2042.6,22.5,82.2,104.7,5.125820033290904,78.51002865329512,X,X,0.0,False,1179
토파스여행정보,2019,자율,정보통신업(58~63),72.8,12423510588.0,425092614.0,3.4216786872673612,46.5,2.0,0.9,2.9,6.236559139784946,31.03448275862069,X,X,0.0,False,1180
폴라리스오피스,2019,자율,정보통신업(58~63),181.0,8028350224.0,192775076.0,2.401179203962939,137.0,2.0,0.0,2.0,1.4598540145985401,0.0,X,X,0.0,False,1181
폴라리스오피스,2020,자율,정보통신업(58~63),212.0,7133571616.0,226903918.0,3.1807897952699267,133.0,2.0,0.0,2.0,1.5037593984962405,0.0,X,X,0.0,False,1182
폴라리스오피스,2021,자율,정보통신업(58~63),176.0,6970462483.0,257739908.0,3.6976012514032206,106.0,1.0,0.3,1.3,1.2264150943396228,23.076923076923077,X,X,0.0,False,1183
카사코리아,2019,자율,도매 및 소매업(45~47),11.6,325282687.0,0.0,0.0,4.6,0.0,0.0,0.0,0.0,,X,X,0.0,False,1184
카사코리아,2020,자율,도매 및 소매업(45~47),26.3,2802842606.0,278016123.0,9.919077239829855,17.0,1.0,0.0,1.0,5.88235294117647,0.0,X,X,0.0,False,1185
카사코리아,2021,자율,도매 및 소매업(45~47),62.3,3437493952.0,560857906.0,16.31589506284606,31.5,2.8,0.0,2.8,8.888888888888888,0.0,X,X,0.0,False,1186
메가스터디교육,2019,자율,교육 서비스업(85),1265.5,8223342603.0,496722472.0,6.0403961744070855,133.0,3.8,1.6,5.4,4.06015037593985,29.629629629629626,X,X,0.0,False,1187
메가스터디교육,2020,자율,교육 서비스업(85),1522.5,9625795677.0,608555910.0,6.322136168484143,136.2,5.0,1.6,6.6,4.845814977973569,24.242424242424246,X,X,0.0,False,1188
메가스터디교육,2021,자율,교육 서비스업(85),1613.1,9467425725.0,690071259.0,7.28890069005532,122.1,3.8,1.5,5.3,4.340704340704341,28.30188679245283,X,X,0.0,False,1189
테크빌교육,2019,자율,정보통신업(58~63),110.0,2125319802.0,169320327.0,7.96681642172927,35.5,2.8,0.0,2.8,7.887323943661971,0.0,X,X,0.0,False,1190
테크빌교육,2020,자율,정보통신업(58~63),115.0,2505566707.0,175222723.0,6.993336976839068,38.5,2.7,0.0,2.7,7.012987012987014,0.0,X,X,0.0,False,1191
테크빌교육,2021,자율,정보통신업(58~63),116.6,4810278656.0,327261493.0,6.803379105528476,40.5,3.0,0.0,3.0,7.4074074074074066,0.0,X,X,0.0,False,1192
에이스솔루션,2019,자율,정보통신업(58~63),45.0,94443665.0,8000000.0,8.470658143137499,1.0,0.0,0.0,0.0,0.0,,X,X,0.0,False,1193
에이스솔루션,2020,자율,정보통신업(58~63),47.0,108094329.0,15000000.0,13.876768687837455,1.0,0.0,0.0,0.0,0.0,,X,X,0.0,False,1194
에이스솔루션,2021,자율,정보통신업(58~63),46.6,80182650.0,0.0,0.0,1.0,0.0,0.0,0.0,0.0,,X,X,0.0,False,1195
건국대학교병원,2019,자율,보건업 및 사회복지 서비스업(86~87),1903.7,5910513544.0,798780981.0,13.514578302774972,31.0,1.0,1.0,2.0,6.451612903225806,50.0,X,X,0.0,False,1196
건국대학교병원,2020,자율,보건업 및 사회복지 서비스업(86~87),1979.4,6399290172.0,747757192.0,11.6850021158878,34.2,1.0,1.0,2.0,5.847953216374268,50.0,X,X,0.0,False,1197
건국대학교병원,2021,자율,보건업 및 사회복지 서비스업(86~87),2055.3,7382477254.0,743964705.0,10.077439853904087,31.0,1.0,1.0,2.0,6.451612903225806,50.0,X,X,0.0,False,1198
경상국립대학교병원,2019,자율,보건업 및 사회복지 서비스업(86~87),2243.4,4238615153.0,727010043.0,17.152065397714583,24.0,2.0,0.0,2.0,8.333333333333332,0.0,X,X,0.0,False,1199
경상국립대학교병원,2020,자율,보건업 및 사회복지 서비스업(86~87),2085.5,5257897622.0,621770566.0,11.825459731250735,25.0,2.0,0.0,2.0,8.0,0.0,X,X,0.0,False,1200
경상국립대학교병원,2021,자율,보건업 및 사회복지 서비스업(86~87),2122.6,4507656493.0,457232536.0,10.143464496685638,24.5,2.0,0.0,2.0,8.16326530612245,0.0,X,X,0.0,False,1201
한국중부발전,2020,자율,"전기, 가스, 증기 및 공기 조절 공급업(35)",2571.0,35867739479.0,6927342734.0,19.313574913344763,110.0,19.5,9.0,28.5,25.90909090909091,31.57894736842105,X,X,0.0,False,1202
한국중부발전,2021,자율,"전기, 가스, 증기 및 공기 조절 공급업(35)",2659.0,32693852380.0,6144529800.0,18.794144319801322,124.0,15.0,12.0,27.0,21.774193548387096,44.44444444444444,X,X,0.0,False,1203
백패커,2020,자율,도매 및 소매업(45~47),79.8,1425005918.0,122367945.0,8.587188548082928,10.8,0.0,0.0,0.0,0.0,,X,X,0.0,False,1204
백패커,2021,자율,도매 및 소매업(45~47),127.2,2863625900.0,352027279.0,12.29306101051817,23.3,1.3,0.0,1.3,5.579399141630901,0.0,X,X,0.0,False,1205
CJENM커머스부문,2020,자율,도매 및 소매업(45~47),1161.5,24019527186.0,1889406195.0,7.866125675035176,153.7,5.5,5.8,11.3,7.351984385165909,51.32743362831857,X,X,0.0,False,1206
CJENM커머스부문,2021,자율,도매 및 소매업(45~47),1106.0,37286283641.0,2448308526.0,6.56624443876686,156.8,5.3,7.3,12.6,8.035714285714285,57.936507936507944,X,X,0.0,False,1207
에스알,2020,자율,운수 및 창고업(49~52),643.3,32219310434.0,2163083604.0,6.713624763729789,52.6,3.0,3.2,6.2,11.787072243346007,51.61290322580645,X,X,0.0,False,1208
에스알,2021,자율,운수 및 창고업(49~52),667.8,26247265807.0,2522085455.0,9.608945455672469,51.1,2.2,4.0,6.2,12.13307240704501,64.51612903225806,X,X,0.0,False,1209
우리은행,2020,자율,금융 및 보험업(64~66),15073.6,350000000000.0,39643023236.0,11.326578067428573,944.5,30.0,55.0,85.0,8.999470619375332,64.70588235294117,X,X,0.0,False,1210
우리은행,2021,자율,금융 및 보험업(64~66),14924.7,317000000000.0,47055513509.0,14.84401057066246,939.9,28.0,53.8,81.8,8.703053516331524,65.77017114914425,X,X,0.0,False,1211
엔투비,2021,자율,도매 및 소매업(45~47),135.3,2939338327.0,189737686.0,6.4551155699607214,12.9,1.0,0.4,1.4,10.852713178294572,28.571428571428577,X,X,0.0,False,1212
메쉬코리아,2021,자율,정보통신업(58~63),223.8,8899544216.0,656653891.0,7.3785114727497865,75.0,4.0,0.6,4.6,6.133333333333333,13.043478260869565,X,X,0.0,False,1213
위메프,2021,자율,"사업시설 관리, 사업 지원 및 임대 서비스업(74~76)",1776.0,42835003282.0,3044741522.0,7.10806884256608,342.4,21.6,7.2,28.8,8.41121495327103,25.0,X,X,0.0,False,1214
삼성서울병원,2021,자율,보건업 및 사회복지 서비스업(86~87),6638.6,57584628812.0,3329605825.0,5.782108687146989,143.2,6.0,2.0,8.0,5.5865921787709505,25.0,X,X,0.0,False,1215
토스뱅크,2021,자율,금융 및 보험업(64~66),34.3,12708652800.0,889081878.0,6.995878257056484,18.0,2.5,0.0,2.5,13.88888888888889,0.0,X,X,0.0,False,1216
드림어스컴퍼니,2021,자율,제조업(10~34),291.3,10567065208.0,778112119.0,7.363559358097982,73.9,2.6,2.0,4.6,6.224627875507442,43.47826086956522,X,X,0.0,False,1217
티빙,2021,자율,정보통신업(58~63),70.0,2535130584.0,153571825.0,6.057748108489546,39.3,0.3,3.4,3.7,9.414758269720103,91.89189189189189,X,X,0.0,False,1218
에스에스지닷컴,2021,자율,도매 및 소매업(45~47),2767.0,67901981803.0,2948995815.0,4.343018770138031,341.5,7.6,2.5,10.1,2.9575402635431915,24.752475247524753,X,X,0.0,False,1219
토스증권,2021,자율,금융 및 보험업(64~66),71.6,9075275417.0,1441330914.0,15.881952312985103,46.7,7.2,0.4,7.6,16.27408993576017,5.2631578947368425,X,X,0.0,False,1220
토스페이먼츠,2021,자율,금융 및 보험업(64~66),56.0,14793824386.0,1522167058.0,10.28920594353201,111.7,2.6,7.1,9.7,8.683974932855863,73.1958762886598,X,X,0.0,False,1221
SK이노베이션,2021,자율,"전문, 과학 및 기술 서비스업(70~73)",2292.5,152000000000.0,8854569214.0,5.825374482894737,163.1,3.5,6.6,10.1,6.192519926425506,65.34653465346535,X,X,0.0,False,1222
SK에너지,2021,자율,제조업(10~34),2799.9,118000000000.0,8576084202.0,7.26786796779661,199.2,4.2,8.1,12.3,6.174698795180723,65.85365853658536,X,X,0.0,False,1223
에스케이지오센트릭,2021,자율,제조업(10~34),1003.6,40999946031.0,2774244382.0,6.766458619000126,71.4,1.5,2.9,4.4,6.162464985994398,65.9090909090909,X,X,0.0,False,1224
SK엔무브,2021,자율,제조업(10~34),289.3,13283327806.0,943177674.0,7.100462231866116,20.6,0.4,0.8,1.3,6.310679611650485,61.53846153846154,X,X,0.0,False,1225
SK트레이딩인터내셔널,2021,자율,도매 및 소매업(45~47),100.0,6057490452.0,415156221.0,6.853600914268515,7.1,0.2,0.3,0.4,5.633802816901409,74.99999999999999,X,X,0.0,False,1226
에스케이아이이테크놀로지,2021,자율,제조업(10~34),155.5,12415820225.0,384074926.0,3.0934317591570957,11.1,0.2,0.5,0.7,6.306306306306306,71.42857142857143,X,X,0.0,False,1227
SK인천석유화학,2021,자율,제조업(10~34),625.5,21078037442.0,1626873215.0,7.718333452422378,44.5,1.0,1.8,2.8,6.2921348314606735,64.28571428571429,X,X,0.0,False,1228
한미헬스케어,2021,자율,도매 및 소매업(45~47),297.3,8089040153.0,641605974.0,7.931793659870093,89.8,5.8,0.0,5.8,6.45879732739421,0.0,X,X,0.0,False,1229
씨제이올리브영,2021,자율,도매 및 소매업(45~47),9305.8,36253080818.0,2617577619.0,7.22029013793594,123.3,3.4,5.8,9.2,7.461476074614761,63.04347826086957,X,X,0.0,False,1230
현대홈쇼핑,2021,자율,도매 및 소매업(45~47),969.0,21974335775.0,2171409724.0,9.881571603499355,107.2,6.8,4.5,11.2,10.44776119402985,40.17857142857143,X,X,0.0,False,1231
대상,2021,자율,제조업(10~34),5103.8,13824799447.0,855513963.0,6.188255867868287,76.5,1.8,2.0,3.8,4.967320261437909,52.63157894736842,X,X,0.0,False,1232
이마트,2021,자율,도매 및 소매업(45~47),28327.8,53775987613.0,3481912716.0,6.474846619382718,260.4,4.0,9.0,13.0,4.992319508448541,69.23076923076923,X,X,0.0,False,1233
AJ네트웍스,2021,자율,"사업시설 관리, 사업 지원 및 임대 서비스업(74~76)",569.4,1977105002.0,50715026.0,2.5651154566245946,26.8,0.3,0.3,0.6,2.2388059701492535,50.0,X,X,0.0,False,1234
홈앤쇼핑,2021,자율,도매 및 소매업(45~47),481.8,17096296374.0,1347482059.0,7.88171911344054,81.5,4.3,0.3,4.6,5.644171779141104,6.521739130434782,X,X,0.0,False,1235
현대백화점,2021,자율,도매 및 소매업(45~47),3203.7,30970911689.0,1806507070.0,5.832915376015943,174.8,3.0,9.0,12.0,6.864988558352403,75.0,X,X,0.0,False,1236
롯데렌탈,2021,자율,"사업시설 관리, 사업 지원 및 임대 서비스업(74~76)",1061.1,21324537748.0,1943977121.0,9.1161512806172,74.9,4.4,0.5,4.9,6.5420560747663545,10.20408163265306,X,X,0.0,False,1237
씨제이대한통운,2021,자율,운수 및 창고업(49~52),6169.3,52553820976.0,4144761637.0,7.886698930783373,200.4,6.0,18.3,24.5,12.225548902195609,74.69387755102042,X,X,0.0,False,1238
팍스넷,2019,자율,정보통신업(58~63),73.5,2429198450.0,254341684.0,10.470189621601314,27.6,0.0,0.0,0.0,0.0,,X,X,0.0,False,1239
팍스넷,2020,자율,정보통신업(58~63),91.8,2677030828.0,507585232.0,18.960754082134162,29.0,0.0,0.4,0.4,1.3793103448275863,100.0,X,X,0.0,False,1240
한국동서발전,2019,자율,"전기, 가스, 증기 및 공기 조절 공급업(35)",2569.0,26752739981.0,13268753135.0,49.597735201790805,129.5,24.0,14.5,36.5,28.185328185328185,39.726027397260275,X,X,0.0,False,1241
부산은행,2019,자율,금융 및 보험업(64~66),3243.0,70506801043.0,6271404299.0,8.894750869742705,183.8,7.6,3.0,10.6,5.767138193688791,28.30188679245283,X,X,0.0,False,1242
넥스트소프트,2019,자율,정보통신업(58~63),13.0,222346451.0,7158397.0,3.21947886633909,2.0,0.0,0.0,0.0,0.0,,X,X,0.0,False,1243
넥스트소프트,2020,자율,정보통신업(58~63),13.3,601179292.0,4780795.0,0.7952361406353964,11.0,0.0,0.0,0.0,0.0,,X,X,0.0,False,1244
메인정보시스템,2019,자율,정보통신업(58~63),35.3,96476129.0,2114374.0,2.1916032721420655,2.0,0.0,0.0,0.0,0.0,,X,X,0.0,False,1245
메인정보시스템,2020,자율,정보통신업(58~63),40.6,88812759.0,2114374.0,2.3807097356360702,2.0,0.0,0.0,0.0,0.0,,X,X,0.0,False,1246
한국신용데이터,2020,자율,정보통신업(58~63),17.5,1085281211.0,83926916.0,7.73319533677986,7.3,0.7,0.0,0.7,9.58904109589041,0.0,X,X,0.0,False,1247
한국신용데이터,2021,자율,정보통신업(58~63),42.6,3790646346.0,486036670.0,12.821999881705661,18.6,4.1,0.0,4.1,22.04301075268817,0.0,X,X,0.0,False,1248
퀴즈톡,2020,자율,정보통신업(58~63),11.6,718541505.0,44353938.0,6.172773276332869,6.8,0.8,0.0,0.8,11.764705882352942,0.0,X,X,0.0,False,1249
디지털플러스시스템,2020,자율,정보통신업(58~63),159.5,32507640.0,1487640.0,4.576278068786292,1.0,0.0,0.0,0.0,0.0,,X,X,0.0,False,1250
피플인비즈,2020,자율,정보통신업(58~63),4.0,1528549408.0,0.0,0.0,33.7,0.0,0.0,0.0,0.0,,X,X,0.0,False,1251
웹투어,2020,자율,"사업시설 관리, 사업 지원 및 임대 서비스업(74~76)",187.2,841427770.0,79366834.0,9.432400121522019,17.9,1.0,0.0,1.0,5.5865921787709505,0.0,X,X,0.0,False,1252
케이쓰리아이,2020,자율,정보통신업(58~63),33.7,645159413.0,35187611.0,5.454095575600011,3.0,1.0,0.0,1.0,33.33333333333333,0.0,X,X,0.0,False,1253
삼지티엔씨,2020,자율,도매 및 소매업(45~47),10.9,26695112.0,0.0,0.0,1.0,0.0,0.0,0.0,0.0,,X,X,0.0,False,1254
경희대학교,2020,자율,교육 서비스업(85),950.0,5691549204.0,140530000.0,2.469099272676691,25.0,2.0,1.0,3.0,12.0,33.33333333333333,X,X,0.0,False,1255
경희대학교,2021,자율,교육 서비스업(85),1098.0,4984404000.0,110640000.0,2.219723762359552,25.0,2.0,1.0,3.0,12.0,33.33333333333333,X,X,0.0,False,1256
숙명여자대학교,2020,자율,교육 서비스업(85),1715.7,3515648533.0,152031150.0,4.324412653112045,11.3,0.2,1.0,1.1,9.734513274336283,90.9090909090909,X,X,0.0,False,1257
숙명여자대학교,2021,자율,교육 서비스업(85),1768.8,3939926290.0,265931813.0,6.749664674564254,11.6,0.8,0.7,1.5,12.931034482758621,46.666666666666664,X,X,0.0,False,1258
인천항만공사,2021,자율,부동산업(68),256.0,4900095000.0,816313000.0,16.6591259965368,8.0,2.0,0.0,2.0,25.0,0.0,X,X,0.0,False,1259
에이케이에스앤디,2021,자율,도매 및 소매업(45~47),845.2,9914642724.0,476574230.0,4.806771592952864,60.4,1.0,1.5,2.5,4.13907284768212,60.0,X,X,0.0,False,1260
바이오니아,2021,자율,제조업(10~34),465.6,638856182.0,71554667.0,11.200434309955538,4.0,0.0,0.0,0.0,0.0,,X,X,0.0,False,1261
라이징윙스,2021,자율,정보통신업(58~63),77.7,3282986294.0,280904873.0,8.556382751685042,48.6,4.0,0.0,4.0,8.23045267489712,0.0,X,X,0.0,False,1262
빗썸,2021,자율,정보통신업(58~63),249.6,25572615901.0,4683013165.0,18.31260901555587,117.1,7.1,3.0,10.1,8.625106746370625,29.7029702970297,X,X,0.0,False,1263
큐브릿지,2021,자율,도매 및 소매업(45~47),117.8,750526423.0,127116280.0,16.936949333761163,12.0,1.7,0.8,2.5,20.833333333333336,32.0,X,X,0.0,False,1264
케이에스아이,2020,자율,정보통신업(58~63),19.0,937276842.0,66631379.0,7.109039294923708,14.0,1.0,0.0,1.0,7.142857142857142,0.0,X,X,0.0,False,1265
에프원시큐리티,2020,자율,정보통신업(58~63),48.0,356414500.0,38000000.0,10.661743559815887,12.0,1.0,0.0,1.0,8.333333333333332,0.0,X,X,0.0,False,1266
코어닥스,2020,자율,정보통신업(58~63),17.0,1265415764.0,184187500.0,14.555492766881637,12.0,3.0,0.0,3.0,25.0,0.0,X,X,0.0,False,1267
코어닥스,2021,자율,정보통신업(58~63),20.8,996279107.0,138761964.0,13.92802107612601,7.8,0.8,0.0,0.8,10.256410256410257,0.0,X,X,0.0,False,1268
팜스토리,2022,의무,제조업(10~34),431.1,296229555.0,65954363.0,22.26461265824742,2.0,0.0,1.0,1.0,50.0,100.0,O,O,2.0,False,1269
SKC&C본사(분당),2021,자율,금융 및 보험업(64~66),4017.5,198000000000.0,10825599525.0,5.467474507575758,772.0,19.7,20.0,39.7,5.142487046632125,50.377833753148614,X,X,,False,1272
씨큐하이,2020,자율,정보통신업(58~63),14.0,224714629.0,23172854.0,10.312125251089016,7.0,1.0,0.0,1.0,14.285714285714285,0.0,X,X,0.0,False,1273
에이치아이엔티,2020,자율,정보통신업(58~63),9.0,390380000.0,42000000.0,10.758747886674522,8.0,1.0,0.0,1.0,12.5,0.0,X,X,0.0,False,1274
더화이트커뮤니케이션,2021,자율,정보통신업(58~63),257.9,1314039895.0,15403741.0,1.1722430238695303,18.7,0.0,0.0,0.0,0.0,,X,X,0.0,False,1373
삼립,2022,의무,제조업(10~34),3073.1,5139593859.0,377079418.0,7.336755166747117,38.3,1.0,1.6,2.6,6.7885117493472595,61.53846153846154,O,O,0.0,False,1374
심텍,2022,의무,제조업(10~34),2709.0,3856970798.0,266554052.0,6.910968891395791,18.0,0.0,0.0,0.0,0.0,,O,O,0.0,False,1375
숙명여자대학교,2022,자율,교육 서비스업(85),1802.9,4662713452.0,311435836.0,6.679283194347153,12.0,1.0,0.9,1.9,15.833333333333332,47.36842105263158,O,O,0.0,False,1376
알리바바코리아유한회사,2022,의무,정보통신업(58~63),,,,,,,,,,,O,O,0.0,False,1377
인천항만공사,2022,자율,부동산업(68),257.0,4280607000.0,743174000.0,17.361416266431373,8.0,2.0,0.0,2.0,25.0,0.0,O,O,0.0,False,1378
성도이엔지,2022,의무,건설업(41~42),384.5,514962778.0,111668937.0,21.684856026623343,2.0,0.7,0.0,0.7,35.0,0.0,O,O,0.0,False,1379
한신공영,2022,의무,건설업(41~42),1090.8,1520341169.0,97658796.0,6.423479018478122,7.4,0.0,0.5,0.5,6.756756756756756,100.0,X,O,0.0,False,1380
STX,2022,의무,도매 및 소매업(45~47),83.6,819808836.0,35384300.0,4.316164750388223,5.0,0.0,0.3,0.3,6.0,100.0,X,O,0.0,False,1381
KCTV제주방송,2022,의무,정보통신업(58~63),152.0,13769804087.0,913023235.0,6.630618919712738,49.6,0.0,0.0,0.0,0.0,,O,O,0.0,False,1382
엑세스바이오,2022,의무,제조업(10~34),85.0,451069756.0,49621101.0,11.000759935676113,2.0,0.0,0.0,0.0,0.0,,O,X,0.0,False,1383
더네이쳐홀딩스,2022,의무,제조업(10~34),358.2,1003008035.0,154617600.0,15.415389967439294,6.6,0.0,0.0,0.0,0.0,,O,O,0.0,False,1384
아름방송네트워크,2022,의무,정보통신업(58~63),16.0,1109569955.0,583194590.0,52.560416526419004,3.0,1.0,0.0,1.0,33.33333333333333,0.0,O,O,2.0,False,1385
한국중부발전,2023,자율,"전기, 가스, 증기 및 공기 조절 공급업(35)",2754.0,36271231034.0,7937024451.0,21.88242368603364,155.0,21.0,14.0,35.0,22.58064516129032,40.0,X,X,2.0,False,1386
대구가톨릭대학교의료원,2023,의무,교육 서비스업(85),2158.8,3750115235.0,375714532.0,10.018746317271502,20.5,2.0,0.0,2.0,9.75609756097561,0.0,O,O,7.0,False,1388
에이치디현대에너지솔루션,2023,의무,제조업(10~34),250.0,1423915000.0,51928000.0,3.6468468974622783,4.0,1.0,0.0,1.0,25.0,0.0,X,O,0.0,False,1389
디어유,2023,자율,정보통신업(58~63),75.6,6178416947.0,415817052.0,6.730155241496039,26.0,2.0,0.0,2.0,7.6923076923076925,0.0,O,O,8.0,False,1390
토스증권,2023,자율,금융 및 보험업(64~66),183.8,46260800993.0,4769004470.0,10.308953514924282,154.1,12.3,1.9,14.2,9.214795587280985,13.380281690140844,X,O,2.0,False,1391
남해화학,2023,의무,제조업(10~34),454.0,1738365108.0,220348700.0,12.675628323759474,7.0,0.0,0.0,0.0,0.0,,X,X,4.0,False,1392
스마일서브,2023,의무,정보통신업(58~63),64.2,5538208821.0,478342172.0,8.63712776929254,48.6,5.6,3.0,8.6,17.695473251028808,34.883720930232556,X,O,3.0,False,1393
콜마비앤에이치,2023,의무,제조업(10~34),496.0,1866224348.0,60382270.0,3.2355311441901735,5.9,0.0,0.0,0.0,0.0,,O,O,1.0,False,1394
메가스터디교육,2023,의무,교육 서비스업(85),1971.4,21944097313.0,659757386.0,3.0065369132734854,262.3,4.6,2.9,7.5,2.85932138772398,38.666666666666664,O,O,0.0,False,1395
고려아연,2023,의무,제조업(10~34),1647.2,14398165970.0,1949112405.0,13.537226956969159,47.8,6.5,1.0,7.5,15.690376569037658,13.333333333333334,O,X,2.0,False,1399
컴투스,2023,의무,정보통신업(58~63),1355.9,86243103477.0,6601278014.0,7.654267701255072,534.6,4.7,18.3,22.9,4.283576505798727,79.91266375545852,O,X,0.0,False,1400
컴투스플랫폼,2023,자율,정보통신업(58~63),175.8,20074446025.0,1670351354.0,8.320784304183556,169.4,6.2,1.4,7.5,4.427390791027155,18.666666666666664,O,O,0.0,False,1401
(학)일송학원한림대성심병원,2023,의무,보건업 및 사회복지 서비스업(86~87),1866.8,3392324069.0,289462746.0,8.532874221693353,22.0,3.0,0.0,3.0,13.636363636363635,0.0,O,O,1.0,False,1402
HD현대미포,2023,의무,제조업(10~34),3103.0,4687501204.0,209954000.0,4.4790175162160875,24.0,2.0,1.0,3.0,12.5,33.33333333333333,X,O,10.0,False,1403
씨엠비,2023,의무,정보통신업(58~63),301.3,28865087221.0,548616109.0,1.900621691525219,95.6,8.4,0.0,8.4,8.786610878661088,0.0,O,O,0.0,False,1404
한화엔진,2023,의무,제조업(10~34),760.0,6776722348.0,282408693.0,4.16733456821271,26.0,0.0,0.0,0.0,0.0,,X,O,1.0,False,1405
크래프톤,2023,의무,정보통신업(58~63),1694.7,250368422140.0,6443565101.0,2.5736333064386665,897.3,39.5,0.2,39.7,4.42438426390282,0.5037783375314862,O,X,0.0,False,1406
대한유화,2023,의무,제조업(10~34),846.0,1573378930.0,97662500.0,6.2071823982033365,6.0,0.0,0.0,0.0,0.0,,X,O,0.0,False,1407
삼성서울병원,2023,의무,보건업 및 사회복지 서비스업(86~87),7131.4,42945812548.0,3012847453.0,7.015462682496874,144.2,7.0,0.0,7.0,4.8543689320388355,0.0,O,X,7.0,False,1408
나이스평가정보,2023,자율,정보통신업(58~63),804.2,53245631189.0,4353471905.0,8.176204897537927,165.0,14.0,0.0,14.0,8.484848484848486,0.0,O,O,0.0,False,1409
일진전기,2023,의무,제조업(10~34),795.3,3619097911.0,2415636.0,0.06674690929631497,0.0,0.0,0.0,0.0,,,X,X,0.0,True,1410
울산대학교병원,2023,의무,보건업 및 사회복지 서비스업(86~87),3080.2,6704479002.0,672556736.0,10.031454133861422,38.3,1.0,1.0,2.0,5.221932114882507,50.0,O,O,3.0,False,1412
대웅제약,2023,의무,제조업(10~34),1667.8,10612503912.0,1391375049.0,13.110714121167147,34.0,0.0,4.3,4.3,12.647058823529411,100.0,O,O,3.0,False,1413
HDC현대EP,2023,의무,제조업(10~34),368.1,1406374070.0,30057571.0,2.1372387077642863,3.4,0.0,0.0,0.0,0.0,,O,O,0.0,False,1414
STX엔진,2023,의무,제조업(10~34),869.0,5381296696.0,1173727090.0,21.811231684594706,22.0,1.0,3.4,4.4,20.0,77.27272727272727,X,X,0.0,False,1415
한섬,2023,의무,제조업(10~34),1559.2,15619760956.0,642563759.0,4.113787405646389,81.0,2.9,0.0,2.9,3.580246913580247,0.0,O,X,0.0,False,1416
에스피삼화,2023,의무,제조업(10~34),888.0,4709482473.0,252250531.0,5.356226134106689,2.0,0.0,0.0,0.0,0.0,,X,O,0.0,False,1417
해태제과식품,2023,의무,제조업(10~34),1568.6,2242922828.0,382440197.0,17.05097439045727,13.8,2.0,0.0,2.0,14.492753623188406,0.0,X,O,0.0,False,1418
정보보호공시우수기업(고시성실성및다양한정보보호노력평가를통해공시연도에과학기술정보통신부장관표창을수여받은자)(주)지니뮤직,2023,의무,정보통신업(58~63),243.1,14981762755.0,2738000357.0,18.275555432128453,84.9,5.0,5.1,10.1,11.896348645465253,50.495049504950494,O,O,0.0,False,1419
엔투비,2023,자율,도매 및 소매업(45~47),142.5,4130769465.0,582373456.0,14.098425509688909,14.7,1.0,0.7,1.7,11.564625850340136,41.17647058823529,O,O,1.0,False,1420
하나머티리얼즈,2023,의무,제조업(10~34),766.4,3152832991.0,162970823.0,5.169028092043331,19.5,0.0,0.2,0.2,1.0256410256410255,100.0,O,O,0.0,True,1421
아토리서치,2023,의무,정보통신업(58~63),86.0,74416746.0,9175000.0,12.3292141798299,32.0,7.0,0.0,7.0,21.875,0.0,O,O,1.0,False,1422
에이치제이중공업,2023,의무,건설업(41~42),2361.7,6390317614.0,754304473.0,11.803865137273597,38.1,0.0,0.0,0.0,0.0,,X,O,0.0,False,1423
(의료)길의료재단,2023,의무,보건업 및 사회복지 서비스업(86~87),3223.5,9273889954.0,967946690.0,10.43733206670742,48.2,1.0,1.0,2.0,4.149377593360995,50.0,X,O,7.0,False,1424
영남대학교의료원,2023,의무,보건업 및 사회복지 서비스업(86~87),2784.3,8362116958.0,427973083.0,5.117999247673283,38.1,2.0,0.0,2.0,5.2493438320209975,0.0,O,O,2.0,False,1425
케이티,2023,의무,정보통신업(58~63),21065.2,1912656891430.0,103471383928.0,5.409824647150358,4569.9,242.8,61.0,303.8,6.647847874132914,20.07899934167215,O,O,0.0,False,1426
현대그린푸드,2023,의무,숙박 및 음식점업(55~56),6540.0,7349692382.0,672281463.0,9.147069401795271,41.5,2.5,3.0,5.5,13.253012048192772,54.54545454545454,O,X,0.0,False,1428
커리어넷,2023,자율,"사업시설 관리, 사업 지원 및 임대 서비스업(74~76)",276.0,916493205.0,108293895.0,11.816115428809972,12.3,1.8,0.0,1.8,14.634146341463413,0.0,X,X,1.0,False,1429
케이티알파,2023,의무,도매 및 소매업(45~47),634.9,59243570127.0,2135424402.0,3.6044829800471287,274.8,6.7,2.4,9.1,3.311499272197962,26.373626373626376,X,O,0.0,False,1430
한국디지털거래소,2023,자율,정보통신업(58~63),48.5,2565585462.0,335384409.0,13.072431769181891,20.0,1.5,0.4,1.9,9.5,21.05263157894737,O,O,0.0,False,1432
비에이치,2023,의무,제조업(10~34),1503.3,1437957440.0,116101681.0,8.074069354931673,8.6,0.0,0.0,0.0,0.0,,O,O,0.0,True,1433
카카오모빌리티,2023,의무,정보통신업(58~63),823.3,66612204685.0,2819310003.0,4.2324225963277025,329.3,9.9,2.3,12.2,3.7048284239295475,18.852459016393443,X,X,0.0,False,1434
에스케이하이닉스,2023,의무,제조업(10~34),30347.3,804847602410.0,58979447151.0,7.328026694046744,1677.1,28.8,83.2,112.0,6.678194502414883,74.28571428571429,O,O,6.0,False,1435
그립컴퍼니,2023,자율,정보통신업(58~63),114.1,4565133781.0,185160671.0,4.055974696089635,28.5,0.7,0.4,1.1,3.8596491228070176,36.36363636363637,O,O,0.0,False,1437
스트리미,2023,자율,정보통신업(58~63),110.8,12589045471.0,1898140750.0,15.077717801341953,59.4,4.8,0.0,4.8,8.08080808080808,0.0,O,O,0.0,False,1438
디에이치오토웨어,2023,의무,제조업(10~34),319.4,905670690.0,25662315.0,2.833515016368698,4.4,0.0,0.0,0.0,0.0,,X,X,0.0,True,1440
에스알,2023,자율,운수 및 창고업(49~52),734.3,29153143378.0,2264597982.0,7.767937586136754,53.5,3.1,7.3,10.4,19.439252336448597,70.1923076923077,X,X,1.0,False,1441
비에이치아이,2023,의무,제조업(10~34),423.0,1916348237.0,91580033.0,4.778882628523012,7.0,0.0,0.0,0.0,0.0,,X,O,1.0,False,1442
에이치에스화성,2023,의무,건설업(41~42),419.8,910210602.0,102191325.0,11.227217610458025,2.0,0.0,0.0,0.0,0.0,,O,O,0.0,False,1443
동국제강,2023,의무,제조업(10~34),2544.6,28080219770.0,1589160238.0,5.659358263633703,146.6,0.3,6.5,6.8,4.638472032742155,95.58823529411765,X,O,0.0,False,1444
LF,2023,의무,제조업(10~34),1172.5,37454952447.0,2166076096.0,5.783150036207013,195.1,4.4,8.3,12.7,6.509482316760636,65.35433070866142,O,X,3.0,False,1445
에이치디현대일렉트릭,2023,의무,제조업(10~34),2094.0,2657911000.0,87115000.0,3.27757400454718,18.0,3.0,0.0,3.0,16.666666666666664,0.0,O,O,0.0,False,1446
LB세미콘,2023,의무,제조업(10~34),662.0,7345858389.0,1187079711.0,16.15985019228772,12.0,2.0,0.0,2.0,16.666666666666664,0.0,O,O,2.0,False,1447
에이비클,2023,의무,정보통신업(58~63),19.8,1167008283.0,104553843.0,8.959134611386473,13.2,1.8,0.0,1.8,13.636363636363638,0.0,O,O,3.0,False,1448
한솔케미칼,2023,의무,제조업(10~34),634.4,2685538580.0,204664612.0,7.620989455306949,6.7,2.0,0.1,2.1,31.343283582089555,4.761904761904762,O,O,0.0,True,1450
티피,2023,의무,제조업(10~34),377.6,2494492898.0,102325985.0,4.102075619539407,14.8,1.0,0.0,1.0,6.756756756756756,0.0,O,O,2.0,False,1451
태웅,2023,의무,제조업(10~34),451.1,683254386.0,68650000.0,10.047502278309562,7.3,0.0,0.4,0.4,5.479452054794521,100.0,X,O,0.0,True,1452
계명대학교동산병원,2023,의무,교육 서비스업(85),3122.4,10124878860.0,975908501.0,9.63871780091599,52.4,2.8,1.2,4.0,7.633587786259542,30.0,O,X,5.0,False,1453
세진중공업,2023,의무,제조업(10~34),254.9,1212924239.0,105675819.0,8.712483072077513,8.0,0.0,0.0,0.0,0.0,,X,O,0.0,False,1454
폴라리스오피스,2023,자율,정보통신업(58~63),140.9,7489452517.0,215508261.0,2.8774901838395617,98.0,1.0,0.5,1.5,1.530612244897959,33.33333333333333,O,O,3.0,False,1455
서경방송,2023,의무,정보통신업(58~63),134.3,4233177033.0,354834293.0,8.3822219159243,21.0,1.2,0.0,1.2,5.714285714285714,0.0,O,O,3.0,False,1456
지에스리테일,2023,의무,도매 및 소매업(45~47),8056.7,203309083830.0,3806559982.0,1.8723019701288475,551.8,13.5,5.0,18.5,3.3526640086988047,27.027027027027028,X,X,1.0,False,1457
현대리바트,2023,의무,제조업(10~34),880.6,6137281239.0,300783843.0,4.9009297649362615,30.5,2.8,0.0,2.8,9.180327868852459,0.0,O,X,0.0,False,1458
지에스건설,2023,의무,건설업(41~42),5935.7,32795896109.0,1192777071.0,3.63697051312671,137.8,4.0,2.5,6.5,4.716981132075471,38.46153846153847,O,O,2.0,False,1459
인제대학교부산백병원,2023,의무,보건업 및 사회복지 서비스업(86~87),2338.0,4591684890.0,379229626.0,8.259051635400878,21.0,1.0,0.0,1.0,4.761904761904762,0.0,O,O,2.0,False,1460
극동유화,2023,의무,제조업(10~34),120.4,822462287.0,76504653.0,9.301904076241248,2.1,0.0,0.0,0.0,0.0,,X,O,1.0,False,1461
나이스홀딩스,2023,의무,금융 및 보험업(64~66),56.3,8539309085.0,1074774989.0,12.586205491588668,35.0,2.0,3.1,5.1,14.571428571428571,60.7843137254902,O,O,0.0,False,1462
벽산,2023,의무,제조업(10~34),365.0,1886844692.0,124156065.0,6.580089263647778,6.4,0.0,0.1,0.1,1.5625,100.0,X,O,0.0,True,1463
유한양행,2023,의무,제조업(10~34),1932.3,8316167202.0,641860242.0,7.7182219453889225,14.7,3.3,0.0,3.3,22.448979591836736,0.0,X,O,0.0,False,1464
코오롱베니트,2023,자율,정보통신업(58~63),513.2,3029071941.0,109984886.0,3.6309763565301862,19.9,0.6,0.4,1.1,5.527638190954775,36.36363636363637,O,O,0.0,False,1465
케이씨텍,2023,의무,제조업(10~34),801.7,4652252646.0,1301293344.0,27.971252703114697,12.8,2.3,3.0,5.3,41.40624999999999,56.60377358490566,O,O,12.0,False,1466
신세계푸드,2023,의무,제조업(10~34),3945.1,13042160247.0,966101001.0,7.407522854369357,41.9,1.0,3.3,4.3,10.26252983293556,76.74418604651163,O,O,0.0,False,1467
카카오게임즈,2023,의무,정보통신업(58~63),463.8,69408622718.0,3764761743.0,5.424054815632684,220.3,17.1,0.9,18.0,8.170676350431231,5.0,O,X,0.0,False,1468
엘아이지디펜스앤에어로스페이스,2023,의무,제조업(10~34),3633.0,32738193285.0,4370723297.0,13.350532996585917,90.5,20.2,8.0,28.2,31.160220994475136,28.368794326241137,O,X,5.0,False,1470
셀트리온헬스케어,2023,의무,도매 및 소매업(45~47),161.0,3377350327.0,342545633.0,10.14243711295041,7.0,2.0,0.0,2.0,28.57142857142857,0.0,X,X,1.0,False,1471
휴비스,2023,의무,제조업(10~34),953.3,4694951824.0,764224213.0,16.277573053963675,22.0,2.0,3.0,5.0,22.727272727272727,60.0,X,O,12.0,False,1472
휴마시스,2023,의무,제조업(10~34),252.6,557745922.0,81400248.0,14.59450348074441,1.6,0.0,0.0,0.0,0.0,,O,O,0.0,True,1474
원주세브란스기독병원,2023,의무,보건업 및 사회복지 서비스업(86~87),2283.6,4846558275.0,349296872.0,7.207111772528929,20.3,1.0,0.0,1.0,4.926108374384236,0.0,O,O,3.0,False,1475
(의)삼성의료재단강북삼성병원,2023,의무,보건업 및 사회복지 서비스업(86~87),3196.7,13881538985.0,1683240108.0,12.12574563828162,42.2,3.0,0.0,3.0,7.109004739336493,0.0,O,O,3.0,False,1476
에이치디씨랩스,2023,의무,건설업(41~42),5604.9,1768518413.0,59445418.0,3.3613117942696813,1.9,0.0,0.0,0.0,0.0,,X,O,0.0,False,1477
신세계인터내셔날,2023,의무,도매 및 소매업(45~47),1317.5,23743674008.0,615954203.0,2.594182361131076,147.1,3.0,2.0,5.0,3.399048266485384,40.0,O,X,0.0,False,1478
신세계,2023,의무,도매 및 소매업(45~47),2559.0,37783260150.0,2045171635.0,5.412904092660728,149.6,3.0,4.0,7.0,4.679144385026738,57.14285714285714,O,X,0.0,False,1479
삼성물산,2023,의무,건설업(41~42),10030.5,152964874675.0,12794276503.0,8.36419245279913,531.6,19.3,13.3,32.6,6.132430398796087,40.79754601226994,O,X,0.0,False,1480
토스뱅크,2023,자율,금융 및 보험업(64~66),318.0,67351185835.0,6601384575.0,9.801437781915782,192.1,15.7,1.6,17.3,9.005726184279023,9.248554913294797,O,O,4.0,False,1481
디에이피,2023,의무,제조업(10~34),981.2,815731742.0,46474497.0,5.697277009970761,6.1,0.0,0.0,0.0,0.0,,O,O,0.0,False,1482
하이스틸,2023,의무,제조업(10~34),211.7,253686320.0,5982774.0,2.35833528587588,2.0,0.0,0.0,0.0,0.0,,O,O,0.0,True,1483
화신,2023,의무,제조업(10~34),985.0,3917171943.0,540442833.0,13.79676054215014,8.0,0.0,0.0,0.0,0.0,,X,O,0.0,False,1484
한양이엔지,2023,의무,건설업(41~42),1872.7,4310322604.0,400849622.0,9.299759178767957,7.6,0.0,0.0,0.0,0.0,,O,O,0.0,False,1485
에스티아이,2023,의무,제조업(10~34),397.8,1763974315.0,122398841.0,6.938810840905016,2.1,0.0,0.0,0.0,0.0,,O,O,0.0,True,1486
한국카본,2023,의무,제조업(10~34),533.9,1226646811.0,161795795.0,13.190088096189573,5.2,1.0,0.0,1.0,19.23076923076923,0.0,X,O,0.0,True,1487
신도리코,2023,의무,제조업(10~34),387.9,2546738743.0,45326629.0,1.7797910808317254,13.2,0.0,0.0,0.0,0.0,,O,O,0.0,False,1488
효성ITX,2023,의무,"사업시설 관리, 사업 지원 및 임대 서비스업(74~76)",8848.7,3593247936.0,448055454.0,12.469372055043184,44.6,5.4,0.0,5.4,12.10762331838565,0.0,O,O,0.0,False,1489
아이파크현대산업개발,2023,의무,건설업(41~42),1892.0,11622966758.0,244080008.0,2.099980263920153,33.8,0.8,1.0,1.8,5.325443786982249,55.55555555555556,X,O,0.0,False,1490
인천도시가스,2023,의무,"전기, 가스, 증기 및 공기 조절 공급업(35)",204.6,2042270341.0,129601211.0,6.345938066972104,6.9,0.0,0.0,0.0,0.0,,O,O,0.0,False,1491
대원전선,2023,의무,제조업(10~34),155.0,350457238.0,3348000.0,0.9553233995412587,2.8,0.0,0.0,0.0,0.0,,O,O,0.0,False,1492
에스앤티모티브,2023,의무,제조업(10~34),702.0,2491284829.0,108553654.0,4.357336131797237,10.5,1.0,0.0,1.0,9.523809523809524,0.0,O,O,0.0,False,1493
원익아이피에스,2023,의무,제조업(10~34),1644.0,7161887230.0,772873858.0,10.79148321077376,16.8,1.7,0.0,1.7,10.119047619047619,0.0,X,O,0.0,False,1494
아이디스파워텔,2023,의무,정보통신업(58~63),128.4,7163746408.0,205249388.0,2.86511241898221,28.3,0.0,0.9,0.9,3.180212014134275,100.0,O,O,0.0,False,1495
테스,2023,의무,제조업(10~34),407.2,4533726979.0,47185672.0,1.0407700379524771,31.1,0.0,0.0,0.0,0.0,,O,O,0.0,False,1496
한국케이블텔레콤,2023,의무,정보통신업(58~63),79.3,9924306795.0,740747588.0,7.463973084479801,35.4,3.2,0.0,3.2,9.039548022598872,0.0,O,O,0.0,False,1497
체리부로,2023,의무,제조업(10~34),382.5,798233595.0,254994042.0,31.94478954497023,1.7,0.0,0.0,0.0,0.0,,O,O,0.0,False,1498
분당서울대학교병원,2023,자율,보건업 및 사회복지 서비스업(86~87),5497.8,23731863463.0,1633679766.0,6.883908499419129,93.3,4.5,1.0,5.5,5.894962486602358,18.181818181818183,X,X,10.0,False,1499
퍼시스,2023,의무,제조업(10~34),226.7,2835830090.0,82301181.0,2.902190130862177,11.5,0.0,0.6,0.6,5.217391304347826,100.0,X,O,0.0,False,1500
케이티아이에스,2023,의무,"사업시설 관리, 사업 지원 및 임대 서비스업(74~76)",7960.2,14908022842.0,1018052295.0,6.828888751980354,45.8,2.2,0.0,2.2,4.80349344978166,0.0,O,O,0.0,False,1501
빙그레,2023,의무,제조업(10~34),1944.9,7447850155.0,504758059.0,6.777231664108312,24.4,0.0,1.0,1.0,4.0983606557377055,100.0,O,O,0.0,False,1502
포스코인터내셔널,2023,의무,도매 및 소매업(45~47),1548.0,22546228410.0,2623579300.0,11.63644425262877,78.8,5.0,3.0,8.0,10.152284263959391,37.5,O,O,1.0,False,1503
삼양식품,2023,의무,제조업(10~34),1925.8,3849946011.0,135398904.0,3.5169039673060496,10.6,0.4,0.0,0.4,3.773584905660378,0.0,O,O,0.0,False,1504
디비아이엔씨(DBInc.),2023,의무,정보통신업(58~63),415.3,3197889717.0,548514515.0,17.152389967799504,14.7,3.1,0.3,3.4,23.12925170068027,8.823529411764707,O,O,0.0,False,1505
피씨디렉트,2023,의무,도매 및 소매업(45~47),93.5,169346412.0,308444.0,0.18213790086086973,2.0,0.0,0.0,0.0,0.0,,O,O,0.0,True,1506
토스페이먼츠,2023,자율,금융 및 보험업(64~66),224.3,47732343924.0,4354309541.0,9.12234594624765,141.7,8.8,3.1,11.9,8.39802399435427,26.05042016806723,O,O,1.0,False,1507
자이에스앤디,2023,의무,건설업(41~42),2914.6,10796673479.0,355044004.0,3.2884573631922467,9.0,0.0,0.0,0.0,0.0,,O,O,0.0,False,1508
에스에스지닷컴,2023,자율,도매 및 소매업(45~47),3512.8,63785214638.0,3054795448.0,4.789190512780853,492.2,10.8,0.3,11.1,2.255180820804551,2.7027027027027026,O,O,0.0,False,1509
신라교역,2023,의무,"농업, 임업 및 어업(01~03)",540.5,605116705.0,147037733.0,24.299070209935785,4.1,1.0,0.0,1.0,24.39024390243903,0.0,O,O,0.0,False,1510
에이스침대,2023,의무,제조업(10~34),611.0,998377633.0,119998166.0,12.01931634219614,7.0,1.0,0.0,1.0,14.285714285714285,0.0,X,X,0.0,True,1511
계룡건설산업,2023,의무,건설업(41~42),1653.0,1408587463.0,364077540.0,25.846995629550058,12.0,2.0,0.0,2.0,16.666666666666664,0.0,X,O,0.0,False,1512
동원개발,2023,의무,건설업(41~42),276.3,974541747.0,56596900.0,5.8075398179940665,3.6,0.0,0.0,0.0,0.0,,O,O,0.0,False,1513
파트론,2023,의무,제조업(10~34),519.0,956634592.0,70993481.0,7.421170172361904,9.0,0.0,1.0,1.0,11.11111111111111,100.0,X,O,0.0,False,1514
줌인터넷,2023,의무,정보통신업(58~63),110.1,8857654051.0,327224211.0,3.6942536829269983,60.3,2.5,0.0,2.5,4.1459369817578775,0.0,O,O,0.0,False,1515
고려대학교구로병원,2023,의무,보건업 및 사회복지 서비스업(86~87),3014.3,7817486788.0,197957711.0,2.532242348063435,12.6,0.0,0.6,0.6,4.761904761904762,100.0,O,O,0.0,False,1516
한국정보통신,2023,의무,정보통신업(58~63),259.8,20849317000.0,3164342000.0,15.177197411310884,102.8,3.0,1.7,4.7,4.571984435797666,36.170212765957444,O,O,1.0,False,1517
이엔에프테크놀로지,2023,의무,제조업(10~34),554.5,2045383466.0,115547960.0,5.649207687493842,4.7,0.0,0.2,0.2,4.25531914893617,100.0,O,O,0.0,False,1518
한국알콜산업,2023,의무,제조업(10~34),182.6,1023318008.0,64442084.0,6.29736636081948,4.0,0.0,0.0,0.0,0.0,,O,O,0.0,False,1519
진성티이씨,2023,의무,제조업(10~34),234.3,1431846159.0,140677045.0,9.82487148607143,5.0,0.0,0.0,0.0,0.0,,O,O,0.0,False,1520
디엘이앤씨,2023,의무,건설업(41~42),5538.3,56616115381.0,2650520436.0,4.681565342594129,260.7,6.2,5.5,11.7,4.487917146144994,47.00854700854701,X,X,0.0,False,1521
원일특강,2023,의무,제조업(10~34),152.1,387746680.0,12091146.0,3.1183106454966936,2.0,0.0,0.0,0.0,0.0,,O,O,6.0,False,1522
삼호개발,2023,의무,건설업(41~42),1122.6,609245155.0,39939939.0,6.555643269744181,1.5,0.0,0.0,0.0,0.0,,X,O,0.0,False,1523
금호건설,2023,의무,건설업(41~42),1209.6,6249490030.0,654946847.0,10.480004670077056,17.0,0.0,0.5,0.5,2.941176470588235,100.0,O,O,0.0,False,1524
나무가,2023,의무,제조업(10~34),130.2,896279794.0,14274999.0,1.5926945018242817,3.8,0.0,0.0,0.0,0.0,,X,X,0.0,True,1525
동화약품,2023,의무,제조업(10~34),762.1,2365040894.0,113178223.0,4.785465794148759,5.8,0.0,0.0,0.0,0.0,,O,O,0.0,False,1526
에스에프에이,2023,의무,제조업(10~34),685.0,4515838367.0,759743277.0,16.823969665342982,12.0,3.0,0.0,3.0,25.0,0.0,O,X,0.0,False,1527
카프로,2023,의무,제조업(10~34),242.7,333721257.0,39916563.0,11.961048978069742,2.0,0.0,0.0,0.0,0.0,,X,O,0.0,False,1528
조일알미늄,2023,의무,제조업(10~34),399.1,607969637.0,11121833.0,1.8293402043694496,4.0,0.0,0.0,0.0,0.0,,X,X,0.0,True,1529
대영포장,2023,의무,제조업(10~34),359.0,848776122.0,73460251.0,8.654844204017323,3.0,0.0,0.0,0.0,0.0,,O,O,0.0,False,1530
동아쏘시오홀딩스,2023,자율,금융 및 보험업(64~66),98.3,3290817342.0,514552726.0,15.636015996174363,14.1,3.8,0.1,3.9,27.659574468085108,2.5641025641025643,O,O,2.0,False,1531
힐링페이퍼,2023,자율,정보통신업(58~63),111.8,5707993093.0,325056766.0,5.694764529386581,44.2,2.0,0.0,2.0,4.524886877828054,0.0,X,X,0.0,False,1532
동아제약,2023,자율,제조업(10~34),948.2,4329524448.0,432058053.0,9.979342031423032,31.9,1.0,1.4,2.4,7.523510971786834,58.333333333333336,X,O,0.0,False,1533
남인천방송,2023,의무,정보통신업(58~63),90.0,3225596175.0,360405847.0,11.1733095975661,12.0,1.0,0.0,1.0,8.333333333333332,0.0,O,O,0.0,False,1534
네이트커뮤니케이션즈,2023,의무,정보통신업(58~63),186.3,13046704221.0,1169093140.0,8.960831181550246,111.6,5.7,3.0,8.7,7.795698924731183,34.48275862068966,O,O,2.0,False,1535
삼부토건,2023,의무,건설업(41~42),466.9,999606686.0,64863263.0,6.48887846674527,2.2,0.0,0.0,0.0,0.0,,O,O,1.0,False,1536
우리은행,2023,자율,금융 및 보험업(64~66),13628.5,394111113465.0,41216572315.0,10.458109631222143,1011.3,28.0,45.6,73.6,7.277761297340057,61.956521739130444,O,O,3.0,False,1537
삼보산업,2023,의무,제조업(10~34),135.8,73018568.0,6304509.0,8.634117557605347,0.0,0.0,0.0,0.0,,,O,O,0.0,False,1538
아세아제지,2023,의무,제조업(10~34),273.0,700584831.0,42071998.0,6.005268189998821,6.0,0.0,0.0,0.0,0.0,,O,O,0.0,False,1539
동아에스티,2023,의무,제조업(10~34),1649.0,8389759971.0,913981329.0,10.89401046226904,42.6,1.0,2.5,3.5,8.215962441314554,71.42857142857143,O,O,0.0,False,1540
에이치엘만도,2023,의무,제조업(10~34),3686.6,28368474236.0,1983976281.0,6.993595300526617,104.4,2.0,2.0,4.0,3.8314176245210727,50.0,O,O,0.0,False,1541
성도이엔지,2023,의무,건설업(41~42),486.6,775777652.0,126769240.0,16.340924448285087,2.4,1.0,0.0,1.0,41.66666666666667,0.0,X,O,0.0,True,1542
코웨이,2023,의무,"사업시설 관리, 사업 지원 및 임대 서비스업(74~76)",6462.7,75319796978.0,3136229747.0,4.1638850246981605,342.3,10.2,2.2,12.4,3.6225533158048497,17.741935483870968,O,O,0.0,False,1543
신세계건설,2023,의무,건설업(41~42),867.1,6597342387.0,354279007.0,5.370026083504524,21.2,1.1,0.7,1.8,8.49056603773585,38.888888888888886,X,O,0.0,False,1544
와이어블,2023,의무,정보통신업(58~63),168.4,303995593.0,18599708.0,6.118413696872244,2.0,0.0,0.0,0.0,0.0,,O,O,0.0,True,1545
티케이지휴켐스,2023,의무,제조업(10~34),272.5,2027092290.0,304035857.0,14.998619377117754,7.5,0.0,1.5,1.5,20.0,100.0,O,O,0.0,False,1546
현대자동차,2023,의무,제조업(10~34),71371.2,452925607953.0,21037913728.0,4.644893854220559,1986.5,40.3,58.4,98.7,4.968537628995722,59.1691995947315,O,O,0.0,False,1547
카카오엔터테인먼트,2023,의무,정보통신업(58~63),1318.4,77872583447.0,2710483348.0,3.480664475251103,345.4,13.3,4.4,17.6,5.095541401273886,25.0,X,X,2.0,False,1548
호전실업,2023,의무,제조업(10~34),160.0,780562790.0,24713500.0,3.1661130041825336,7.0,0.0,0.0,0.0,0.0,,O,O,0.0,False,1549
대창단조,2023,의무,제조업(10~34),105.8,486747676.0,23669991.0,4.862887316589879,3.0,0.0,0.8,0.8,26.666666666666668,100.0,X,O,0.0,False,1550
디엔오토모티브,2023,의무,제조업(10~34),1163.0,3753386864.0,454957588.0,12.121254868866616,16.0,3.0,0.0,3.0,18.75,0.0,O,O,0.0,False,1551
케이씨씨글라스,2023,의무,제조업(10~34),1872.3,18272573493.0,1222535123.0,6.690547029231205,31.0,1.3,5.5,6.8,21.935483870967744,80.88235294117648,X,O,0.0,False,1552
경희의료원,2023,의무,보건업 및 사회복지 서비스업(86~87),2820.0,5850562273.0,534411769.0,9.134365964554874,29.2,2.2,0.0,2.2,7.534246575342467,0.0,X,O,0.0,False,1553
에이치엘디앤아이한라,2023,의무,건설업(41~42),1131.7,4749360206.0,162165545.0,3.414471380695272,22.8,1.0,0.0,1.0,4.385964912280701,0.0,O,O,0.0,False,1554
대한해운,2023,의무,운수 및 창고업(49~52),194.0,733927748.0,12925000.0,1.7610725354398238,3.0,0.0,0.0,0.0,0.0,,X,O,0.0,False,1555
한국타이어앤테크놀로지,2023,의무,제조업(10~34),898.0,20396918708.0,709920086.0,3.4805261332024524,113.4,1.2,2.0,3.2,2.821869488536155,62.5,X,X,0.0,False,1556
한국앤컴퍼니,2023,의무,금융 및 보험업(64~66),1099.0,5643315519.0,39899034.0,0.7070140569965888,39.1,0.0,0.0,0.0,0.0,,O,O,0.0,False,1557
애경산업,2023,의무,제조업(10~34),876.6,5861138844.0,373746915.0,6.376694443650685,18.1,0.7,0.9,1.6,8.83977900552486,56.25,O,O,0.0,False,1558
단국대학교의과대학부속병원,2023,의무,보건업 및 사회복지 서비스업(86~87),2011.2,3604071649.0,345478176.0,9.585774358727239,18.9,2.9,0.0,2.9,15.343915343915345,0.0,O,O,0.0,False,1559
LX인터내셔널,2023,의무,도매 및 소매업(45~47),394.7,9571953790.0,657115897.0,6.865013260788004,35.5,1.0,0.2,1.2,3.3802816901408446,16.666666666666668,X,O,0.0,False,1560
백패커,2023,자율,도매 및 소매업(45~47),262.5,8465909154.0,382146159.0,4.513941173340401,68.0,4.0,0.0,4.0,5.88235294117647,0.0,O,O,0.0,False,1561
케이지스틸,2023,의무,제조업(10~34),1137.0,10028327745.0,676187037.0,6.742769624149335,48.6,0.0,0.3,0.3,0.6172839506172839,100.0,X,X,0.0,False,1562
국민은행,2023,자율,금융 및 보험업(64~66),17222.2,607261026569.0,54196275635.0,8.924708364903102,1799.1,58.9,34.0,92.9,5.163692957589907,36.59849300322928,O,O,1.0,False,1563
강남제비스코,2023,의무,제조업(10~34),679.6,871561023.0,38685557.0,4.438651566454918,3.4,0.0,0.2,0.2,5.882352941176471,100.0,O,O,0.0,False,1564
대원산업,2023,의무,제조업(10~34),533.8,1816175026.0,40132849.0,2.2097456701841027,6.4,0.0,0.0,0.0,0.0,,X,O,0.0,True,1566
현대건설,2023,의무,건설업(41~42),7221.8,29996389916.0,2962011740.0,9.874560733123657,92.2,7.2,5.5,12.7,13.774403470715836,43.30708661417323,X,X,6.0,False,1567
일신방직,2023,의무,제조업(10~34),601.8,423743752.0,23602439.0,5.569979235941631,3.0,0.0,0.0,0.0,0.0,,X,X,0.0,False,1568
에어부산,2023,의무,운수 및 창고업(49~52),1150.8,14681459412.0,494156221.0,3.365852175404972,32.2,2.9,0.9,3.8,11.801242236024843,23.68421052631579,X,O,0.0,False,1569
한샘,2023,의무,도매 및 소매업(45~47),2337.0,19548793128.0,513617359.0,2.627360961042341,172.7,1.8,11.7,13.5,7.81702374059062,86.66666666666666,O,O,0.0,False,1570
에스케이플래닛,2023,의무,정보통신업(58~63),857.3,116713166078.0,7101671390.0,6.08472174017961,849.8,18.0,29.6,47.6,5.601317957166393,62.18487394957983,X,X,0.0,False,1571
현대위아,2023,의무,제조업(10~34),2919.8,26265197278.0,3063827992.0,11.664972318964054,71.1,8.0,0.0,8.0,11.251758087201127,0.0,X,X,0.0,False,1572
강릉아산병원,2023,의무,보건업 및 사회복지 서비스업(86~87),1705.9,4830775344.0,478470447.0,9.904630477057431,19.5,1.0,0.0,1.0,5.128205128205128,0.0,O,O,1.0,False,1573
셀트리온,2023,의무,제조업(10~34),2203.6,12444316648.0,1465993909.0,11.78042917475592,40.1,6.7,0.0,6.7,16.708229426433917,0.0,O,O,0.0,False,1574
동원시스템즈,2023,의무,제조업(10~34),1685.0,4551434099.0,222988506.0,4.8993020913780345,10.8,0.0,0.5,0.5,4.62962962962963,100.0,O,O,0.0,False,1575
무림페이퍼,2023,의무,제조업(10~34),462.0,2885591352.0,104116350.0,3.60814603661177,4.0,0.0,0.0,0.0,0.0,,O,O,0.0,False,1576
무림피앤피,2023,의무,제조업(10~34),696.0,3353674295.0,121311565.0,3.6172733047113033,5.0,0.0,0.0,0.0,0.0,,O,O,0.0,False,1577
에스티팜,2023,자율,제조업(10~34),606.8,1968445029.0,470166580.0,23.88517703432398,7.7,0.0,0.2,0.2,2.5974025974025974,100.0,O,O,1.0,False,1578
케이티샛,2023,의무,정보통신업(58~63),200.6,88670006569.0,1308969553.0,1.4762258441713367,72.8,1.8,0.0,1.8,2.4725274725274726,0.0,O,X,2.0,False,1579
현대글로비스,2023,의무,운수 및 창고업(49~52),1620.2,43506022825.0,3445132696.0,7.918748881868173,159.0,6.0,2.8,8.7,5.471698113207546,32.18390804597701,X,X,0.0,False,1580
이마트,2023,의무,도매 및 소매업(45~47),27409.8,88834787159.0,3890095677.0,4.37902290466161,343.3,5.8,10.3,16.1,4.68977570637926,63.975155279503106,O,X,0.0,False,1581
깨끗한나라,2023,의무,제조업(10~34),614.0,4851059263.0,180439954.0,3.719599044609734,16.6,0.0,0.0,0.0,0.0,,X,O,0.0,False,1582
도화엔지니어링,2023,의무,"전문, 과학 및 기술 서비스업(70~73)",2454.1,4522759891.0,1065510767.0,23.55886212576302,12.0,0.0,0.0,0.0,0.0,,O,O,0.0,False,1583
네이버웹툰유한회사,2023,의무,정보통신업(58~63),712.8,37882565737.0,2845271577.0,7.510767873415227,252.0,9.3,4.7,14.0,5.555555555555555,33.57142857142858,O,O,0.0,False,1584
동양이엔피,2023,의무,제조업(10~34),395.3,2719827490.0,737346951.0,27.110063182720463,16.1,2.0,0.0,2.0,12.422360248447204,0.0,O,O,0.0,False,1585
스튜디오드래곤,2023,의무,정보통신업(58~63),169.3,1759295904.0,118978980.0,6.7628748370007,0.0,0.0,0.0,0.0,,,X,O,0.0,False,1586
현대에버다임,2023,의무,제조업(10~34),541.3,606579088.0,74335055.0,12.254800152292754,4.6,0.0,0.2,0.2,4.347826086956522,100.0,O,O,0.0,False,1587
송원산업,2023,의무,제조업(10~34),637.7,3062153719.0,204500927.0,6.678336418290044,5.2,0.0,0.2,0.2,3.8461538461538463,100.0,O,O,0.0,False,1588
피에이치에이,2023,의무,제조업(10~34),687.9,4017906822.0,271943319.0,6.768283363640433,9.8,1.0,0.2,1.2,12.244897959183671,16.666666666666668,X,X,0.0,False,1589
더존비즈온,2023,의무,정보통신업(58~63),1808.0,36587667863.0,2745445464.0,7.503745454015083,636.0,31.0,2.8,33.8,5.314465408805031,8.284023668639055,X,X,0.0,False,1590
원광대학교병원,2023,의무,보건업 및 사회복지 서비스업(86~87),2180.5,3845472453.0,344172145.0,8.950061382743703,16.6,1.0,0.0,1.0,6.024096385542168,0.0,O,O,1.0,True,1591
엔디에스,2023,의무,정보통신업(58~63),458.3,768242532.0,72830439.0,9.480136280712976,7.3,0.4,0.0,0.4,5.479452054794521,0.0,O,O,0.0,False,1592
대림,2023,의무,도매 및 소매업(45~47),556.8,15311037175.0,1464319968.0,9.56381955881444,70.4,2.1,3.7,5.8,8.238636363636363,63.793103448275865,X,X,0.0,False,1593
호스트웨이아이디씨,2023,의무,정보통신업(58~63),84.3,6023875173.0,1189721513.0,19.75010236487847,56.2,2.0,0.0,2.0,3.558718861209964,0.0,O,O,0.0,False,1594
효성티앤씨,2023,의무,도매 및 소매업(45~47),1435.0,7960432204.0,600406223.0,7.54238221761759,34.4,0.9,0.9,1.8,5.232558139534884,50.0,O,O,0.0,False,1595
에스앤티다이내믹스,2023,의무,제조업(10~34),538.3,2014862106.0,463956667.0,23.02672056903531,9.0,0.0,1.0,1.0,11.11111111111111,100.0,O,O,0.0,True,1596
한국단자공업,2023,의무,제조업(10~34),1145.5,4953619516.0,541869179.0,10.938853443422197,6.5,2.0,0.0,2.0,30.76923076923077,0.0,O,O,0.0,True,1597
에코플라스틱,2023,의무,제조업(10~34),566.8,2192435416.0,61596666.0,2.8095088024248556,4.0,0.0,0.0,0.0,0.0,,X,X,0.0,True,1598
에이치케이이노엔,2023,의무,제조업(10~34),1715.5,8507280977.0,875500945.0,10.291195828220262,30.2,2.0,1.8,3.8,12.582781456953644,47.36842105263158,O,O,0.0,False,1599
이구산업,2023,의무,제조업(10~34),205.7,288023312.0,9398187.0,3.2629952536619675,3.0,0.0,0.0,0.0,0.0,,X,O,0.0,False,1600
도이치모터스,2023,의무,도매 및 소매업(45~47),1087.0,1796186869.0,246426747.0,13.719438175004273,3.2,0.0,0.0,0.0,0.0,,X,O,0.0,True,1601
삼기,2023,의무,제조업(10~34),556.0,1138472553.0,29148698.0,2.56033383705123,6.7,0.0,0.0,0.0,0.0,,O,O,0.0,True,1602
경동나비엔,2023,의무,제조업(10~34),1539.8,18533600369.0,461932891.0,2.492407744868862,169.1,3.4,0.0,3.4,2.0106445890005915,0.0,O,O,0.0,False,1603
대신증권,2023,자율,금융 및 보험업(64~66),1532.9,55998404727.0,4676988201.0,8.352002568289162,261.7,9.1,2.2,11.3,4.317921283912877,19.469026548672566,O,O,0.0,False,1604
동방,2023,의무,운수 및 창고업(49~52),786.8,5121936534.0,611019144.0,11.92945558665136,17.5,0.0,4.0,4.0,22.857142857142858,100.0,X,O,0.0,True,1605
롯데하이마트,2023,의무,도매 및 소매업(45~47),3439.8,48491155720.0,3564014925.0,7.349824668192091,185.0,3.5,6.0,9.5,5.135135135135135,63.1578947368421,O,X,0.0,False,1606
아이마켓코리아,2023,의무,도매 및 소매업(45~47),442.2,40909793413.0,1103470961.0,2.697327140863409,45.2,1.2,0.0,1.2,2.654867256637168,0.0,O,O,0.0,False,1607
디아이동일,2023,의무,도매 및 소매업(45~47),232.0,380074244.0,12409701.0,3.265072862974635,4.0,0.0,0.0,0.0,0.0,,X,X,0.0,False,1609
대한전선,2023,의무,제조업(10~34),902.0,5025961862.0,336299558.0,6.6912477100686765,17.2,0.0,2.0,2.0,11.627906976744185,100.0,O,O,0.0,False,1610
이녹스첨단소재,2023,의무,제조업(10~34),735.0,2881731163.0,211334682.0,7.3336015764909845,6.8,0.0,0.0,0.0,0.0,,X,O,0.0,False,1611
경동도시가스,2023,의무,"전기, 가스, 증기 및 공기 조절 공급업(35)",293.6,2467156288.0,477928218.0,19.371623124347444,12.0,2.0,0.3,2.3,19.166666666666664,13.043478260869565,X,X,1.0,False,1612
경남스틸,2023,의무,제조업(10~34),107.3,122884811.0,6657000.0,5.417268371759956,0.0,0.0,0.0,0.0,,,O,O,0.0,True,1613
에스와이,2023,의무,제조업(10~34),281.0,401793564.0,38543245.0,9.592798007088039,2.0,0.0,0.0,0.0,0.0,,O,O,0.0,False,1614
솔브레인,2023,의무,제조업(10~34),1367.0,1712015938.0,410019960.0,23.94954105853657,14.0,3.0,0.0,3.0,21.428571428571427,0.0,O,X,0.0,False,1616
삼천리,2023,의무,"전기, 가스, 증기 및 공기 조절 공급업(35)",847.0,11066452295.0,615378337.0,5.5607553405171934,39.2,1.0,1.0,2.0,5.10204081632653,50.0,O,O,0.0,False,1617
한국콜마,2023,의무,제조업(10~34),1001.3,2800115236.0,263346545.0,9.404846686816857,11.5,0.0,0.0,0.0,0.0,,O,O,0.0,False,1618
삼익THK,2023,의무,제조업(10~34),663.8,3424421983.0,95021667.0,2.774823531437422,8.7,0.0,0.0,0.0,0.0,,O,O,0.0,False,1620
넥슨코리아,2023,의무,정보통신업(58~63),3255.3,396724268168.0,13341372209.0,3.3628828079028317,2528.7,81.1,15.3,96.4,3.81223553604619,15.871369294605808,O,X,0.0,False,1621
엔비티,2023,의무,"전문, 과학 및 기술 서비스업(70~73)",64.9,4547096561.0,170295761.0,3.745153829822089,21.8,1.0,0.4,1.4,6.422018348623852,28.571428571428577,O,O,0.0,False,1622
씨제이올리브네트웍스,2023,의무,정보통신업(58~63),1391.9,63425461849.0,9255360221.0,14.592499528083334,291.2,19.9,8.2,28.1,9.649725274725276,29.181494661921704,X,O,0.0,False,1623
효성화학,2023,의무,제조업(10~34),1272.0,7112921395.0,489748189.0,6.885331101005369,31.3,1.0,0.7,1.7,5.431309904153355,41.17647058823529,O,O,0.0,False,1624
에스에프에이반도체,2023,의무,제조업(10~34),628.0,2785326547.0,400472395.0,14.377933367681358,14.0,1.0,0.0,1.0,7.142857142857142,0.0,O,X,0.0,False,1625
남양유업,2023,의무,제조업(10~34),2128.0,9556132909.0,501052024.0,5.243250892085307,35.7,3.3,0.7,4.0,11.204481792717086,17.5,X,X,0.0,False,1626
유니드,2023,의무,제조업(10~34),402.3,1894668714.0,188272451.0,9.936958878817482,6.1,0.0,0.6,0.6,9.836065573770492,100.0,O,O,0.0,False,1627
남광토건,2023,의무,건설업(41~42),581.0,459897980.0,52271540.0,11.365899019604305,4.0,1.0,0.0,1.0,25.0,0.0,O,O,0.0,False,1628
켐트로닉스,2023,의무,제조업(10~34),533.2,2894258244.0,354532785.0,12.24952147013734,6.3,1.6,0.0,1.6,25.396825396825403,0.0,O,O,0.0,False,1629
기아,2023,의무,제조업(10~34),35461.3,213229837270.0,13011787904.0,6.102236005331638,993.4,18.5,47.0,65.5,6.593517213609824,71.7557251908397,O,O,0.0,False,1630
(학)단국대학교,2023,자율,교육 서비스업(85),3879.0,4256825695.0,279407040.0,6.563741623909738,23.0,1.0,0.0,1.0,4.3478260869565215,0.0,O,O,3.0,False,1631
쏘카,2023,의무,"사업시설 관리, 사업 지원 및 임대 서비스업(74~76)",414.8,18339500615.0,490716455.0,2.6757350993441977,152.9,4.5,0.5,5.0,3.2701111837802483,10.0,O,O,0.0,False,1632
한미약품,2023,의무,제조업(10~34),2340.9,27654342630.0,1185875986.0,4.288208914839788,47.6,2.3,4.0,6.3,13.23529411764706,63.49206349206349,O,X,0.0,False,1633
한익스프레스,2023,의무,운수 및 창고업(49~52),434.0,2223935888.0,128280210.0,5.768161334694015,9.2,0.0,0.1,0.1,1.0869565217391306,100.0,X,X,0.0,False,1634
케이티앤지,2023,의무,제조업(10~34),4429.8,46866497908.0,8203486150.0,17.50394528326744,257.4,10.3,17.3,27.6,10.722610722610725,62.68115942028986,O,O,0.0,False,1635
한솔테크닉스,2023,의무,제조업(10~34),646.0,2913665832.0,218179667.0,7.4881499657164525,8.0,0.0,1.0,1.0,12.5,100.0,O,O,0.0,False,1636
우리산업,2023,의무,제조업(10~34),344.7,320274033.0,57495250.0,17.95189246578726,3.0,0.0,0.0,0.0,0.0,,O,O,0.0,False,1638
동아대학교병원,2023,의무,보건업 및 사회복지 서비스업(86~87),2203.1,2525908260.0,249323171.0,9.870634454475399,16.0,1.0,0.0,1.0,6.25,0.0,O,O,0.0,False,1639
금호석유화학,2023,의무,제조업(10~34),1455.7,13181888612.0,744320461.0,5.646538845142534,50.4,2.0,0.0,2.0,3.968253968253968,0.0,O,O,0.0,False,1640
엘지씨엔에스,2023,의무,정보통신업(58~63),6474.8,366376207316.0,20416138278.0,5.572451996150245,2450.4,84.1,58.3,142.4,5.811296114920013,40.94101123595505,O,X,0.0,False,1641
심텍,2023,의무,제조업(10~34),3013.0,4447617922.0,242048000.0,5.442194096815675,18.0,0.0,0.0,0.0,0.0,,O,O,0.0,False,1642
알리바바코리아유한회사,2023,의무,정보통신업(58~63),,,,,,,,,,,O,O,0.0,False,1643
(학)성균관대학삼성창원병원,2023,의무,교육 서비스업(85),2175.9,9238798126.0,839366447.0,9.085234199866745,19.0,2.0,0.0,2.0,10.526315789473683,0.0,O,O,4.0,False,1644
에듀윌,2023,자율,교육 서비스업(85),898.7,13710585162.0,724649353.0,5.285327682500558,130.6,4.8,2.0,6.8,5.206738131699847,29.411764705882355,O,O,10.0,False,1645
해성디에스,2023,의무,제조업(10~34),1364.1,4784689525.0,282580994.0,5.905942120664559,29.0,0.9,0.0,0.9,3.103448275862069,0.0,O,O,0.0,False,1646
율촌화학,2023,의무,제조업(10~34),795.7,6972922713.0,191471690.0,2.7459316255295487,2.0,0.0,0.0,0.0,0.0,,O,O,0.0,True,1647
하림,2023,의무,제조업(10~34),2310.5,5510254992.0,143401926.0,2.6024553529409515,14.1,0.0,0.0,0.0,0.0,,X,O,0.0,False,1648
숲,2023,의무,정보통신업(58~63),653.8,48462972757.0,864565261.0,1.7839707550237351,234.7,4.8,0.0,4.8,2.0451640391989776,0.0,O,O,0.0,False,1649
제이더블유중외제약,2023,의무,도매 및 소매업(45~47),1210.4,9276942439.0,708993133.0,7.642530258885872,21.8,0.0,2.6,2.6,11.926605504587156,100.0,X,O,0.0,False,1650
피아이첨단소재,2023,자율,제조업(10~34),326.2,2888558705.0,259137613.0,8.9711734974069,6.4,0.0,1.0,1.0,15.625,100.0,O,O,0.0,False,1651
와이지-원,2023,의무,제조업(10~34),1614.1,2727259430.0,411795518.0,15.099242612207231,10.6,2.8,0.0,2.8,26.41509433962264,0.0,X,X,0.0,False,1652
E1,2023,의무,도매 및 소매업(45~47),305.7,10061946583.0,904351412.0,8.987837537598663,17.5,1.0,0.0,1.0,5.714285714285714,0.0,X,O,0.0,False,1653
서울도시가스,2023,의무,"전기, 가스, 증기 및 공기 조절 공급업(35)",522.0,9722452914.0,792770193.0,8.154014218556286,31.0,1.0,1.0,2.0,6.451612903225806,50.0,O,O,0.0,False,1654
조흥,2023,의무,제조업(10~34),410.5,797704853.0,14053439.0,1.761734173629253,3.0,0.0,0.0,0.0,0.0,,X,X,0.0,False,1655
한화,2023,의무,제조업(10~34),4723.3,43627972136.0,4429709108.0,10.15336925170718,54.8,19.0,0.2,19.2,35.03649635036496,1.0416666666666667,O,X,0.0,True,1656
롯데케미칼,2023,의무,제조업(10~34),4835.1,32654235925.0,1005746775.0,3.079988695218567,76.1,3.8,1.3,5.1,6.701708278580814,25.490196078431378,X,O,0.0,False,1657
신성이엔지,2023,의무,제조업(10~34),482.0,3338738241.0,645188778.0,19.32432947504015,22.3,4.0,1.6,5.6,25.112107623318387,28.571428571428577,X,X,0.0,False,1658
신성통상,2023,의무,제조업(10~34),913.2,7617327861.0,536070480.0,7.037513545197789,66.5,3.8,0.0,3.8,5.714285714285714,0.0,X,O,0.0,False,1659
동화기업,2023,의무,제조업(10~34),776.4,11100110495.0,252421051.0,2.274040885572284,71.4,0.0,0.5,0.5,0.7002801120448179,100.0,O,O,0.0,False,1660
넛지헬스케어,2023,의무,정보통신업(58~63),135.2,5942752683.0,234416213.0,3.9445729193909984,73.2,2.1,0.8,2.9,3.961748633879781,27.586206896551722,O,O,1.0,False,1661
경창산업,2023,의무,제조업(10~34),1314.3,3440473451.0,144592670.0,4.202696868885096,8.1,1.0,0.0,1.0,12.34567901234568,0.0,O,O,0.0,False,1662
에이치엘홀딩스,2023,의무,금융 및 보험업(64~66),265.7,5137057811.0,245020712.0,4.769670130543135,41.3,2.0,0.0,2.0,4.842615012106538,0.0,O,O,0.0,False,1663
엠케이전자,2023,의무,제조업(10~34),304.3,847181563.0,47066329.0,5.555636602068026,3.5,0.0,0.0,0.0,0.0,,X,O,0.0,False,1664
호텔신라,2023,의무,도매 및 소매업(45~47),2092.4,54298868287.0,2953581630.0,5.439490219922565,206.4,7.2,8.3,15.5,7.50968992248062,53.5483870967742,O,O,0.0,False,1665
아이티엠반도체,2023,의무,제조업(10~34),439.1,2245007050.0,172782884.0,7.696318102876336,6.9,1.0,0.0,1.0,14.492753623188406,0.0,O,O,0.0,False,1676
동서,2023,의무,도매 및 소매업(45~47),288.2,1249033832.0,155263916.0,12.430721412196304,6.0,0.0,0.0,0.0,0.0,,O,X,1.0,False,1680
에스케이렌터카,2023,의무,"사업시설 관리, 사업 지원 및 임대 서비스업(74~76)",651.6,32360406889.0,2723926690.0,8.417467367896172,147.9,5.1,9.9,15.0,10.141987829614605,66.0,X,X,0.0,False,1681
에스케이가스,2023,의무,도매 및 소매업(45~47),601.0,26607034281.0,1440280496.0,5.4131568396125225,82.8,1.0,5.2,6.2,7.487922705314009,83.87096774193549,O,O,0.0,False,1682
세코닉스,2023,의무,제조업(10~34),849.5,768672003.0,34799603.0,4.527236957269536,4.1,0.0,0.1,0.1,2.439024390243903,100.0,O,O,0.0,True,1683
정보보호공시우수기업(고시성실성및다양한정보보호노력평가를통해공시연도에과학기술정보통신부장관표창을수여받은자)삼성에스디에스,2023,의무,정보통신업(58~63),11791.9,467613525285.0,52973544796.0,11.32848857691056,1677.8,225.3,0.0,225.3,13.428298962927645,0.0,O,X,0.0,False,1684
가톨릭대학교서울성모병원,2023,의무,보건업 및 사회복지 서비스업(86~87),4725.2,14896966616.0,1358847089.0,9.121636129200546,53.1,3.6,0.8,4.4,8.286252354048965,18.181818181818183,X,X,2.0,False,1685
엘지,2023,의무,금융 및 보험업(64~66),206.9,6122485395.0,1322097203.0,21.59412587704507,14.1,0.0,1.0,1.0,7.092198581560284,100.0,O,O,0.0,False,1686
한세실업,2023,의무,제조업(10~34),546.0,2667424446.0,108842003.0,4.080415592022358,9.3,0.0,0.0,0.0,0.0,,X,O,0.0,False,1687
아세아시멘트,2023,의무,제조업(10~34),492.5,1694209232.0,111066800.0,6.555671985619306,6.6,0.0,0.1,0.1,1.5151515151515154,100.0,O,O,0.0,False,1688
롯데지주,2023,의무,금융 및 보험업(64~66),284.5,13689818137.0,1740484794.0,12.713717425477878,36.8,2.6,2.3,4.9,13.31521739130435,46.938775510204074,O,O,2.0,False,1689
노루페인트,2023,의무,제조업(10~34),782.2,4893819889.0,543426334.0,11.104338662349983,30.2,0.0,4.9,4.9,16.225165562913908,100.0,O,O,2.0,False,1690
아시아나항공,2023,의무,운수 및 창고업(49~52),8125.9,91739812959.0,3075537634.0,3.352456839403528,210.2,7.2,8.4,15.6,7.421503330161751,53.846153846153854,O,O,0.0,False,1691
조선내화,2023,의무,제조업(10~34),528.6,2214132635.0,91120728.0,4.115414160814264,8.2,0.0,0.0,0.0,0.0,,O,O,0.0,False,1692
원익큐엔씨,2023,의무,제조업(10~34),1081.0,3690914485.0,382487764.0,10.3629538303974,19.3,1.0,0.3,1.3,6.7357512953367875,23.076923076923077,O,O,0.0,False,1693
삼성바이오로직스,2023,의무,제조업(10~34),4283.2,58959716664.0,4849518996.0,8.225139587485586,154.8,7.5,2.0,9.5,6.136950904392764,21.052631578947366,O,O,0.0,False,1694
태광산업,2023,의무,제조업(10~34),1388.0,11808941836.0,522949947.0,4.428423429148983,33.6,0.0,3.9,3.9,11.607142857142856,100.0,O,O,0.0,False,1695
금호타이어,2023,의무,제조업(10~34),5283.1,16623772035.0,1490067514.0,8.96347417940275,97.0,2.7,0.0,2.7,2.7835051546391756,0.0,X,X,0.0,False,1696
GS글로벌,2023,의무,도매 및 소매업(45~47),252.6,2053261708.0,89487903.0,4.358329123429988,9.8,0.0,0.1,0.1,1.0204081632653061,100.0,X,O,0.0,False,1698
넷마블,2023,의무,정보통신업(58~63),861.3,152262986162.0,6597456682.0,4.33293530377806,787.7,30.4,1.8,32.2,4.087850704582963,5.590062111801242,O,O,7.0,False,1699
엘앤에프,2023,의무,제조업(10~34),1330.0,2566523336.0,592049845.0,23.06816527617187,11.2,2.9,0.0,2.9,25.892857142857146,0.0,O,O,0.0,True,1700
케이티클라우드,2023,의무,정보통신업(58~63),504.0,182565622168.0,7644720104.0,4.187382056499771,547.8,19.3,6.6,25.9,4.7280029207740055,25.482625482625483,O,O,0.0,False,1701
계양전기,2023,의무,제조업(10~34),724.3,2122617564.0,94366682.0,4.445769393435586,8.4,0.0,0.2,0.2,2.380952380952381,100.0,X,O,0.0,False,1703
삼성에스디아이,2023,의무,제조업(10~34),11328.8,152339609558.0,9984501738.0,6.554107475376335,331.7,7.9,2.0,9.9,2.9846246608381066,20.2020202020202,O,X,0.0,False,1704
알루코,2023,의무,제조업(10~34),207.8,426836270.0,16483400.0,3.8617617945166653,4.0,0.0,0.2,0.2,5.0,100.0,O,O,0.0,False,1705
SK네트웍스서비스,2023,의무,"협회 및 단체, 수리 및 기타 개인 서비스업(94~96)",722.2,3542882073.0,413545978.0,11.672586596985498,11.8,2.0,0.0,2.0,16.94915254237288,0.0,O,O,0.0,False,1706
케이씨씨건설,2023,의무,건설업(41~42),1218.0,6212313017.0,501937646.0,8.07972239367925,22.6,0.0,0.0,0.0,0.0,,X,O,0.0,False,1707
테크빌교육,2023,자율,정보통신업(58~63),123.1,3365793913.0,249830826.0,7.4226418033218415,43.4,3.1,0.0,3.1,7.142857142857144,0.0,O,O,0.0,False,1709
아마존웹서비시즈코리아유한책임회사,2023,의무,"사업시설 관리, 사업 지원 및 임대 서비스업(74~76)",,,,,,,,,,,O,O,0.0,False,1710
디비하이텍,2023,의무,제조업(10~34),2117.0,14715948610.0,679997684.0,4.62082127371604,74.3,3.1,0.0,3.1,4.172274562584119,0.0,O,O,3.0,False,1711
골프존,2023,의무,정보통신업(58~63),497.2,42278231524.0,2051822458.0,4.853141638233486,310.1,5.8,5.4,11.2,3.611738148984198,48.21428571428572,X,O,1.0,False,1712
포스코엠텍,2023,의무,제조업(10~34),1034.0,2530503140.0,250315724.0,9.891934929588746,7.2,0.0,0.0,0.0,0.0,,O,O,9.0,False,1713
태영건설,2023,의무,건설업(41~42),1716.8,4973250865.0,256989927.0,5.167443468589232,14.0,1.0,0.0,1.0,7.142857142857142,0.0,X,O,0.0,False,1714
대성글로벌네트웍,2023,의무,"사업시설 관리, 사업 지원 및 임대 서비스업(74~76)",1068.3,952268095.0,50980884.0,5.353627226164708,4.0,0.0,0.0,0.0,0.0,,X,X,0.0,False,1715
휴맥스,2023,의무,제조업(10~34),64.5,2371577815.0,329357423.0,13.88769202160883,30.0,0.0,4.0,4.0,13.333333333333334,100.0,O,O,8.0,False,1716
이랜텍,2023,의무,제조업(10~34),353.6,1535194472.0,186563744.0,12.152450220651916,3.9,0.0,0.0,0.0,0.0,,O,X,0.0,False,1721
상신브레이크,2023,의무,제조업(10~34),610.0,2673354847.0,630462692.0,23.583202682857312,9.1,0.0,0.0,0.0,0.0,,O,O,0.0,False,1722
디와이덕양,2023,의무,제조업(10~34),807.3,1494532181.0,60847002.0,4.071307581967685,10.0,0.0,0.0,0.0,0.0,,X,X,0.0,True,1723
카카오,2023,의무,정보통신업(58~63),3654.8,547536023631.0,20919214839.0,3.820609774727452,2842.3,72.5,30.2,102.7,3.6132709425465293,29.406037000973704,O,X,0.0,False,1724
동국제약,2023,의무,제조업(10~34),1155.3,4638803565.0,574054448.0,12.375054040470024,12.1,1.0,0.0,1.0,8.264462809917356,0.0,X,X,0.0,False,1726
신세계아이앤씨,2023,의무,정보통신업(58~63),1251.9,43463646866.0,3123763035.0,7.18707071367176,215.9,8.7,3.5,12.2,5.650764242704955,28.68852459016394,O,O,0.0,False,1729
에스텍,2023,의무,제조업(10~34),332.5,901450792.0,60304667.0,6.689734762582582,4.2,0.0,0.0,0.0,0.0,,O,O,0.0,False,1730
세보엠이씨,2023,의무,건설업(41~42),1390.8,1104112294.0,29931460.0,2.7109072295141026,5.0,0.0,0.0,0.0,0.0,,O,O,0.0,True,1731
한국특강,2023,의무,제조업(10~34),534.5,601260387.0,45363244.0,7.544691947251134,2.0,0.0,0.0,0.0,0.0,,X,O,0.0,True,1736
한화시스템,2023,의무,제조업(10~34),4111.7,60514103825.0,6471064085.0,10.693480818477608,284.4,23.2,11.4,34.6,12.165963431786219,32.947976878612714,O,O,2.0,False,1738
산하정보기술,2023,자율,정보통신업(58~63),163.3,5382571838.0,385174178.0,7.155950530576086,88.6,2.0,1.3,3.3,3.724604966139955,39.3939393939394,X,X,0.0,False,1739
엘에스일렉트릭,2023,의무,제조업(10~34),3256.5,33258923026.0,1512323177.0,4.54712010914409,150.5,2.0,1.5,3.5,2.3255813953488373,42.857142857142854,O,O,0.0,False,1740
아남전자,2023,의무,제조업(10~34),141.0,322760423.0,62801610.0,19.457655128925147,2.0,0.8,0.1,0.9,45.0,11.111111111111112,X,X,0.0,False,1741
네이버,2023,의무,정보통신업(58~63),4851.3,1094684425719.0,41560354069.0,3.7965602773331444,3027.7,53.3,66.3,119.6,3.9501932159725204,55.434782608695656,O,O,1.0,False,1742
우아한형제들,2023,의무,정보통신업(58~63),1772.6,121093132281.0,5253025368.0,4.338004368249561,571.5,17.4,3.1,20.5,3.5870516185476813,15.121951219512194,X,O,0.0,False,1743
데브시스터즈,2023,자율,정보통신업(58~63),342.8,24316632903.0,970408004.0,3.990717003752105,72.2,3.0,0.0,3.0,4.1551246537396125,0.0,O,O,0.0,False,1744
한국수출포장공업,2023,의무,제조업(10~34),398.1,960223883.0,27040000.0,2.8160099408816723,3.0,0.0,0.0,0.0,0.0,,O,O,0.0,False,1745
엘지생활건강,2023,의무,제조업(10~34),4613.3,54869590166.0,4157841733.0,7.577679586126035,189.6,4.3,11.6,15.9,8.38607594936709,72.95597484276729,O,X,0.0,False,1746
케이비아이메탈,2023,의무,제조업(10~34),310.0,138448386.0,22303609.0,16.10969231522858,18.0,0.0,5.0,5.0,27.77777777777778,100.0,X,X,0.0,False,1747
현대코퍼레이션,2023,의무,도매 및 소매업(45~47),227.0,2809539865.0,221780334.0,7.893831184345911,11.9,0.0,1.0,1.0,8.403361344537814,100.0,X,O,0.0,False,1748
두산,2023,의무,제조업(10~34),2090.2,42023803804.0,4751799464.0,11.30739969699674,248.6,20.5,12.0,32.5,13.073209975864843,36.92307692307693,O,O,3.0,False,1749
케이비아이동국실업,2023,의무,제조업(10~34),383.0,2436464562.0,154661371.0,6.3477783921898885,5.8,0.0,0.0,0.0,0.0,,X,O,0.0,False,1750
주성엔지니어링,2023,의무,제조업(10~34),505.8,1994547552.0,419717218.0,21.04322945718368,3.8,1.0,0.0,1.0,26.31578947368421,0.0,O,O,0.0,False,1751
동우팜투테이블,2023,의무,제조업(10~34),593.0,600403025.0,105684399.0,17.60224292674075,5.0,0.0,0.0,0.0,0.0,,X,O,0.0,False,1752
에스케이텔링크,2023,의무,정보통신업(58~63),160.4,25628486359.0,1872894324.0,7.307861641787099,80.0,3.0,2.0,5.0,6.25,40.0,O,O,1.0,False,1753
티몬,2023,의무,도매 및 소매업(45~47),761.3,23445968237.0,1454847327.0,6.205106619158984,240.2,11.8,0.0,11.8,4.912572855953372,0.0,X,O,2.0,False,1754
대우건설,2023,의무,건설업(41~42),5684.7,23827664187.0,1665427668.0,6.9894709566564694,81.4,6.8,1.0,7.8,9.58230958230958,12.820512820512823,X,X,5.0,False,1755
에스케이스퀘어,2023,의무,금융 및 보험업(64~66),90.2,7441636384.0,1868724705.0,25.111744360660772,23.4,2.0,7.3,9.3,39.743589743589745,78.49462365591397,O,O,2.0,False,1756
한미반도체,2023,의무,제조업(10~34),652.0,2218225839.0,613363180.0,27.651070022541557,10.0,3.0,0.0,3.0,30.0,0.0,X,O,0.0,False,1757
웰크론한텍,2023,의무,제조업(10~34),282.0,1592732968.0,181144396.0,11.373180541837067,1.9,0.0,0.0,0.0,0.0,,X,X,0.0,True,1758
삼성중공업,2023,의무,제조업(10~34),8180.4,64892518396.0,4169893487.0,6.425846291792296,254.2,12.1,1.0,13.1,5.153422501966955,7.633587786259542,O,O,0.0,False,1759
한솔로지스틱스,2023,의무,운수 및 창고업(49~52),288.3,3361013251.0,87907384.0,2.6155024522395136,29.8,0.0,1.0,1.0,3.3557046979865772,100.0,O,O,0.0,False,1760
티빙,2023,자율,정보통신업(58~63),180.5,41893206380.0,2196674337.0,5.2435096924180575,71.4,2.9,3.4,6.3,8.823529411764705,53.96825396825397,X,O,0.0,False,1761
위메프,2023,의무,"사업시설 관리, 사업 지원 및 임대 서비스업(74~76)",1031.8,37149080764.0,3486338629.0,9.384723813619907,275.9,19.3,7.5,26.8,9.713664371148969,27.985074626865668,X,X,0.0,False,1762
엔씨,2023,의무,정보통신업(58~63),4943.4,560093406600.0,17372795478.0,3.101767539714509,2950.3,90.4,29.4,119.8,4.060604006372233,24.540901502504173,O,X,1.0,False,1763
에스원,2023,의무,"사업시설 관리, 사업 지원 및 임대 서비스업(74~76)",6856.2,52220171660.0,3780448825.0,7.239441588997641,210.1,6.0,1.3,7.3,3.4745359352689196,17.808219178082194,O,O,0.0,False,1764
태림포장,2023,의무,제조업(10~34),926.3,1720626858.0,154015708.0,8.951139364349036,7.0,0.0,0.0,0.0,0.0,,X,X,0.0,False,1765
에스케이케미칼,2023,의무,제조업(10~34),1414.6,27284606475.0,2109206099.0,7.7303885651882025,76.7,2.1,6.5,8.6,11.21251629726206,75.5813953488372,O,O,0.0,False,1766
모트렉스,2023,의무,제조업(10~34),322.1,2678165805.0,351459968.0,13.123159415441792,4.8,1.8,0.0,1.8,37.5,0.0,O,O,0.0,True,1767
건국대학교병원,2023,의무,보건업 및 사회복지 서비스업(86~87),2119.7,9738723025.0,797114293.0,8.18499808397621,36.0,2.0,0.0,2.0,5.555555555555555,0.0,O,O,8.0,False,1768
엠씨넥스,2023,의무,도매 및 소매업(45~47),491.7,4298521043.0,763146319.0,17.753695081771408,6.0,0.0,0.0,0.0,0.0,,X,O,0.0,False,1769
드림텍,2023,의무,제조업(10~34),484.3,2073825299.0,101368490.0,4.887995630532618,10.3,0.0,0.0,0.0,0.0,,O,X,0.0,True,1770
제일약품,2023,의무,도매 및 소매업(45~47),972.9,1033869745.0,154642078.0,14.957597777464704,6.3,0.0,1.5,1.5,23.80952380952381,100.0,O,O,0.0,False,1771
사조동아원,2023,의무,제조업(10~34),347.0,843373570.0,32324000.0,3.8327025116521023,9.0,0.0,0.0,0.0,0.0,,O,O,0.0,False,1772
드림마크원,2023,의무,정보통신업(58~63),23.4,8333167782.0,137792647.0,1.6535446135818606,10.6,2.0,0.3,2.3,21.698113207547166,13.043478260869565,O,O,1.0,False,1773
지누스,2023,자율,도매 및 소매업(45~47),183.0,3273840654.0,385143031.0,11.764257082256881,10.0,2.0,1.0,3.0,30.0,33.33333333333333,X,O,2.0,False,1775
팜스코,2023,의무,제조업(10~34),422.8,2332249992.0,374653534.0,16.06403838718504,9.0,2.0,0.0,2.0,22.22222222222222,0.0,O,O,0.0,False,1776
한양디지텍,2023,의무,제조업(10~34),53.6,1006533198.0,134633687.0,13.375980769190685,7.8,1.0,0.0,1.0,12.820512820512823,0.0,X,X,0.0,False,1778
성신양회,2023,의무,제조업(10~34),612.4,1525711978.0,331593759.0,21.733706215944775,8.1,0.0,0.0,0.0,0.0,,O,O,4.0,False,1779
일동제약,2023,의무,제조업(10~34),1426.0,8419760092.0,995244408.0,11.820341638304248,17.0,0.0,3.0,3.0,17.647058823529413,100.0,O,O,1.0,False,1780
이수페타시스,2023,의무,제조업(10~34),931.4,2905078585.0,399847848.0,13.763753244561542,16.1,0.9,0.9,1.8,11.180124223602483,50.0,O,O,0.0,False,1781
태양금속공업,2023,의무,제조업(10~34),529.0,721305082.0,103738636.0,14.382074740463288,7.0,1.0,0.0,1.0,14.285714285714285,0.0,X,O,0.0,False,1782
대성에너지,2023,의무,"전기, 가스, 증기 및 공기 조절 공급업(35)",413.8,6116152216.0,419831749.0,6.864311648452929,23.6,1.0,0.2,1.2,5.084745762711864,16.666666666666668,X,O,0.0,False,1783
대원,2023,의무,건설업(41~42),298.8,1052476359.0,23277641.0,2.211702030259095,3.0,0.0,0.0,0.0,0.0,,O,O,0.0,False,1784
그린케미칼,2023,의무,제조업(10~34),176.0,680511157.0,35578432.0,5.228192313090908,0.2,0.0,0.0,0.0,0.0,,O,O,0.0,False,1785
에스케이텔레콤,2023,의무,정보통신업(58~63),5376.3,1464909618603.0,55032896266.0,3.756743458240223,2659.5,36.9,160.5,197.4,7.4224478285392,81.30699088145896,O,O,0.0,False,1786
아주스틸,2023,의무,제조업(10~34),643.0,1207166203.0,539552843.0,44.69582081233929,6.9,0.0,0.0,0.0,0.0,,O,O,2.0,False,1787
SK,2023,의무,금융 및 보험업(64~66),4568.6,291199753707.0,19383255262.0,6.65634328849848,896.8,18.4,33.3,51.7,5.764942016057092,64.4100580270793,O,X,0.0,False,1788
동양,2023,의무,제조업(10~34),540.0,2688549841.0,100793159.0,3.748978630149189,10.8,0.0,0.2,0.2,1.8518518518518516,100.0,X,X,0.0,False,1789
세종텔레콤,2023,의무,정보통신업(58~63),300.6,29505021705.0,994713642.0,3.371336757333865,153.7,3.9,2.1,6.0,3.903708523096942,35.0,O,O,1.0,False,1790
교촌에프앤비,2023,의무,도매 및 소매업(45~47),325.8,2951962946.0,175152596.0,5.933428000420436,10.0,1.1,0.0,1.1,11.000000000000002,0.0,O,X,0.0,False,1791
이오테크닉스,2023,의무,제조업(10~34),657.0,1276445021.0,317508396.0,24.87442786617286,4.0,1.0,0.0,1.0,25.0,0.0,X,O,0.0,False,1792
인카금융서비스,2023,의무,금융 및 보험업(64~66),324.4,3333139040.0,162968617.0,4.889343500053931,14.9,1.0,0.0,1.0,6.7114093959731544,0.0,X,O,0.0,False,1793
네이버클라우드,2023,의무,정보통신업(58~63),923.8,533102210494.0,32268346076.0,6.052937962140223,878.3,54.0,29.0,83.0,9.450074006603666,34.93975903614458,O,X,0.0,False,1794
씨씨에스충북방송,2023,의무,정보통신업(58~63),44.0,4435112801.0,348550869.0,7.858895244364722,11.0,2.0,0.0,2.0,18.181818181818183,0.0,O,O,2.0,False,1795
피에스케이,2023,의무,제조업(10~34),343.0,2749187794.0,457481183.0,16.640594141965696,4.4,0.8,0.9,1.7,38.63636363636363,52.94117647058824,O,O,0.0,False,1796
대창,2023,의무,제조업(10~34),397.6,943776238.0,40523859.0,4.293799458850118,10.0,0.0,0.4,0.4,4.0,100.0,O,O,0.0,False,1798
카카오페이,2023,자율,금융 및 보험업(64~66),1033.1,73832502220.0,8756353938.0,11.859755087141078,616.7,29.6,24.7,54.3,8.804929463272254,45.48802946593002,O,X,0.0,False,1799
코오롱인더스트리,2023,의무,제조업(10~34),3053.0,43221505350.0,2498911981.0,5.781640321789486,152.9,6.0,8.6,14.6,9.548724656638326,58.9041095890411,O,O,1.0,False,1800
에스케이증권,2023,자율,금융 및 보험업(64~66),972.3,37689369366.0,3780443600.0,10.030530262494603,117.8,5.0,0.0,5.0,4.244482173174872,0.0,O,O,2.0,False,1801
이수화학,2023,의무,제조업(10~34),447.2,4243414544.0,93757049.0,2.209471830475962,14.3,0.0,1.2,1.2,8.39160839160839,100.0,O,O,0.0,False,1802
대원강업,2023,의무,제조업(10~34),702.0,1795040915.0,143936064.0,8.018539454851368,2.0,0.0,0.0,0.0,0.0,,O,O,0.0,False,1803
케이지모빌리티,2023,의무,제조업(10~34),4319.1,16873170131.0,674336435.0,3.9965011302830677,57.0,1.0,1.0,2.0,3.508771929824561,50.0,X,O,0.0,False,1804
영진약품,2023,자율,제조업(10~34),615.0,918380000.0,97000000.0,10.562076700276574,12.0,2.0,0.0,2.0,16.666666666666664,0.0,X,O,0.0,False,1805
영원무역,2023,의무,제조업(10~34),284.1,3736643725.0,125262250.0,3.3522663443114316,13.2,0.0,0.0,0.0,0.0,,X,O,0.0,False,1806
가온그룹,2023,의무,제조업(10~34),287.4,9706297159.0,497420204.0,5.124716417102226,5.0,0.0,0.0,0.0,0.0,,O,X,0.0,False,1807
연세대학교의료원,2023,의무,보건업 및 사회복지 서비스업(86~87),9219.2,27032878212.0,1916894687.0,7.090975189423533,145.1,7.2,2.0,9.2,6.340454858718125,21.73913043478261,O,O,0.0,False,1808
고려대학교의료원,2023,의무,보건업 및 사회복지 서비스업(86~87),4046.4,12623183580.0,1016828954.0,8.055249672602796,60.3,1.0,0.6,1.6,2.653399668325042,37.49999999999999,O,O,0.0,False,1809
더네이쳐홀딩스,2023,의무,제조업(10~34),416.1,1408568529.0,147287547.0,10.45654108888585,8.3,0.5,0.5,1.0,12.048192771084336,50.0,O,O,0.0,False,1810
대교,2023,의무,교육 서비스업(85),2438.1,34116561405.0,2131227719.0,6.246900716927629,128.5,2.7,1.5,4.2,3.268482490272374,35.714285714285715,O,O,0.0,False,1811
엔아이스틸,2023,의무,제조업(10~34),226.8,436680407.0,7286000.0,1.668497116702559,3.0,0.0,0.0,0.0,0.0,,O,O,0.0,False,1812
케이피에프,2023,의무,제조업(10~34),473.3,2438730963.0,89686226.0,3.6775776976100993,10.0,0.0,0.7,0.7,6.999999999999999,100.0,X,O,0.0,False,1813
현대모비스,2023,의무,제조업(10~34),11088.7,184918458714.0,12376502670.0,6.692951453344007,390.8,19.1,19.1,38.2,9.77482088024565,50.0,X,X,0.0,False,1814
오씨아이홀딩스,2023,의무,제조업(10~34),,,,,,,,,,,O,O,0.0,False,1815
대한제강,2023,의무,제조업(10~34),408.0,2243388671.0,436170879.0,19.44250163328029,11.6,2.0,1.3,3.3,28.448275862068968,39.3939393939394,O,O,0.0,False,1816
엘엑스세미콘,2023,의무,제조업(10~34),1502.1,16584588912.0,1350251665.0,8.141604667831153,73.1,3.5,1.0,4.5,6.155950752393982,22.22222222222222,O,O,0.0,False,1818
케이아이엔엑스,2023,의무,정보통신업(58~63),138.4,25354099701.0,621044985.0,2.4494854572789473,94.1,2.0,0.0,2.0,2.1253985122210417,0.0,O,O,0.0,False,1819
씨제이이엔엠,2023,의무,정보통신업(58~63),4499.1,83002008337.0,5187636259.0,6.250012936961063,465.9,10.7,9.4,20.1,4.314230521571153,46.766169154228855,X,O,0.0,False,1820
에스케이디앤디,2023,의무,부동산업(68),258.6,13119801627.0,1101305995.0,8.394227491470287,30.1,3.0,2.3,5.3,17.60797342192691,43.39622641509433,O,O,0.0,False,1821
KPX케미칼,2023,의무,제조업(10~34),340.4,3072841187.0,203095284.0,6.609364807371673,2.5,0.0,0.1,0.1,4.0,100.0,X,O,0.0,False,1822
대동,2023,의무,제조업(10~34),1303.0,5270298142.0,227437970.0,4.315466864910429,18.5,1.0,0.0,1.0,5.405405405405405,0.0,X,X,0.0,False,1823
십일번가,2023,의무,도매 및 소매업(45~47),1202.5,85540229800.0,6322092329.0,7.390782493549018,570.2,19.4,18.8,38.2,6.699403717993686,49.21465968586387,O,X,0.0,False,1824
현대제철,2023,의무,제조업(10~34),11420.5,92724243788.0,5373834607.0,5.7955011413050315,233.4,11.4,2.2,13.6,5.8269065981148245,16.176470588235293,O,X,0.0,False,1825
에스디바이오센서,2023,의무,제조업(10~34),561.4,3382964004.0,254004917.0,7.508354114902371,7.0,1.0,0.0,1.0,14.285714285714285,0.0,X,O,0.0,True,1826
제주은행,2023,자율,금융 및 보험업(64~66),435.8,27678876045.0,2385488560.0,8.618444463285648,101.1,5.0,9.4,14.4,14.243323442136498,65.27777777777779,O,O,4.0,False,1827
롯데칠성음료,2023,의무,제조업(10~34),5861.6,26335762115.0,2017912699.0,7.662252909896472,73.5,1.7,4.8,6.5,8.843537414965986,73.84615384615384,O,O,1.0,False,1828
포스코퓨처엠,2023,의무,제조업(10~34),2163.3,13328450317.0,836056206.0,6.272718779118963,29.8,2.6,1.0,3.6,12.080536912751679,27.77777777777778,X,O,5.0,False,1829
에이치디현대인프라코어,2023,의무,제조업(10~34),2838.3,54832197744.0,4597054099.0,8.383858915272151,134.1,3.6,5.2,8.7,6.487695749440715,59.77011494252874,X,O,0.0,False,1830
한화오션,2023,의무,제조업(10~34),8594.8,62324611004.0,2386071544.0,3.828457980823758,224.3,9.4,14.3,23.7,10.566205974141774,60.33755274261604,X,X,0.0,False,1831
한국석유공업,2023,의무,제조업(10~34),205.0,645393737.0,132491771.0,20.528828125272,4.0,1.0,0.0,1.0,25.0,0.0,X,X,0.0,False,1832
롯데렌탈,2023,의무,"사업시설 관리, 사업 지원 및 임대 서비스업(74~76)",1155.0,36439796099.0,2236829772.0,6.138425599097642,388.3,5.4,5.9,11.3,2.910121040432655,52.21238938053098,X,X,0.0,False,1833
성우하이텍,2023,의무,제조업(10~34),1773.3,7325487583.0,168101534.0,2.2947487398669173,31.4,0.0,0.2,0.2,0.6369426751592357,100.0,O,O,0.0,False,1834
세방,2023,의무,운수 및 창고업(49~52),682.0,4941017562.0,189851000.0,3.842346189175516,15.7,0.0,0.4,0.4,2.547770700636943,100.0,O,O,0.0,False,1835
DL건설,2023,의무,건설업(41~42),1989.6,7260125348.0,533896507.0,7.3538194095653795,22.6,1.0,1.3,2.3,10.176991150442477,56.52173913043479,O,O,0.0,False,1836
씨제이씨지브이,2023,의무,정보통신업(58~63),1018.3,41866756744.0,3830622076.0,9.149555336762438,83.9,2.1,0.0,2.1,2.502979737783075,0.0,X,X,0.0,False,1837
팬오션,2023,의무,운수 및 창고업(49~52),395.4,6142445446.0,531081777.0,8.646096765024488,27.6,1.9,0.0,1.9,6.884057971014491,0.0,O,X,0.0,False,1838
미원상사,2023,의무,제조업(10~34),630.2,737857282.0,34554955.0,4.683148874852468,1.5,0.0,0.0,0.0,0.0,,O,O,0.0,False,1839
드림라인,2023,의무,정보통신업(58~63),133.4,13280692443.0,319685817.0,2.4071472054041902,20.9,3.3,0.3,3.6,17.22488038277512,8.333333333333332,O,O,1.0,False,1840
광동제약,2023,의무,제조업(10~34),1075.0,3569903872.0,208029618.0,5.8273170779652865,14.2,0.6,0.0,0.6,4.225352112676056,0.0,O,O,0.0,False,1841
고려제강,2023,의무,제조업(10~34),806.5,1555923666.0,260453679.0,16.739489519404223,7.0,1.0,0.0,1.0,14.285714285714285,0.0,X,O,0.0,False,1842
세아제강,2023,의무,제조업(10~34),661.0,9116872000.0,89435970.0,0.9809940295311813,24.0,0.0,3.0,3.0,12.5,100.0,X,O,0.0,False,1843
파워로직스,2023,의무,제조업(10~34),328.1,1326280384.0,55090763.0,4.153779522384913,3.1,0.4,0.0,0.4,12.903225806451612,0.0,O,O,0.0,True,1844
서희건설,2023,의무,건설업(41~42),921.4,997842885.0,170514984.0,17.088359957589915,2.0,0.0,0.5,0.5,25.0,100.0,X,X,0.0,False,1845
삼표시멘트,2023,의무,제조업(10~34),610.0,2551000000.0,49000000.0,1.9208153665229322,17.4,0.0,0.6,0.6,3.4482758620689653,100.0,O,O,0.0,False,1846
에이피위성,2023,의무,제조업(10~34),140.0,358232234.0,76585700.0,21.378785249124178,0.2,0.2,0.0,0.2,100.0,0.0,O,O,0.0,False,1848
아이즈비전,2023,의무,정보통신업(58~63),56.8,722114376.0,106350008.0,14.72758492762648,6.0,1.0,0.0,1.0,16.666666666666664,0.0,O,O,0.0,False,1849
무신사,2023,자율,도매 및 소매업(45~47),1201.7,46776012921.0,1433198600.0,3.0639605868514894,317.9,4.6,0.0,4.6,1.4469959106637307,0.0,O,O,0.0,False,1850
한국아이비엠,2023,의무,도매 및 소매업(45~47),,,,,,,,,,,O,X,0.0,False,1851
현대홈쇼핑,2023,의무,도매 및 소매업(45~47),1041.3,25659360557.0,1703283460.0,6.63805887218548,214.2,5.9,5.7,11.6,5.415499533146592,49.13793103448276,O,X,0.0,False,1852
엘엑스하우시스,2023,의무,제조업(10~34),3283.1,38412087160.0,2381698466.0,6.200388060350324,138.0,5.8,5.0,10.8,7.82608695652174,46.29629629629629,X,O,0.0,False,1853
중앙대학교병원,2023,의무,교육 서비스업(85),2168.3,5599477513.0,241047122.0,4.3048145374345035,30.2,0.0,0.0,0.0,0.0,,O,O,3.0,False,1854
솔루엠,2023,의무,제조업(10~34),424.3,4019028387.0,149372519.0,3.7166325941653517,7.9,0.0,0.2,0.2,2.5316455696202533,100.0,X,X,0.0,True,1855
아이에스동서,2023,의무,건설업(41~42),766.8,2411087381.0,141676108.0,5.876025444637338,7.7,0.0,0.0,0.0,0.0,,O,O,0.0,False,1856
셀트리온제약,2023,의무,제조업(10~34),825.3,1936547984.0,122712199.0,6.336646445833691,6.3,1.0,0.0,1.0,15.873015873015872,0.0,O,O,0.0,False,1857
한화에어로스페이스,2023,의무,제조업(10~34),2209.0,38516589085.0,3680446892.0,9.555484998627053,48.7,12.8,1.5,14.3,29.36344969199179,10.48951048951049,O,X,0.0,True,1859
이노션,2023,의무,"전문, 과학 및 기술 서비스업(70~73)",806.5,8714220218.0,199813160.0,2.2929551354149633,14.6,0.0,1.1,1.1,7.534246575342467,100.0,O,O,0.0,False,1860
포스코홀딩스,2023,의무,금융 및 보험업(64~66),3240.8,89190272709.0,5336363412.0,5.9831226544299145,350.0,7.5,47.2,54.7,15.62857142857143,86.28884826325411,O,O,1.0,False,1861
코오롱글로벌,2023,의무,건설업(41~42),3430.0,15180567006.0,957682603.0,6.308608911784938,28.6,1.0,2.6,3.6,12.587412587412587,72.22222222222221,O,O,0.0,False,1862
고려대학교안산병원,2023,의무,보건업 및 사회복지 서비스업(86~87),2312.8,6058416038.0,286214830.0,4.724251821016984,11.1,0.0,0.6,0.6,5.405405405405405,100.0,O,O,1.0,False,1863
농심,2023,의무,제조업(10~34),5251.8,23272545864.0,946113413.0,4.065362760605966,97.4,1.0,2.2,3.2,3.285420944558522,68.75,X,O,1.0,False,1864
포스코스틸리온,2023,의무,제조업(10~34),429.9,7943723278.0,411802509.0,5.183998668992911,9.5,0.0,0.0,0.0,0.0,,O,O,0.0,False,1865
국도화학,2023,의무,제조업(10~34),784.0,8301138166.0,594976147.0,7.1674044583056995,12.7,1.8,1.0,2.8,22.04724409448819,35.714285714285715,O,O,1.0,False,1866
티맵모빌리티,2023,의무,정보통신업(58~63),343.8,67374121055.0,1494971133.0,2.2189100348776343,482.4,5.2,4.3,9.5,1.9693200663349917,45.263157894736835,O,O,1.0,False,1867
에이치디건설기계,2023,의무,제조업(10~34),1376.1,20098382680.0,602159726.0,2.996060606404973,77.9,1.0,0.0,1.0,1.2836970474967906,0.0,X,X,0.0,False,1868
티에이치엔,2023,의무,제조업(10~34),485.0,2759103790.0,254010387.0,9.206264292072898,3.4,0.0,0.2,0.2,5.882352941176471,100.0,O,O,0.0,False,1869
삼양사,2023,의무,제조업(10~34),1313.3,17024366382.0,553218025.0,3.2495660195901435,30.6,0.0,0.7,0.7,2.287581699346405,100.0,O,O,0.0,False,1870
대상,2023,의무,제조업(10~34),5792.3,18172454320.0,1080798731.0,5.94745603410602,82.3,3.4,2.4,5.7,6.925880923450791,42.10526315789473,O,X,1.0,False,1871
가비아,2023,의무,정보통신업(58~63),325.4,27199506960.0,1353966990.0,4.977910048116549,195.7,11.6,0.0,11.6,5.927439959121104,0.0,O,O,1.0,False,1872
서울아산병원,2023,의무,보건업 및 사회복지 서비스업(86~87),9286.0,51762334503.0,4354671170.0,8.412818339458038,138.4,6.6,0.0,6.6,4.76878612716763,0.0,O,X,2.0,False,1873
롯데에너지머티리얼즈,2023,의무,제조업(10~34),550.6,1533611475.0,106762057.0,6.961480058044037,7.5,0.0,0.4,0.4,5.333333333333334,100.0,O,O,0.0,False,1874
지엠비코리아,2023,의무,제조업(10~34),718.0,3405347029.0,147772693.0,4.339431245672319,12.0,0.0,0.0,0.0,0.0,,O,O,0.0,False,1876
엘지디스플레이,2023,의무,제조업(10~34),29686.2,232849388415.0,12926455626.0,5.551423481929698,762.3,31.5,17.1,48.6,6.375442739079102,35.18518518518518,X,X,0.0,False,1877
에이피시스템,2023,의무,제조업(10~34),495.4,1671043001.0,151613642.0,9.072994645216793,7.1,0.0,0.0,0.0,0.0,,O,X,5.0,False,1878
동원에프앤비,2023,의무,제조업(10~34),3176.2,7870329732.0,406177116.0,5.1608652982926895,18.3,0.0,0.8,0.8,4.371584699453552,100.0,O,O,0.0,False,1879
대원제약,2023,의무,제조업(10~34),1071.4,5386511524.0,355189273.0,6.594050182895329,13.8,0.0,0.0,0.0,0.0,,O,O,0.0,False,1880
엘지에너지솔루션,2023,의무,제조업(10~34),9721.3,170246393340.0,14717215409.0,8.64465620696479,1001.2,27.0,21.3,48.3,4.824210946863762,44.09937888198758,O,X,0.0,False,1881
한양대학교병원,2023,의무,보건업 및 사회복지 서비스업(86~87),2369.0,6951675711.0,501570534.0,7.215102586076314,28.6,1.0,0.0,1.0,3.4965034965034962,0.0,O,O,3.0,False,1882
케이티에이치씨엔,2023,의무,정보통신업(58~63),427.8,9511424915.0,624048222.0,6.561038199606078,18.5,3.0,0.0,3.0,16.216216216216218,0.0,X,O,0.0,False,1883
사조대림,2023,의무,제조업(10~34),883.7,4441083884.0,253360463.0,5.7049240594798905,11.8,0.0,0.0,0.0,0.0,,O,O,1.0,False,1884
순천향대학교부속천안병원,2023,의무,보건업 및 사회복지 서비스업(86~87),2252.1,4225696784.0,248021993.0,5.869375056419098,20.3,1.0,0.3,1.3,6.403940886699508,23.076923076923077,O,O,0.0,False,1885
두산에너빌리티,2023,의무,건설업(41~42),5857.5,64345900559.0,4063408255.0,6.314945038766195,102.9,4.0,2.7,6.7,6.511175898931001,40.298507462686565,O,O,0.0,False,1886
화승알앤에이,2023,의무,제조업(10~34),670.3,2439570747.0,10836080.0,0.44417978094406135,4.4,0.0,0.0,0.0,0.0,,O,O,0.0,True,1887
포스코,2023,자율,제조업(10~34),17446.9,270758123757.0,21049274806.0,7.77419879925424,742.8,32.6,43.5,76.1,10.245018847603662,57.16162943495401,O,X,1.0,True,1888
코오롱플라스틱,2023,의무,제조업(10~34),373.5,2761767979.0,144380313.0,5.227821963968104,6.8,0.0,0.5,0.5,7.352941176470589,100.0,O,O,0.0,False,1889
한국마이크로소프트유한회사,2023,의무,정보통신업(58~63),,,,,,,,,,,O,O,0.0,False,1890
금강방송,2023,의무,정보통신업(58~63),56.0,2743132164.0,148918630.0,5.428780718419661,8.0,0.0,0.0,0.0,0.0,,O,O,2.0,False,1891
서울국제전화,2023,의무,정보통신업(58~63),8.0,1317653036.0,0.0,0.0,0.0,0.0,0.0,0.0,,,X,X,0.0,True,1892
비지에프리테일,2023,의무,도매 및 소매업(45~47),2257.0,24305930885.0,1005687019.0,4.137619841668533,88.0,4.0,0.5,4.5,5.113636363636364,11.11111111111111,O,O,0.0,False,1893
뉴젠스,2023,의무,정보통신업(58~63),407.3,1412510587.0,9634000.0,0.6820479852445878,15.6,0.0,0.0,0.0,0.0,,O,O,0.0,False,1894
서흥,2023,의무,제조업(10~34),814.0,1870524671.0,319649127.0,17.088741568381057,7.0,0.0,0.0,0.0,0.0,,X,O,0.0,False,1895
SUN&L,2023,의무,제조업(10~34),551.2,940932356.0,86535935.0,9.196828491250225,4.9,0.0,0.0,0.0,0.0,,X,X,0.0,True,1896
에스케이바이오팜,2023,자율,"전문, 과학 및 기술 서비스업(70~73)",253.7,8561764073.0,829281715.0,9.685874405429905,19.0,0.0,2.3,2.3,12.105263157894736,100.0,O,O,0.0,False,1897
카카오엔터프라이즈,2023,의무,정보통신업(58~63),1232.3,121407265988.0,5137343311.0,4.231495758670474,765.0,32.1,17.3,49.4,6.45751633986928,35.02024291497976,O,O,0.0,False,1898
엘에스네트웍스,2023,자율,도매 및 소매업(45~47),204.0,3389571174.0,396173450.0,11.688010950732732,8.0,0.0,0.0,0.0,0.0,,X,O,0.0,False,1899
SK네트웍스,2023,의무,도매 및 소매업(45~47),1563.0,43056515480.0,3733013291.0,8.670031119294839,190.8,6.0,9.4,15.4,8.071278825995806,61.038961038961034,O,X,1.0,False,1900
한솔제지,2023,의무,제조업(10~34),1506.0,11826936078.0,516848897.0,4.370099691004689,61.0,1.0,1.0,2.0,3.278688524590164,50.0,O,O,0.0,False,1901
에스비에스,2023,의무,정보통신업(58~63),947.0,11558363607.0,663139404.0,5.737312188365386,32.0,2.0,1.0,3.0,9.375,33.33333333333333,O,O,4.0,False,1902
씨에스윈드,2023,의무,제조업(10~34),90.5,1796207430.0,429863893.0,23.931751189783242,13.3,0.0,1.0,1.0,7.518796992481203,100.0,O,O,0.0,False,1903
코스맥스,2023,의무,제조업(10~34),1170.8,6641165625.0,464526559.0,6.994654029577828,35.1,0.0,5.3,5.3,15.0997150997151,100.0,O,O,0.0,False,1904
엑세스바이오,2023,의무,제조업(10~34),110.0,810462893.0,155850645.0,19.229831044220305,2.0,0.0,0.0,0.0,0.0,,O,X,0.0,False,1905
AJ네트웍스,2023,의무,"사업시설 관리, 사업 지원 및 임대 서비스업(74~76)",529.5,4392452365.0,65217444.0,1.4847615541529045,30.7,0.1,4.7,4.8,15.63517915309446,97.91666666666667,O,O,14.0,False,1906
동진쎄미켐,2023,의무,제조업(10~34),1271.4,3156391457.0,320185439.0,10.14403452049389,17.7,1.2,0.0,1.2,6.779661016949152,0.0,O,O,1.0,False,1907
SK오션플랜트,2023,의무,제조업(10~34),776.0,3459919434.0,102485900.0,2.962089203375364,6.0,1.0,0.0,1.0,16.666666666666664,0.0,X,O,30.0,False,1908
SK이노베이션,2023,의무,"전문, 과학 및 기술 서비스업(70~73)",1468.3,10975468628.0,1015804493.0,9.255226609718846,162.9,3.0,7.0,10.0,6.138735420503376,70.0,O,O,0.0,False,1909
인하대학교의과대학부속병원,2023,의무,보건업 및 사회복지 서비스업(86~87),2616.8,10258255178.0,510463662.0,4.976125599748656,37.3,1.0,0.0,1.0,2.680965147453083,0.0,O,O,1.0,False,1910
연세대학교의과대학강남세브란스병원,2023,의무,보건업 및 사회복지 서비스업(86~87),2361.5,7988437550.0,334126920.0,4.18263168371392,31.7,1.0,0.0,1.0,3.1545741324921135,0.0,O,O,0.0,False,1911
SK에너지,2023,자율,제조업(10~34),2634.8,74691205019.0,5893292861.0,7.8902099109270765,292.3,5.5,12.5,18.0,6.158056790968184,69.44444444444444,O,X,0.0,False,1912
에스케이지오센트릭,2023,자율,제조업(10~34),1233.7,29625080071.0,2179239897.0,7.356064158399553,136.9,2.6,5.9,8.4,6.135865595325055,70.23809523809524,O,X,0.0,False,1913
에이치에스효성첨단소재,2023,의무,제조업(10~34),951.0,5087812649.0,364155885.0,7.157415379113344,23.4,0.5,0.5,1.0,4.273504273504273,50.0,O,O,0.0,False,1914
SK엔무브,2023,자율,제조업(10~34),283.9,7552318397.0,614688970.0,8.13907647543266,31.5,0.6,1.4,1.9,6.031746031746031,73.68421052631578,X,O,0.0,False,1915
인터파크,2023,의무,도매 및 소매업(45~47),1073.1,29919853492.0,2027512680.0,6.776479305094586,425.3,17.2,1.0,18.2,4.279332236068657,5.4945054945054945,X,O,0.0,False,1916
SK인천석유화학,2023,자율,제조업(10~34),623.5,12309856678.0,988974204.0,8.03400258727204,69.2,1.3,3.0,4.3,6.213872832369942,69.76744186046511,O,X,0.0,False,1917
에스엠엔터테인먼트,2023,의무,정보통신업(58~63),556.1,6131337156.0,200971680.0,3.277778971970792,26.2,0.0,0.0,0.0,0.0,,X,O,0.0,False,1918
샘표식품,2023,의무,제조업(10~34),752.0,2693275236.0,122333178.0,4.542171418829323,22.9,0.9,0.0,0.9,3.9301310043668125,0.0,O,O,0.0,False,1919
에스케이아이이테크놀로지,2023,의무,제조업(10~34),264.4,9505000778.0,1207317627.0,12.701920338548762,29.3,0.6,1.3,1.8,6.143344709897611,72.22222222222221,X,O,0.0,False,1920
정보보호공시우수기업(고시성실성및다양한정보보호노력평가를통해공시연도에과학기술정보통신부장관표창을수여받은자)에스케이온,2023,자율,제조업(10~34),2231.6,124845816033.0,7961463988.0,6.377037085404271,251.0,8.0,10.6,18.6,7.410358565737052,56.98924731182795,O,O,0.0,False,1921
에스케이어스온,2023,자율,광업(05~08),76.8,5050799857.0,161175414.0,3.1910869280758356,8.5,0.2,0.4,0.5,5.88235294117647,80.0,X,O,0.0,False,1922
SK트레이딩인터내셔널,2023,자율,도매 및 소매업(45~47),94.4,4698530360.0,255087884.0,5.429099408862817,10.5,0.2,0.4,0.6,5.714285714285714,66.66666666666667,X,O,0.0,False,1923
포스코디엑스,2023,의무,정보통신업(58~63),1942.0,12739847692.0,2405859145.0,18.884520468096035,66.3,3.0,3.2,6.2,9.351432880844646,51.61290322580645,O,O,0.0,False,1924
삼현철강,2023,의무,제조업(10~34),97.9,90208801.0,7076466.0,7.844540578695863,0.5,0.0,0.0,0.0,0.0,,O,X,0.0,True,1925
씨젠,2023,의무,제조업(10~34),1122.9,20812945402.0,517963453.0,2.488660028629234,152.8,2.6,1.8,4.4,2.8795811518324608,40.90909090909091,X,O,0.0,False,1926
평화산업,2023,의무,제조업(10~34),804.1,1282302724.0,217632679.0,16.97202032926509,1.0,1.0,0.0,1.0,100.0,0.0,X,O,0.0,True,1927
일성건설,2023,의무,건설업(41~42),453.5,732397466.0,41617110.0,5.682312123127963,0.7,0.0,0.0,0.0,0.0,,O,X,0.0,False,1928
크라운제과,2023,의무,제조업(10~34),1307.8,1463749165.0,258711185.0,17.674557307091614,8.2,1.4,0.0,1.4,17.073170731707318,0.0,X,O,0.0,False,1929
학교법인가톨릭학원가톨릭대학교인천성모병원,2023,의무,보건업 및 사회복지 서비스업(86~87),2370.3,6316748046.0,599143646.0,9.485001485525453,22.8,1.0,0.4,1.4,6.140350877192982,28.571428571428577,O,O,6.0,False,1930
에스지씨이앤씨,2023,의무,건설업(41~42),1118.3,2968000467.0,117109000.0,3.9457204034193305,5.0,0.0,0.0,0.0,0.0,,X,X,0.0,False,1931
인지컨트롤스,2023,의무,제조업(10~34),532.9,1866774988.0,188163678.0,10.079612123022509,3.0,0.0,0.0,0.0,0.0,,X,X,0.0,True,1932
대한항공,2023,의무,운수 및 창고업(49~52),18318.3,155777919738.0,8156497096.0,5.2359776723930205,419.4,14.0,16.5,30.5,7.272293752980449,54.09836065573771,O,X,0.0,False,1933
에스엘,2023,의무,제조업(10~34),4478.2,24094486080.0,1058798399.0,4.394359753034418,45.0,2.2,1.0,3.2,7.111111111111111,31.25,O,O,1.0,False,1934
넥센,2023,의무,제조업(10~34),878.5,1912422145.0,136537522.0,7.13950747521803,11.2,0.0,0.6,0.6,5.357142857142858,100.0,X,X,0.0,False,1935
세아베스틸지주,2023,의무,금융 및 보험업(64~66),19.0,2938170000.0,33549350.0,1.1418450940551432,10.8,0.0,3.0,3.0,27.777777777777775,100.0,O,O,0.0,False,1936
디아이씨,2023,의무,제조업(10~34),696.3,403275652.0,7044400.0,1.7467952664794155,2.5,0.0,0.0,0.0,0.0,,O,O,0.0,False,1937
유신,2023,의무,"전문, 과학 및 기술 서비스업(70~73)",1469.3,3260429623.0,21890000.0,0.6713839135058062,8.9,0.0,0.0,0.0,0.0,,O,O,0.0,False,1938
삼양패키징,2023,의무,제조업(10~34),507.5,2983801065.0,131050080.0,4.3920515190244425,7.0,0.0,0.1,0.1,1.4285714285714286,100.0,O,O,0.0,False,1939
오리온,2023,의무,제조업(10~34),1396.0,7420278695.0,365879798.0,4.930809381142793,31.8,0.0,1.5,1.5,4.716981132075471,100.0,X,O,0.0,False,1940
애경케미칼,2023,의무,제조업(10~34),707.1,4971948318.0,88650057.0,1.783004394455574,35.8,1.0,0.4,1.4,3.910614525139665,28.571428571428577,O,X,0.0,False,1941
크리스에프앤씨,2023,의무,제조업(10~34),335.7,958183371.0,58245999.0,6.078794598492359,4.0,0.0,0.0,0.0,0.0,,O,O,0.0,False,1942
케이지이니시스,2023,의무,정보통신업(58~63),253.0,7748831604.0,822471835.0,10.614140002415775,92.0,5.0,0.0,5.0,5.434782608695652,0.0,X,X,0.0,False,1943
케이티씨에스,2023,의무,"사업시설 관리, 사업 지원 및 임대 서비스업(74~76)",9192.2,17674819140.0,589295150.0,3.334094370823644,42.2,1.9,0.4,2.3,5.450236966824644,17.39130434782609,O,O,0.0,False,1944
농협정보시스템,2023,의무,정보통신업(58~63),572.4,22802791145.0,3022154272.0,13.253440128370741,132.4,14.7,7.3,22.1,16.691842900302113,33.03167420814479,O,O,2.0,False,1945
씨제이올리브영,2023,자율,도매 및 소매업(45~47),10740.4,49760084144.0,2668792393.0,5.363319694711166,220.0,4.9,0.7,5.6,2.545454545454545,12.5,X,X,0.0,False,1946
TCC스틸,2023,의무,제조업(10~34),282.0,2603569700.0,106883978.0,4.105285831218577,14.8,0.0,1.8,1.8,12.162162162162161,100.0,O,O,0.0,False,1947
웅진씽크빅,2023,의무,정보통신업(58~63),2071.9,35082161087.0,2191427460.0,6.246557772098175,323.5,3.7,0.5,4.2,1.2982998454404946,11.904761904761903,O,O,0.0,False,1948
보령,2023,의무,제조업(10~34),1453.7,8276812726.0,608404149.0,7.350705750400954,13.2,1.0,0.0,1.0,7.575757575757576,0.0,O,O,0.0,False,1949
다우기술,2023,의무,정보통신업(58~63),607.8,35472066251.0,1785449006.0,5.03339442750862,254.9,5.3,0.0,5.3,2.0792467634366414,0.0,O,X,0.0,False,1950
넷플릭스서비시스코리아(유),2023,의무,정보통신업(58~63),66.0,2064777929.0,,,3.0,,,,,,X,O,2.0,False,1951
티씨케이,2023,의무,제조업(10~34),460.8,877872104.0,118712800.0,13.522789875551167,4.9,0.0,0.0,0.0,0.0,,X,O,0.0,False,1952
엔피씨,2023,의무,제조업(10~34),219.8,1436558150.0,118643052.0,8.258840896903477,18.0,0.0,1.5,1.5,8.333333333333332,100.0,X,X,0.0,False,1953
한진,2023,의무,운수 및 창고업(49~52),1531.2,21338189278.0,543372119.0,2.546477172551023,86.4,2.6,2.0,4.6,5.3240740740740735,43.47826086956522,O,O,0.0,False,1954
케이카,2023,의무,도매 및 소매업(45~47),514.9,4435717377.0,467763332.0,10.545381778051006,36.1,2.9,0.0,2.9,8.033240997229916,0.0,O,O,0.0,False,1955
엘지이노텍,2023,의무,제조업(10~34),14267.6,126116813750.0,6591611698.0,5.22659231707715,118.4,7.0,7.3,14.3,12.077702702702704,51.04895104895104,X,O,0.0,False,1956
STX,2023,의무,도매 및 소매업(45~47),81.4,898952591.0,43296296.0,4.816304712113567,5.0,0.0,0.3,0.3,6.0,100.0,X,O,0.0,False,1957
삼성이앤에이,2023,의무,건설업(41~42),5455.2,79199415833.0,4148635521.0,5.23821479914425,162.0,5.0,5.9,10.9,6.728395061728396,54.12844036697248,O,O,0.0,False,1958
에스지씨에너지,2023,의무,"전기, 가스, 증기 및 공기 조절 공급업(35)",214.2,563509850.0,8957366.0,1.5895668904456595,1.6,0.0,0.0,0.0,0.0,,X,X,0.0,False,1959
제이씨엔울산중앙방송,2023,의무,정보통신업(58~63),168.0,3244277892.0,158157412.0,4.874965008083839,6.0,1.0,0.0,1.0,16.666666666666664,0.0,O,O,2.0,False,1960
엔에이치엔,2023,의무,정보통신업(58~63),718.6,74664535810.0,4847514863.0,6.49239268738715,423.8,18.5,0.0,18.5,4.365266635205285,0.0,X,X,3.0,False,1961
롯데정밀화학,2023,의무,제조업(10~34),904.6,9074610772.0,649831287.0,7.160982474367662,20.3,1.0,0.2,1.2,5.911330049261084,16.666666666666668,O,O,0.0,False,1962
KCTV제주방송,2023,의무,정보통신업(58~63),146.8,8661393114.0,678765879.0,7.8366825066843395,46.3,0.0,0.0,0.0,0.0,,O,O,0.0,False,1963
유진기업,2023,의무,제조업(10~34),725.5,6154792318.0,218946053.0,3.557326416354964,22.8,0.0,1.5,1.5,6.578947368421052,100.0,X,O,0.0,False,1964
롯데이노베이트,2023,의무,정보통신업(58~63),2947.0,77263417050.0,8189965597.0,10.600056158142698,463.6,55.8,0.0,55.8,12.036238136324416,0.0,X,O,0.0,False,1965
한전산업개발,2023,의무,"전기, 가스, 증기 및 공기 조절 공급업(35)",3161.1,620492766.0,71937474.0,11.593603977648952,2.0,0.0,0.0,0.0,0.0,,O,O,0.0,False,1966
케이씨티시,2023,의무,운수 및 창고업(49~52),449.9,3587289717.0,175003165.0,4.87842295454053,8.6,0.0,0.0,0.0,0.0,,X,O,0.0,False,1967
국보디자인,2023,의무,건설업(41~42),370.9,868427426.0,58213750.0,6.703352319045713,0.0,0.0,0.0,0.0,,,O,O,0.0,True,1968
사조산업,2023,의무,"농업, 임업 및 어업(01~03)",609.1,2290835205.0,84047675.0,3.6688660457354896,6.8,0.0,0.0,0.0,0.0,,O,O,0.0,False,1969
케이씨씨,2023,의무,제조업(10~34),3427.8,14993154502.0,1033486566.0,6.89305620016214,76.3,5.0,0.0,5.0,6.553079947575361,0.0,X,X,0.0,False,1970
효성중공업,2023,의무,제조업(10~34),3131.0,37946158905.0,1337104710.0,3.5236892180510413,103.1,1.9,1.9,3.8,3.685741998060136,50.0,O,O,0.0,False,1971
롯데쇼핑,2023,의무,도매 및 소매업(45~47),22682.8,229745893872.0,10202994720.0,4.440991108935539,1027.5,26.1,5.3,31.4,3.0559610705596105,16.878980891719745,X,X,6.0,False,1972
인터지스,2023,의무,운수 및 창고업(49~52),468.0,4095208342.0,119386400.0,2.915270482714796,2.0,0.0,0.0,0.0,0.0,,X,O,1.0,False,1973
캠시스,2023,의무,제조업(10~34),137.0,1816156111.0,249521930.0,13.73901331987424,13.0,1.0,1.0,2.0,15.384615384615385,50.0,O,O,0.0,False,1974
티와이엠(TYMCORPORATION),2023,의무,제조업(10~34),903.3,3275147309.0,41688683.0,1.2728796315646882,16.1,0.0,0.0,0.0,0.0,,X,X,0.0,False,1975
코스모신소재,2023,의무,제조업(10~34),371.0,1181862436.0,48252632.0,4.082762132901904,4.0,0.0,0.0,0.0,0.0,,O,O,0.0,False,1976
대성산업,2023,의무,도매 및 소매업(45~47),394.3,2711177337.0,106166102.0,3.915867123523392,22.5,0.0,0.0,0.0,0.0,,O,O,0.0,False,1977
팜스토리,2023,의무,제조업(10~34),425.0,361357076.0,10205519.0,2.8242200520794563,8.6,0.0,0.3,0.3,3.488372093023256,100.0,O,O,4.0,False,1978
삼보모터스,2023,의무,제조업(10~34),485.0,1871916629.0,158071666.0,8.44437532906814,5.0,0.0,0.0,0.0,0.0,,X,X,0.0,False,1979
진흥기업,2023,의무,건설업(41~42),518.0,866522484.0,163697275.0,18.89128995757253,3.8,0.0,0.1,0.1,2.6315789473684212,100.0,O,O,0.0,False,1980
오뚜기,2023,의무,제조업(10~34),3090.8,11013525772.0,1180189041.0,10.715814948201494,94.2,2.0,4.1,6.1,6.475583864118896,67.21311475409836,X,X,0.0,False,1981
녹십자,2023,의무,제조업(10~34),2315.3,9445722253.0,443051799.0,4.690502082668003,37.6,2.2,0.0,2.2,5.851063829787234,0.0,O,O,0.0,False,1982
전북대학교병원,2023,자율,보건업 및 사회복지 서비스업(86~87),3192.4,6264497905.0,816911236.0,13.04033058017281,31.4,2.0,0.0,2.0,6.369426751592357,0.0,O,O,5.0,False,1983
엔에이치엔클라우드,2023,의무,정보통신업(58~63),427.4,95188253914.0,6337942505.0,6.658324157018532,302.2,27.7,0.0,27.7,9.16611515552614,0.0,O,X,1.0,False,1984
삼성전기,2023,의무,제조업(10~34),12445.4,189895890699.0,9522166841.0,5.014414375134313,818.7,20.8,3.0,23.8,2.9070477586417494,12.605042016806722,O,X,0.0,False,1985
하이트진로,2023,의무,제조업(10~34),3150.6,12218757823.0,834843278.0,6.832472581038732,23.8,0.0,0.0,0.0,0.0,,O,O,0.0,False,1986
안랩,2023,의무,정보통신업(58~63),1268.1,50466880578.0,10597655079.0,20.999227528280855,550.9,69.4,0.0,69.4,12.59756761662734,0.0,X,O,0.0,False,1988
엘지화학,2023,의무,제조업(10~34),14573.8,250010546978.0,16009897362.0,6.403688786540998,279.3,10.5,11.7,22.2,7.9484425349087,52.702702702702695,X,O,0.0,False,1989
대덕전자,2023,의무,제조업(10~34),2601.0,14951003727.0,2294247117.0,15.345104307992525,22.2,2.6,0.0,2.6,11.711711711711713,0.0,O,O,0.0,False,1990
세아특수강,2023,의무,제조업(10~34),326.4,1325377218.0,39822676.0,3.004629584631958,5.5,0.0,0.2,0.2,3.6363636363636367,100.0,O,O,0.0,True,1991
하이브,2023,의무,"전문, 과학 및 기술 서비스업(70~73)",650.5,15937266868.0,1787024728.0,11.212868196291033,56.9,5.9,0.1,6.0,10.54481546572935,1.6666666666666667,O,O,3.0,False,1992
엔에이치엔케이씨피,2023,의무,정보통신업(58~63),390.7,18838110202.0,2337462889.0,12.408160181331972,170.5,9.7,0.0,9.7,5.689149560117301,0.0,O,O,0.0,False,1993
위버스컴퍼니,2023,자율,도매 및 소매업(45~47),297.1,33618621645.0,1683769988.0,5.0084444442130245,146.8,6.6,1.2,7.8,5.313351498637601,15.384615384615385,O,O,3.0,False,1994
에이치엠엠,2023,의무,운수 및 창고업(49~52),1689.3,50397787996.0,4023416488.0,7.9833196018827906,212.7,1.4,5.0,6.4,3.0089327691584393,78.125,O,O,0.0,False,1995
한국쉘석유,2023,의무,제조업(10~34),109.2,1084468176.0,28238068.0,2.6038632229997316,2.0,0.0,0.0,0.0,0.0,,X,X,0.0,True,1996
바이오노트,2023,의무,제조업(10~34),303.8,855715985.0,20240666.0,2.3653485916825545,1.8,0.0,0.0,0.0,0.0,,X,X,0.0,True,1997
서연이화,2023,의무,제조업(10~34),907.0,8308760357.0,837835231.0,10.08375732360769,17.0,4.8,0.2,5.0,29.411764705882355,4.0,O,O,0.0,False,1998
현대엘리베이터,2023,의무,제조업(10~34),2704.8,20703511277.0,768132376.0,3.7101550829850574,72.6,2.6,0.0,2.6,3.581267217630854,0.0,O,O,0.0,False,1999
쌍용씨앤이,2023,의무,제조업(10~34),1175.0,2980532257.0,421861714.0,14.153905330473329,15.0,1.0,0.0,1.0,6.666666666666667,0.0,O,O,0.0,False,2000
위즈코어,2023,의무,정보통신업(58~63),61.0,1129168564.0,301208358.0,26.67523411500145,24.0,5.0,0.0,5.0,20.833333333333336,0.0,O,O,1.0,False,2001
케이티엠오에스북부,2023,의무,"사업시설 관리, 사업 지원 및 임대 서비스업(74~76)",900.8,49224623757.0,112569240.0,0.22868481546086386,766.8,1.0,0.0,1.0,0.13041210224308816,0.0,O,O,0.0,False,2002
KCTV광주방송,2023,의무,정보통신업(58~63),22.0,442742301.0,108515900.0,24.509946249748566,5.0,1.0,0.0,1.0,20.0,0.0,O,O,0.0,False,2003
아름방송네트워크,2023,의무,정보통신업(58~63),17.1,4031124183.0,354085472.0,8.783789730250541,2.0,0.0,0.0,0.0,0.0,,X,X,0.0,True,2004
현대백화점,2023,의무,도매 및 소매업(45~47),2790.8,48366392778.0,1921055054.0,3.971879943202656,334.0,3.7,8.0,11.7,3.5029940119760474,68.37606837606837,O,X,4.0,False,2005
두나무,2023,의무,정보통신업(58~63),492.0,135700390704.0,8682217533.0,6.398078508070262,256.2,13.3,0.0,13.3,5.191256830601093,0.0,O,O,0.0,False,2007
가온전선,2023,의무,제조업(10~34),437.7,2100616326.0,301309606.0,14.343866715239459,15.4,0.0,1.3,1.3,8.441558441558442,100.0,O,O,0.0,False,2008
한온시스템,2023,의무,제조업(10~34),2219.5,23684254505.0,2281230405.0,9.631843824843243,55.1,2.0,5.0,7.0,12.704174228675136,71.42857142857143,O,O,0.0,False,2009
대현,2023,의무,제조업(10~34),459.8,1400055776.0,62659107.0,4.475472197187664,26.5,0.4,1.0,1.4,5.283018867924528,71.42857142857143,O,O,0.0,False,2010
사조오양,2023,의무,제조업(10~34),859.0,1142636339.0,78530496.0,6.872746237768655,3.1,0.0,0.0,0.0,0.0,,O,O,1.0,False,2011
동성화인텍,2023,의무,제조업(10~34),469.8,594695306.0,58168935.0,9.781300510214553,1.1,0.0,0.1,0.1,9.090909090909092,100.0,O,O,0.0,False,2012
에스케이바이오사이언스,2023,의무,제조업(10~34),1074.3,15720780872.0,2806935526.0,17.85493703432622,61.2,4.7,4.7,9.4,15.359477124183007,50.0,O,O,0.0,False,2013
원익머트리얼즈,2023,의무,제조업(10~34),514.9,2186020925.0,258654291.0,11.832196482748673,9.0,1.0,0.0,1.0,11.11111111111111,0.0,O,O,0.0,False,2014
한국항공우주산업,2023,의무,제조업(10~34),5104.8,99681595190.0,7535698046.0,7.559768713207729,149.1,20.3,5.4,25.7,17.236753856472166,21.011673151750976,O,O,4.0,False,2015
휴스틸,2023,의무,제조업(10~34),534.2,563962683.0,77429218.0,13.729493162227543,4.8,1.0,0.0,1.0,20.833333333333336,0.0,O,O,0.0,False,2016
에쓰-오일(S-OIL),2023,의무,제조업(10~34),3189.5,27818038770.0,3914000460.0,14.070008645688576,100.3,5.4,9.3,14.7,14.65603190428714,63.26530612244898,O,O,5.0,False,2017
진에어,2023,의무,운수 및 창고업(49~52),1860.1,10746008349.0,533338423.0,4.963130547443054,39.7,4.6,0.0,4.6,11.58690176322418,0.0,O,X,0.0,False,2018
파라메타,2023,자율,정보통신업(58~63),93.5,8359240920.0,1038558351.0,12.424074876406362,56.1,4.8,0.0,4.8,8.55614973262032,0.0,O,O,0.0,False,2019
한일시멘트,2023,의무,제조업(10~34),638.5,6124364841.0,370683292.0,6.05259976542276,21.5,0.0,0.8,0.8,3.7209302325581395,100.0,O,O,7.0,False,2020
동성케미컬,2023,의무,제조업(10~34),601.6,2388216657.0,182987446.0,7.662095709099645,9.2,0.5,0.5,1.0,10.869565217391305,50.0,O,O,0.0,False,2021
한일현대시멘트,2023,의무,제조업(10~34),435.5,2390275485.0,156520471.0,6.548218897036465,9.1,0.0,0.3,0.3,3.296703296703297,100.0,O,O,7.0,False,2023
제이씨케미칼,2023,의무,제조업(10~34),85.8,141792898.0,7440000.0,5.247089314727173,0.0,0.0,0.0,0.0,,,O,O,1.0,False,2024
드림어스컴퍼니,2023,자율,제조업(10~34),331.3,12710860584.0,1121449048.0,8.822762554815856,84.4,3.8,3.0,6.8,8.056872037914692,44.11764705882353,O,O,2.0,False,2025
오스템임플란트,2023,의무,제조업(10~34),2324.2,12317538432.0,343783823.0,2.7910107599654532,95.4,2.5,0.0,2.5,2.6205450733752618,0.0,O,O,0.0,False,2026
비바리퍼블리카,2023,자율,금융 및 보험업(64~66),757.0,83899675593.0,9676569426.0,11.53350040701152,396.5,28.6,9.4,38.0,9.583858764186633,24.73684210526316,X,X,0.0,False,2027
리노공업,2023,의무,제조업(10~34),640.0,1230201515.0,369361914.0,30.024504887721587,0.8,0.0,0.0,0.0,0.0,,O,O,0.0,False,2028
대한제당,2023,의무,제조업(10~34),308.8,1327818043.0,167032589.0,12.579478783298924,4.3,0.0,0.0,0.0,0.0,,X,O,0.0,False,2029
하나마이크론,2023,의무,제조업(10~34),846.9,4136572472.0,376152656.0,9.093341372504304,28.6,2.0,0.0,2.0,6.9930069930069925,0.0,O,O,0.0,True,2030
아이티이지,2023,의무,정보통신업(58~63),78.9,5096371218.0,761658650.0,14.945117171015307,52.4,4.0,5.0,9.0,17.17557251908397,55.55555555555556,X,O,0.0,False,2031
예스이십사,2023,의무,도매 및 소매업(45~47),474.3,18629647604.0,946858174.0,5.0825340023967955,84.5,7.0,0.8,7.8,9.23076923076923,10.256410256410257,O,O,0.0,True,2032
멀티캠퍼스,2023,의무,교육 서비스업(85),861.5,30041019811.0,1651110689.0,5.496187211312378,94.7,2.0,1.2,3.2,3.37909186906019,37.49999999999999,O,O,0.0,False,2033
에스케이브로드밴드,2023,의무,정보통신업(58~63),2559.6,499969139250.0,23687740704.0,4.737840567426582,2223.4,22.9,92.8,115.7,5.203742016731132,80.20743301642177,O,X,0.0,False,2034
SIMPAC,2023,의무,제조업(10~34),486.8,2515154724.0,232111074.0,9.22850080693485,6.0,0.4,0.1,0.5,8.333333333333332,20.0,O,O,1.0,False,2035
태웅로직스,2023,의무,운수 및 창고업(49~52),300.2,925102762.0,166156389.0,17.960857520388636,8.6,0.0,0.0,0.0,0.0,,O,O,1.0,False,2036
한독,2023,의무,제조업(10~34),956.2,5708021522.0,387484557.0,6.788421443516765,17.8,0.0,0.0,0.0,0.0,,O,O,8.0,False,2037
현대비앤지스틸,2023,의무,제조업(10~34),492.3,4612755864.0,406317389.0,8.808560456691016,14.7,0.0,0.0,0.0,0.0,,O,O,1.0,False,2038
케이티스카이라이프,2023,의무,정보통신업(58~63),383.3,20168396427.0,1465318702.0,7.265419971804682,74.1,3.6,1.5,5.1,6.882591093117409,29.411764705882355,O,X,0.0,False,2039
리드코프,2023,의무,도매 및 소매업(45~47),385.5,3076045929.0,455069926.0,14.793989963210333,8.9,1.4,0.0,1.4,15.730337078651685,0.0,O,O,0.0,False,2040
두산퓨얼셀,2023,의무,제조업(10~34),436.8,5452399521.0,378920497.0,6.949609901852972,13.7,0.0,0.0,0.0,0.0,,O,O,1.0,False,2041
엘에스,2023,의무,금융 및 보험업(64~66),85.3,1780771682.0,122767286.0,6.894049767352489,5.3,0.0,0.0,0.0,0.0,,X,O,0.0,True,2042
한국케이블티브이푸른방송,2023,의무,정보통신업(58~63),120.4,1658284752.0,5944661.0,0.358482521945061,3.0,0.0,0.0,0.0,0.0,,X,X,0.0,True,2043
서울이동통신,2023,의무,정보통신업(58~63),9.7,599968552.0,112000.0,0.01866764510017185,3.1,0.0,0.0,0.0,0.0,,X,O,0.0,True,2044
동국산업,2023,의무,제조업(10~34),370.0,1319307306.0,281447400.0,21.33296758988766,9.7,0.0,2.0,2.0,20.61855670103093,100.0,O,O,0.0,False,2045
신한투자증권,2023,자율,금융 및 보험업(64~66),2694.8,113121304846.0,12499042424.0,11.049238197009686,428.6,16.4,23.6,40.0,9.332711152589827,59.00000000000001,O,O,1.0,False,2046
한화솔루션,2023,의무,제조업(10~34),7104.8,120384917826.0,6002261808.0,4.985891851232936,239.2,6.3,8.1,14.4,6.0200668896321075,56.25,O,O,0.0,False,2047
모베이스전자,2023,의무,제조업(10~34),1165.0,5122481559.0,356549792.0,6.960489518474809,228.0,13.0,0.0,13.0,5.701754385964912,0.0,O,O,2.0,False,2048
신원,2023,의무,제조업(10~34),718.8,5916128356.0,346227503.0,5.852264896329777,37.9,0.0,0.0,0.0,0.0,,X,O,0.0,False,2049
동부건설,2023,의무,건설업(41~42),1102.0,1667297858.0,62845902.0,3.7693266202228877,28.1,0.0,0.0,0.0,0.0,,O,O,0.0,False,2050
종근당,2023,의무,제조업(10~34),2400.0,10076066000.0,925511000.0,9.185241541688988,25.0,0.0,1.7,1.7,6.800000000000001,100.0,O,O,0.0,False,2051
대한제분,2023,의무,제조업(10~34),359.3,2159158737.0,482181472.0,22.33191398748002,11.8,3.0,0.0,3.0,25.423728813559322,0.0,X,O,0.0,False,2052
디와이에이,2023,의무,제조업(10~34),346.3,1663864694.0,169294118.0,10.174752707385712,2.7,1.4,0.0,1.4,51.85185185185185,0.0,O,O,4.0,False,2053
삼성전자,2023,의무,제조업(10~34),112986.0,4384173616677.0,243479703616.0,5.553605420410935,13001.7,827.8,76.4,904.2,6.954475184014399,8.44945808449458,O,X,11.0,False,2054
LG유플러스,2023,의무,정보통신업(58~63),10571.1,891637743169.0,44235192035.0,4.961117042643597,3414.7,42.1,75.2,117.3,3.4351480364307263,64.10912190963343,O,O,0.0,False,2055
롯데웰푸드,2023,의무,제조업(10~34),6033.4,28864281390.0,2512049951.0,8.70297069606,110.0,3.5,5.0,8.5,7.727272727272727,58.82352941176471,O,O,4.0,False,2056
트리니티항공,2023,의무,운수 및 창고업(49~52),1737.4,11359994853.0,351521066.0,3.0943769829892895,53.5,2.1,0.6,2.7,5.046728971962617,22.22222222222222,O,O,0.0,False,2057
현대로템,2023,의무,제조업(10~34),3446.8,22791473654.0,3001315116.0,13.168587347897343,61.0,14.1,0.0,14.1,23.114754098360653,0.0,O,O,0.0,False,2058
위니아,2023,의무,제조업(10~34),623.1,2555126178.0,88054054.0,3.446172433993982,17.9,0.0,1.0,1.0,5.5865921787709505,100.0,O,O,0.0,False,2059
아주대학교의료원,2023,의무,교육 서비스업(85),4525.0,8965042617.0,569401724.0,6.351355462831483,54.1,1.0,0.0,1.0,1.8484288354898335,0.0,O,O,3.0,False,2060
마니커,2023,의무,제조업(10~34),538.0,949144177.0,95192364.0,10.029283886129768,1.4,0.0,0.3,0.3,21.42857142857143,100.0,O,O,1.0,False,2061
충북대학교병원,2023,자율,보건업 및 사회복지 서비스업(86~87),2502.0,7180204089.0,816965432.0,11.37802521869236,39.6,1.0,0.5,1.5,3.787878787878788,33.33333333333333,O,O,4.0,False,2062
동일고무벨트,2023,의무,제조업(10~34),574.7,1078484937.0,0.0,0.0,4.4,0.0,0.0,0.0,0.0,,O,O,0.0,True,2063
서한,2023,의무,건설업(41~42),422.7,960990715.0,22124711.0,2.30228145336451,3.0,0.0,0.0,0.0,0.0,,O,X,0.0,False,2064
텐센트코리아유한회사,2023,의무,정보통신업(58~63),,,,,,,,,,,X,O,0.0,False,2065
서울반도체,2023,의무,제조업(10~34),442.9,6663532225.0,251178944.0,3.769456431194793,5.2,0.0,1.0,1.0,19.23076923076923,100.0,O,O,0.0,False,2066
선진,2023,의무,제조업(10~34),391.2,6688057355.0,341494823.0,5.106039091376782,35.8,2.0,0.0,2.0,5.5865921787709505,0.0,O,O,3.0,False,2067
동원산업,2023,의무,"농업, 임업 및 어업(01~03)",689.2,3610133889.0,93201799.0,2.581671535340666,9.0,0.0,0.2,0.2,2.2222222222222223,100.0,O,O,0.0,False,2068
제주항공,2023,의무,운수 및 창고업(49~52),2621.9,78794188961.0,2782544177.0,3.531407853410674,106.5,8.7,7.6,16.3,15.305164319248826,46.62576687116564,O,O,3.0,False,2069
효성,2023,의무,금융 및 보험업(64~66),655.0,8792096899.0,598298194.0,6.804954504858215,19.3,0.6,0.6,1.2,6.217616580310881,50.0,X,O,0.0,False,2070
호텔롯데,2023,자율,숙박 및 음식점업(55~56),4757.3,71022701047.0,6119410652.0,8.616133379594247,349.4,9.7,8.8,18.5,5.294791070406411,47.56756756756757,O,X,3.0,False,2071
한신공영,2023,의무,건설업(41~42),1047.3,2130061576.0,139888973.0,6.567367562335673,8.0,0.0,0.5,0.5,6.25,100.0,X,O,0.0,False,2072
삼립,2023,의무,제조업(10~34),3179.2,6400628684.0,580448054.0,9.068610017184369,29.3,1.0,1.2,2.2,7.508532423208192,54.54545454545454,O,O,1.0,False,2073
에스에이엠티,2023,의무,도매 및 소매업(45~47),138.0,526035192.0,8470000.0,1.6101584321377496,2.0,0.0,0.0,0.0,0.0,,X,O,0.0,False,2074
에프앤에프,2023,의무,제조업(10~34),538.8,12916726154.0,731666202.0,5.664486443985038,63.3,6.0,3.0,9.0,14.218009478672986,33.33333333333333,O,O,0.0,False,2075
코텍,2023,의무,제조업(10~34),456.0,1177456404.0,124631637.0,10.584819665221337,4.0,1.0,0.0,1.0,25.0,0.0,O,O,0.0,False,2076
핸즈코퍼레이션,2023,의무,제조업(10~34),912.0,263890000.0,44890000.0,17.01087574368108,4.0,0.0,0.0,0.0,0.0,,O,O,0.0,False,2077
제일기획,2023,의무,"전문, 과학 및 기술 서비스업(70~73)",1274.0,17473451094.0,1159637001.0,6.636565351410139,67.0,2.0,0.0,2.0,2.9850746268656714,0.0,O,O,0.0,False,2078
한국무브넥스,2023,의무,제조업(10~34),483.8,1384119110.0,351467247.0,25.392846934972233,15.3,1.0,3.0,4.0,26.143790849673206,75.0,O,O,8.0,False,2079
조선대학교병원,2023,의무,보건업 및 사회복지 서비스업(86~87),1812.7,4930071857.0,540402596.0,10.961353336720748,19.0,1.0,0.0,1.0,5.263157894736842,0.0,O,O,2.0,False,2080
KC코트렐,2023,의무,제조업(10~34),272.3,1291431495.0,31721112.0,2.4562752358769138,2.0,0.0,0.0,0.0,0.0,,O,O,0.0,True,2081
엘지전자,2023,의무,제조업(10~34),36504.2,371330631024.0,24152736496.0,6.504374936534377,1164.2,85.6,28.1,113.7,9.766363167840577,24.7141600703606,X,O,0.0,True,2082
한국철강,2023,의무,제조업(10~34),353.0,3283507840.0,174136516.0,5.3033683635121145,10.0,0.0,0.0,0.0,0.0,,O,O,0.0,False,2083
삼원강재,2023,의무,제조업(10~34),285.4,576863929.0,14924707.0,2.5872144624941527,2.0,0.0,0.0,0.0,0.0,,O,O,0.0,False,2084
지마켓,2023,의무,정보통신업(58~63),1036.8,114551700260.0,13465036017.0,11.754549244086444,576.5,15.4,21.2,36.6,6.348655680832612,57.92349726775956,O,X,3.0,False,2085
인탑스,2023,의무,제조업(10~34),485.0,1454061785.0,189717200.0,13.04739605683262,7.0,1.0,0.0,1.0,14.285714285714285,0.0,X,O,0.0,False,2086
HD현대중공업,2023,의무,제조업(10~34),12840.0,30299966892.0,1910257159.0,6.304485961350535,76.3,3.0,2.5,5.5,7.208387942332897,45.45454545454545,O,X,0.0,False,2087
넥센타이어,2023,의무,제조업(10~34),4091.3,15976963039.0,927788872.0,5.807041486766001,69.5,2.0,0.6,2.6,3.7410071942446046,23.076923076923077,X,X,0.0,False,2088
풍산,2023,의무,제조업(10~34),3401.9,11511286538.0,3205194353.0,27.843928151899505,33.5,10.2,6.1,16.3,48.65671641791045,37.42331288343558,O,O,0.0,True,2089
현대오토에버,2023,의무,정보통신업(58~63),3894.3,48389982160.0,2781841868.0,5.748797052253346,386.5,15.7,4.8,20.5,5.304010349288486,23.414634146341463,O,O,0.0,False,2090
디지털리얼티코리아유한회사,2023,의무,정보통신업(58~63),,,,,,,,,,,X,X,0.0,False,2091
한국오라클유한회사,2023,의무,정보통신업(58~63),,,,,,,,,,,O,O,0.0,False,2092
에스제이지세종,2023,의무,제조업(10~34),658.0,4323909635.0,187102266.0,4.327154862014132,10.0,1.0,0.0,1.0,10.0,0.0,O,O,1.0,False,2093
이화의대부속서울병원,2023,자율,보건업 및 사회복지 서비스업(86~87),1928.7,6586160033.0,523261904.0,7.944870780214764,20.4,1.0,0.0,1.0,4.901960784313726,0.0,O,O,8.0,False,2094
아모레퍼시픽,2023,의무,제조업(10~34),5142.1,138395752945.0,5971499810.0,4.314799900234757,761.0,12.7,16.1,28.8,3.7844940867279893,55.90277777777778,O,O,3.0,False,2095
에코프로비엠,2023,의무,제조업(10~34),1291.8,3287693490.0,867868468.0,26.397487193978048,23.8,5.0,0.0,5.0,21.008403361344538,0.0,O,X,0.0,False,2096
순천향대학교부속부천병원,2023,의무,보건업 및 사회복지 서비스업(86~87),2193.5,4628031883.0,217992676.0,4.710267377386605,21.7,1.0,0.3,1.3,5.990783410138249,23.076923076923077,O,O,2.0,False,2097
교보디티에스,2023,의무,정보통신업(58~63),345.5,7460527610.0,149249932.0,2.000527842024835,36.7,0.0,0.0,0.0,0.0,,O,O,0.0,False,2098
씨제이대한통운,2023,의무,운수 및 창고업(49~52),6604.6,87623363072.0,11590417483.0,13.227542377569062,338.8,7.5,24.0,31.5,9.297520661157025,76.19047619047619,O,X,0.0,False,2099
미원스페셜티케미칼,2023,의무,제조업(10~34),478.0,474402984.0,69598159.0,14.670683226562502,1.2,0.0,0.0,0.0,0.0,,O,O,2.0,False,2100
씨제이프레시웨이,2023,의무,도매 및 소매업(45~47),6853.7,20222370662.0,2025491346.0,10.016092474291924,59.2,2.2,0.0,2.2,3.7162162162162162,0.0,X,X,0.0,False,2101
케이에스에스해운,2023,의무,운수 및 창고업(49~52),382.0,287672184.0,14070000.0,4.890983829010037,4.0,0.0,0.0,0.0,0.0,,O,O,0.0,False,2102
금강공업,2023,의무,제조업(10~34),391.7,966450943.0,19535208.0,2.021334672131413,8.0,0.0,0.0,0.0,0.0,,O,O,0.0,False,2103
Google,2023,의무,,,,,,,,,,,,O,X,0.0,False,2104
코리아써키트,2023,의무,제조업(10~34),1237.0,2899846000.0,201843000.0,6.960473073397691,21.0,4.0,2.0,6.0,28.57142857142857,33.33333333333333,O,O,2.0,False,2105
코스콤,2023,의무,정보통신업(58~63),809.0,174436545148.0,15297011574.0,8.769384626954926,586.0,27.2,6.0,33.2,5.665529010238908,18.072289156626503,O,O,3.0,False,2106
네패스,2023,의무,제조업(10~34),997.0,4725754285.0,219800319.0,4.651116112779444,54.0,0.9,0.0,0.9,1.6666666666666667,0.0,X,X,0.0,False,2107
쿠쿠홈시스,2023,의무,"사업시설 관리, 사업 지원 및 임대 서비스업(74~76)",666.4,1430135185.0,25608571.0,1.7906398827604537,0.0,0.0,0.0,0.0,,,X,O,0.0,True,2108
매일유업,2023,의무,제조업(10~34),2089.8,12782668837.0,1196050573.0,9.356814200943536,40.3,1.7,4.1,5.8,14.392059553349876,70.6896551724138,O,O,1.0,False,2109
후성,2023,의무,제조업(10~34),373.0,766087936.0,45987481.0,6.002898471436052,9.0,0.0,1.0,1.0,11.11111111111111,100.0,O,O,0.0,False,2110
휴온스,2023,의무,제조업(10~34),862.3,3455473294.0,139000566.0,4.022620178872666,8.6,0.0,0.9,0.9,10.465116279069768,100.0,O,O,2.0,False,2111
영풍,2023,의무,제조업(10~34),704.7,1448908519.0,212719400.0,14.681354772267715,7.1,0.0,0.0,0.0,0.0,,O,X,0.0,False,2112
미창석유공업,2023,의무,제조업(10~34),82.3,294220648.0,14334801.0,4.872126105846928,1.3,0.0,0.0,0.0,0.0,,X,O,0.0,True,2113
디와이피,2023,의무,제조업(10~34),579.0,726715132.0,37378000.0,5.143418425474591,3.0,0.0,0.0,0.0,0.0,,O,O,0.0,True,2114
화승인더스트리,2023,의무,제조업(10~34),37.8,169986172.0,13754049.0,8.091275212668474,0.0,0.0,0.0,0.0,,,O,O,0.0,False,2115
티케이케미칼,2023,의무,제조업(10~34),655.0,883115094.0,48038607.0,5.43967681295231,5.0,0.0,0.0,0.0,0.0,,O,O,0.0,False,2116
이노그리드,2023,의무,정보통신업(58~63),146.0,2461119606.0,221529251.0,9.001157459390862,58.0,6.0,0.0,6.0,10.344827586206897,0.0,X,X,1.0,False,2117
세방전지,2023,의무,제조업(10~34),1155.7,4227087333.0,150875334.0,3.5692504581617546,17.3,0.0,0.4,0.4,2.312138728323699,100.0,X,O,0.0,False,2118
롯데캐피탈,2023,자율,금융 및 보험업(64~66),436.9,14137258418.0,1204516558.0,8.520156613013254,66.3,4.9,0.0,4.9,7.390648567119157,0.0,O,X,1.0,False,2119
케이티지디에이치,2023,의무,정보통신업(58~63),18.0,1044412221.0,175602039.0,16.81347991426845,14.0,3.0,0.0,3.0,21.428571428571427,0.0,O,O,0.0,False,2120
이화의대부속목동병원,2023,의무,교육 서비스업(85),1917.3,6445305266.0,317107228.0,4.919972210979526,20.4,1.0,0.0,1.0,4.901960784313726,0.0,O,O,8.0,False,2121
삼목에스폼,2023,의무,제조업(10~34),330.5,597834415.0,6666000.0,1.1150244671009781,1.1,0.0,0.0,0.0,0.0,,O,O,0.0,True,2122
평화이즈,2023,의무,정보통신업(58~63),181.0,3268895393.0,374147849.0,11.445696604461517,166.0,1.0,0.0,1.0,0.6024096385542169,0.0,O,O,0.0,False,2123
데이콤크로싱,2023,의무,정보통신업(58~63),14.1,17467004824.0,36650000.0,0.2098241820466105,6.3,0.0,0.3,0.3,4.761904761904762,100.0,X,O,0.0,False,2124
"MetaPlatforms,Inc.",2023,의무,,,,,,,,,,,,O,X,0.0,False,2125
화신정공,2023,의무,제조업(10~34),202.6,238729796.0,6586260.0,2.7588763993246994,0.0,0.0,0.0,0.0,,,X,X,0.0,True,2126
위니아에이드,2023,의무,도매 및 소매업(45~47),479.7,1718809776.0,18659194.0,1.0855880773161253,12.3,0.0,1.5,1.5,12.195121951219512,100.0,O,O,0.0,False,2127
한국공항,2023,의무,운수 및 창고업(49~52),2673.3,4893604377.0,34985780.0,0.7149286559500722,13.6,0.0,0.0,0.0,0.0,,X,O,0.0,False,2128
동일산업,2023,의무,제조업(10~34),270.6,585780934.0,59549459.0,10.165824038240206,3.5,0.5,0.0,0.5,14.285714285714285,0.0,O,O,0.0,False,2129
톱텍,2023,의무,제조업(10~34),431.8,1583577907.0,92244074.0,5.825041735695293,3.7,0.0,0.7,0.7,18.918918918918916,100.0,O,O,0.0,False,2130
딜라이브,2023,의무,정보통신업(58~63),1057.4,37177698471.0,2327413278.0,6.260240342245687,201.5,7.8,3.0,10.8,5.359801488833747,27.777777777777775,O,X,3.0,False,2131
딜라이브강남케이블티브이,2023,의무,정보통신업(58~63),85.3,1930310497.0,118245948.0,6.125747551172333,9.5,1.0,0.0,1.0,10.526315789473683,0.0,O,X,0.0,True,2132
딜라이브경기동부케이블티브이,2023,의무,정보통신업(58~63),11.0,932312798.0,101051967.0,10.83884799358938,3.5,1.0,0.0,1.0,28.57142857142857,0.0,O,X,0.0,True,2133
상호저축은행중앙회,2023,자율,금융 및 보험업(64~66),177.0,19736726000.0,3315084000.0,16.79652440835425,154.0,5.0,1.0,6.0,3.896103896103896,16.666666666666664,O,O,0.0,False,2134
엘지헬로비전,2023,의무,정보통신업(58~63),1062.2,101349295452.0,2081251194.0,2.0535428339368185,621.1,6.2,7.7,13.8,2.2218644340685882,55.79710144927537,X,O,4.0,False,2135
유니트론텍,2023,의무,도매 및 소매업(45~47),90.0,217616849.0,39563057.0,18.18014422219669,1.0,0.0,0.0,0.0,0.0,,O,O,0.0,False,2136
CJ제일제당,2023,의무,제조업(10~34),8516.0,51666800213.0,3621233311.0,7.008820550278346,138.4,12.5,12.0,24.5,17.702312138728324,48.97959183673469,X,O,0.0,False,2137
아모에스넷,2023,의무,정보통신업(58~63),2.0,274431177.0,166667.0,0.060731802349118666,2.0,0.0,0.0,0.0,0.0,,O,O,0.0,False,2138
유니퀘스트,2023,의무,도매 및 소매업(45~47),185.7,500610282.0,14389000.0,2.87429174297303,2.1,0.0,0.0,0.0,0.0,,O,O,0.0,True,2139
야놀자,2023,자율,정보통신업(58~63),1200.7,68853384330.0,5279089349.0,7.667145777030246,558.9,48.1,1.5,49.6,8.874575058149938,3.0241935483870965,O,O,0.0,False,2140
아시아나IDT,2023,의무,정보통신업(58~63),419.6,11238130010.0,1060127300.0,9.43330695637681,46.1,0.0,5.2,5.2,11.279826464208242,100.0,O,O,0.0,False,2141
제이에스코퍼레이션,2023,의무,제조업(10~34),136.0,104117604.0,0.0,0.0,0.0,0.0,0.0,0.0,,,X,X,0.0,False,2142
에이치디현대,2023,의무,금융 및 보험업(64~66),57.7,1218174039.0,61908001.0,5.082032535418365,0.4,0.0,0.1,0.1,25.0,100.0,X,O,0.0,True,2143
지에스,2023,의무,금융 및 보험업(64~66),81.1,1637844590.0,157692819.0,9.628069718140962,7.0,0.0,0.0,0.0,0.0,,O,O,1.0,False,2144
쿠팡,2023,의무,도매 및 소매업(45~47),22302.0,928706513359.0,63904953943.0,6.881070932932818,2290.1,125.0,42.7,167.7,7.322824330815248,25.462134764460348,O,X,0.0,False,2145
엔브이에이치코리아,2023,의무,제조업(10~34),531.0,2427298490.0,138683822.0,5.713505058045003,11.0,0.0,0.0,0.0,0.0,,O,X,0.0,False,2146
TikTokPte.Ltd.,2023,의무,,,,,,,,,,,,X,O,0.0,False,2147
네이블,2023,의무,정보통신업(58~63),107.1,952619490.0,238626710.0,25.049530531860103,6.0,2.0,0.0,2.0,33.33333333333333,0.0,O,O,0.0,True,2148
피엔티,2023,의무,제조업(10~34),445.5,610003158.0,39983044.0,6.554563443751876,1.9,0.1,0.0,0.1,5.2631578947368425,0.0,X,O,0.0,True,2149
XCorp.,2023,의무,,,,,,,,,,,,X,O,1.0,False,2150
당근마켓,2023,의무,정보통신업(58~63),332.0,48844191627.0,2301537802.0,4.711998961055095,214.0,3.0,7.0,10.0,4.672897196261682,70.0,X,O,1.0,False,2151
에치에프알,2023,의무,제조업(10~34),184.4,316010109.0,13405660.0,4.2421617594518155,13.2,0.0,0.0,0.0,0.0,,X,X,0.0,True,2152
경상국립대학교병원,2023,자율,보건업 및 사회복지 서비스업(86~87),2450.1,5234131514.0,408493080.0,7.804409937109578,25.0,2.0,0.0,2.0,8.0,0.0,X,O,3.0,False,2153
크리테오코리아유한회사,2023,의무,,,,,,,,,,,,O,X,0.0,False,2154
숙명여자대학교,2023,자율,교육 서비스업(85),1769.4,4704116108.0,353976745.0,7.52483010353451,12.7,1.0,1.2,2.2,17.322834645669293,54.54545454545454,O,O,0.0,False,2156
한국중부발전,2024,자율,"전기, 가스, 증기 및 공기 조절 공급업(35)",2820.5,38594243618.0,11675529481.0,30.251997154193845,160.0,21.0,14.0,35.0,21.875,40.0,O,O,2.0,False,2157
라포랩스,2024,자율,정보통신업(58~63),155.2,6356488881.0,117800319.0,1.8532293724624231,57.5,0.8,0.0,0.8,1.391304347826087,0.0,O,O,0.0,False,2158
숭실대학교,2024,자율,교육 서비스업(85),1811.0,3929325400.0,213060800.0,5.422325165536049,21.0,1.0,0.0,1.0,4.761904761904762,0.0,O,O,0.0,False,2160
나이스평가정보,2024,자율,정보통신업(58~63),775.0,68343807736.0,4385526773.0,6.416860456386204,173.0,14.0,0.0,14.0,8.092485549132949,0.0,O,X,0.0,False,2161
비에이치아이,2024,의무,제조업(10~34),454.0,2318700959.0,77146665.0,3.3271502606041747,7.0,0.0,0.0,0.0,0.0,,X,O,0.0,False,2162
디어유,2024,자율,정보통신업(58~63),91.0,7841596308.0,462062677.0,5.8924568270443025,27.4,1.6,0.2,1.8,6.569343065693431,11.111111111111112,O,O,2.0,False,2163
메가스터디교육,2024,의무,교육 서비스업(85),2277.9,29762211515.0,1007592234.0,3.385475012474052,369.7,7.0,3.2,10.2,2.7589937787395185,31.37254901960785,O,O,0.0,False,2164
마이크로소프트5673코리아,2024,자율,,,,,,,,,,,,O,O,0.0,False,2165
고려아연,2024,의무,제조업(10~34),1842.7,18232000184.0,2886334174.0,15.831143839791,62.0,7.2,1.0,8.2,13.2258064516129,12.195121951219514,O,X,3.0,False,2166
E1,2024,의무,도매 및 소매업(45~47),315.9,10174287639.0,1011296117.0,9.939724066022151,18.3,1.0,1.7,2.7,14.754098360655737,62.962962962962955,X,O,0.0,False,2167
HDC현대EP,2024,의무,제조업(10~34),382.2,1585544474.0,17708420.0,1.1168668107634552,5.1,0.0,0.0,0.0,0.0,,O,O,0.0,False,2168
씨제이올리브영,2024,자율,도매 및 소매업(45~47),13696.3,91603769711.0,3785715275.0,4.132706860147266,346.6,5.9,1.8,7.7,2.221581073283324,23.376623376623375,X,X,0.0,False,2169
스마일서브,2024,의무,정보통신업(58~63),69.2,5377277250.0,491531701.0,9.14090306576623,51.3,7.0,1.4,8.4,16.374269005847957,16.666666666666664,O,X,0.0,False,2170
울산대학교병원,2024,의무,보건업 및 사회복지 서비스업(86~87),3159.6,6497545058.0,704397471.0,10.840978626731056,38.2,1.0,1.0,2.0,5.235602094240837,50.0,O,O,3.0,False,2177
롯데캐피탈,2024,자율,금융 및 보험업(64~66),427.6,21891707696.0,1836307088.0,8.388139991178146,72.1,6.0,0.0,6.0,8.321775312066574,0.0,O,O,2.0,False,2178
카카오게임즈,2024,의무,정보통신업(58~63),484.8,71758345220.0,3686734153.0,5.137707874529496,246.9,19.7,1.2,20.9,8.46496557310652,5.741626794258373,O,X,0.0,False,2179
엘아이지디펜스앤에어로스페이스,2024,의무,제조업(10~34),4171.0,34316119949.0,5486421326.0,15.987883636477026,102.7,26.2,9.2,35.4,34.46932814021421,25.98870056497175,O,X,4.0,False,2180
커리어넷,2024,자율,"사업시설 관리, 사업 지원 및 임대 서비스업(74~76)",252.0,775213205.0,93486895.0,12.059507551861168,9.3,1.0,0.0,1.0,10.75268817204301,0.0,O,O,1.0,False,2181
웰컴저축은행,2024,자율,금융 및 보험업(64~66),709.6,16199974840.0,2191321954.0,13.526699736528727,100.1,7.0,1.0,8.0,7.992007992007992,12.5,O,X,2.0,False,2182
삼보산업,2024,의무,제조업(10~34),133.3,81477334.0,15688727.0,19.255326886370632,0.0,0.0,0.0,0.0,,,O,O,0.0,False,2184
STX엔진,2024,의무,제조업(10~34),879.8,6159612108.0,459520974.0,7.460225837974146,22.8,0.0,0.4,0.4,1.7543859649122806,100.0,X,X,0.0,True,2185
스트리미,2024,자율,정보통신업(58~63),77.7,6434411051.0,738728371.0,11.480901129019275,34.6,4.1,0.0,4.1,11.849710982658959,0.0,O,X,0.0,False,2186
에이치디현대에너지솔루션,2024,의무,제조업(10~34),241.9,2692715110.0,71823023.0,2.667308648184471,7.2,0.0,0.5,0.5,6.944444444444445,100.0,X,O,0.0,True,2187
KG파이낸셜,2024,자율,정보통신업(58~63),180.3,9231057169.0,1173932286.0,12.717203073363395,67.0,4.0,2.0,6.0,8.955223880597014,33.33333333333333,O,O,1.0,False,2188
엔에이치엔,2024,의무,정보통신업(58~63),889.8,52278048772.0,3404091931.0,6.511512979082769,332.7,11.1,2.6,13.7,4.117823865344153,18.978102189781023,X,X,3.0,False,2189
인카금융서비스,2024,의무,금융 및 보험업(64~66),344.4,4202116295.0,162927161.0,3.877264443962753,18.8,1.0,0.0,1.0,5.319148936170213,0.0,X,O,0.0,False,2190
콜마비앤에이치,2024,의무,제조업(10~34),513.2,1912952004.0,138674110.0,7.249220561207556,6.8,0.0,0.0,0.0,0.0,,X,O,1.0,False,2191
신원,2024,의무,제조업(10~34),743.8,5727305535.0,465921699.0,8.13509417565934,47.2,0.0,0.0,0.0,0.0,,X,O,0.0,False,2192
셀메이트,2024,자율,정보통신업(58~63),62.8,1566528875.0,284565191.0,18.165333275455904,34.3,4.0,0.0,4.0,11.661807580174928,0.0,O,X,1.0,False,2193
선진,2024,의무,제조업(10~34),413.1,6165708282.0,360470140.0,5.846370335949021,40.9,2.0,0.0,2.0,4.88997555012225,0.0,O,O,2.0,False,2194
신성통상,2024,의무,제조업(10~34),1010.0,9179644657.0,615181135.0,6.701578960694186,80.7,3.0,0.4,3.4,4.2131350681536555,11.764705882352942,O,X,0.0,False,2195
일진전기,2024,의무,제조업(10~34),846.4,3322235419.0,3085874.0,0.09288547049832052,0.0,0.0,0.0,0.0,,,X,X,0.0,False,2196
에스케이하이닉스,2024,의무,제조업(10~34),31537.7,851642718115.0,62674395541.0,7.359235769633725,1708.0,29.0,96.6,125.6,7.3536299765807955,76.91082802547771,O,X,4.0,False,2197
폴라리스오피스,2024,자율,정보통신업(58~63),145.8,7270275612.0,221705976.0,3.049485161663772,96.3,1.0,0.4,1.4,1.4537902388369677,28.571428571428577,O,O,0.0,False,2198
아이파크현대산업개발,2024,의무,건설업(41~42),1869.1,12323117985.0,1578089533.0,12.805927322296915,30.7,2.0,4.0,6.0,19.54397394136808,66.66666666666666,X,O,0.0,False,2199
대성글로벌네트웍,2024,의무,"사업시설 관리, 사업 지원 및 임대 서비스업(74~76)",932.9,1394255495.0,52947275.0,3.7975303084604306,4.0,0.0,0.0,0.0,0.0,,X,X,0.0,False,2200
카카오모빌리티,2024,의무,정보통신업(58~63),939.3,94861943910.0,5263236913.0,5.548312311619379,382.9,12.8,2.8,15.6,4.074170801775921,17.94871794871795,O,X,4.0,True,2201
컴투스,2024,의무,정보통신업(58~63),1526.1,103706662622.0,8450473061.0,8.148437956972057,640.3,6.1,20.0,26.1,4.076214274558801,76.62835249042145,O,O,0.0,False,2202
컴투스플랫폼,2024,자율,정보통신업(58~63),188.7,21491063137.0,1823190773.0,8.483483396692048,175.5,6.2,1.5,7.7,4.387464387464387,19.480519480519483,O,O,0.0,False,2203
코오롱모빌리티그룹,2024,의무,도매 및 소매업(45~47),998.3,3771332177.0,79743958.0,2.1144771729822622,10.4,0.7,1.2,1.9,18.269230769230766,63.1578947368421,X,O,0.0,True,2204
고려산업,2024,의무,제조업(10~34),126.3,414341957.0,6653895.0,1.6058945727284866,3.0,0.0,0.0,0.0,0.0,,O,O,0.0,True,2205
HD현대미포,2024,의무,제조업(10~34),3437.8,9623746915.0,599600886.0,6.230430738628791,48.9,3.0,2.2,5.2,10.633946830265849,42.30769230769231,X,O,0.0,True,2206
한국정보통신,2024,의무,정보통신업(58~63),270.9,23074113813.0,2727642171.0,11.821221794716298,113.6,2.7,2.0,4.7,4.137323943661972,42.5531914893617,O,O,1.0,False,2207
마니커,2024,의무,제조업(10~34),543.1,725544858.0,31936898.0,4.401781316187068,1.0,0.0,0.0,0.0,0.0,,O,O,1.0,True,2208
대영포장,2024,자율,제조업(10~34),324.0,981432583.0,70669450.0,7.2006423287864285,3.0,0.0,0.0,0.0,0.0,,O,O,0.0,False,2210
해태제과식품,2024,의무,제조업(10~34),1567.4,2547151363.0,352333142.0,13.832438351250035,13.2,2.0,0.0,2.0,15.151515151515152,0.0,X,O,0.0,False,2211
신도리코,2024,의무,제조업(10~34),305.2,11004720159.0,350072942.0,3.1811162568609213,12.8,0.0,0.0,0.0,0.0,,O,O,0.0,True,2212
현대그린푸드,2024,의무,숙박 및 음식점업(55~56),6834.0,8369170552.0,590000925.0,7.049694128398495,44.7,2.7,3.0,5.7,12.751677852348992,52.63157894736842,O,X,0.0,False,2213
한섬,2024,의무,제조업(10~34),1632.8,18425086205.0,753319049.0,4.0885510147332305,111.5,3.0,1.2,4.2,3.766816143497758,28.57142857142857,O,X,0.0,False,2214
신세계푸드,2024,의무,제조업(10~34),3728.2,15927790766.0,1443175776.0,9.060740420326537,54.0,1.0,4.5,5.5,10.185185185185185,81.81818181818183,X,O,0.0,False,2216
유니퀘스트,2024,의무,도매 및 소매업(45~47),209.6,656889076.0,46684363.0,7.10688679499368,2.0,1.0,0.0,1.0,50.0,0.0,O,O,3.0,False,2217
에스에이엠티,2024,의무,도매 및 소매업(45~47),135.0,638168364.0,5438000.0,0.8521262266770716,2.0,0.0,0.0,0.0,0.0,,O,X,0.0,False,2218
LB세미콘,2024,자율,제조업(10~34),722.0,8192197714.0,1628189832.0,19.874884479625244,20.0,4.0,0.0,4.0,20.0,0.0,O,O,4.0,False,2219
크래프톤,2024,의무,정보통신업(58~63),1762.7,232448350136.0,6649298992.0,2.8605490157747533,940.2,43.9,0.2,44.1,4.690491384811742,0.45351473922902497,O,O,0.0,False,2220
한화엔진,2024,의무,제조업(10~34),787.0,6607346555.0,768623930.0,11.632868407944436,27.0,0.0,0.0,0.0,0.0,,X,O,1.0,False,2221
지니뮤직,2024,자율,정보통신업(58~63),255.2,13037786832.0,2449955862.0,18.791194345859513,87.3,5.0,4.3,9.3,10.652920962199314,46.23655913978494,X,O,0.0,False,2222
에스원,2024,의무,"사업시설 관리, 사업 지원 및 임대 서비스업(74~76)",6931.8,55089688178.0,4014531077.0,7.287264113800518,224.7,5.5,1.8,7.3,3.2487761459724074,24.657534246575345,O,O,0.0,False,2223
현대리바트,2024,의무,제조업(10~34),863.2,5983350894.0,418767231.0,6.998874684416929,33.2,3.0,0.0,3.0,9.036144578313252,0.0,O,O,0.0,False,2224
현대디에프,2024,자율,도매 및 소매업(45~47),398.8,3965634597.0,587749958.0,14.821082064510746,31.3,2.0,1.3,3.3,10.543130990415335,39.3939393939394,O,X,1.0,False,2225
코오롱베니트,2024,자율,정보통신업(58~63),524.3,3087621625.0,187809657.0,6.082664257800695,19.7,0.7,0.5,1.2,6.091370558375635,41.66666666666667,O,O,0.0,False,2226
계명대학교동산병원,2024,의무,교육 서비스업(85),3130.0,9817195079.0,782342413.0,7.969103259173403,46.5,2.1,1.3,3.4,7.311827956989248,38.235294117647065,O,X,5.0,False,2227
아이디스파워텔,2024,의무,정보통신업(58~63),124.6,6454926620.0,250103201.0,3.874609514925826,23.5,0.0,0.4,0.4,1.702127659574468,100.0,O,O,0.0,False,2228
힐링페이퍼,2024,자율,정보통신업(58~63),116.5,7241033647.0,265657652.0,3.6687807977534175,52.3,2.0,1.0,3.0,5.736137667304016,33.33333333333333,X,X,3.0,False,2229
알루코,2024,의무,제조업(10~34),200.4,423901168.0,19109763.0,4.508070381160167,4.2,0.0,0.2,0.2,4.761904761904762,100.0,O,O,0.0,False,2230
넥센타이어,2024,의무,제조업(10~34),4119.0,16634933277.0,684977592.0,4.117705677527858,90.4,2.0,1.1,3.1,3.4292035398230087,35.483870967741936,X,X,0.0,False,2231
성우하이텍,2024,의무,제조업(10~34),1760.7,6129236351.0,244180265.0,3.9838611372877044,32.4,0.2,0.1,0.3,0.9259259259259258,33.333333333333336,O,O,0.0,False,2232
금호타이어,2024,의무,제조업(10~34),5360.2,17061737320.0,1080902089.0,6.335240478312556,99.3,3.0,0.0,3.0,3.0211480362537766,0.0,X,X,0.0,False,2233
극동유화,2024,의무,제조업(10~34),116.2,797135877.0,74194295.0,9.307609548227623,2.0,0.0,0.0,0.0,0.0,,X,O,2.0,False,2234
롯데정밀화학,2024,의무,제조업(10~34),955.8,9792309476.0,915466436.0,9.348830714998533,20.2,1.0,0.2,1.2,5.9405940594059405,16.666666666666668,O,O,0.0,False,2235
에이치디건설기계,2024,의무,제조업(10~34),1327.8,27974865215.0,376131887.0,1.3445351178969032,89.0,1.0,1.7,2.7,3.0337078651685396,62.962962962962955,X,O,0.0,False,2236
테크빌교육,2024,자율,정보통신업(58~63),229.8,5022682698.0,267580636.0,5.327444556801267,48.5,3.5,0.0,3.5,7.216494845360824,0.0,O,O,2.0,False,2237
디비하이텍,2024,의무,제조업(10~34),2067.5,21428495954.0,979344673.0,4.570291237902716,81.0,3.8,0.0,3.8,4.6913580246913575,0.0,O,O,3.0,False,2238
계룡건설산업,2024,의무,건설업(41~42),1758.0,2716297874.0,352674120.0,12.983632000589637,12.0,2.0,0.0,2.0,16.666666666666664,0.0,X,O,0.0,False,2239
에스에스지닷컴,2024,의무,도매 및 소매업(45~47),2939.2,75613037809.0,3078815444.0,4.071804986564813,496.8,8.9,0.2,9.1,1.831723027375201,2.197802197802198,O,O,0.0,False,2240
넥스틸,2024,의무,제조업(10~34),374.8,824454701.0,28174297.0,3.4173250471889784,7.0,0.0,0.0,0.0,0.0,,O,O,0.0,True,2241
한미글로벌건축사사무소,2024,자율,"전문, 과학 및 기술 서비스업(70~73)",1130.0,2570213000.0,301010242.0,11.711490137198746,11.9,0.0,0.0,0.0,0.0,,X,X,0.0,False,2244
대림,2024,자율,도매 및 소매업(45~47),528.5,17721897594.0,1521041400.0,8.582835962865342,72.5,2.8,4.1,6.9,9.517241379310345,59.42028985507245,X,X,0.0,False,2245
대원전선,2024,의무,제조업(10~34),153.6,396567635.0,4128000.0,1.0409321476776592,3.0,0.0,0.0,0.0,0.0,,O,O,0.0,True,2246
오씨아이,2024,의무,제조업(10~34),1670.9,5676113719.0,457900496.0,8.067148028892406,31.8,1.7,2.0,3.7,11.635220125786164,54.05405405405405,O,O,0.0,False,2247
순천향대학교부속천안병원,2024,의무,보건업 및 사회복지 서비스업(86~87),2535.5,3379478864.0,219827870.0,6.504786058635341,20.3,1.0,0.3,1.3,6.403940886699508,23.076923076923077,O,O,0.0,False,2248
에스피삼화,2024,의무,제조업(10~34),912.0,4452847082.0,159850685.0,3.589853459063834,2.0,0.0,0.0,0.0,0.0,,X,O,0.0,False,2249
그립컴퍼니,2024,자율,정보통신업(58~63),170.3,8371443892.0,379901620.0,4.538065653919573,52.2,1.1,0.5,1.6,3.065134099616858,31.25,O,O,0.0,False,2250
디에이피,2024,의무,제조업(10~34),1122.8,904833453.0,65198783.0,7.205611461847665,6.1,0.0,0.0,0.0,0.0,,O,O,0.0,False,2251
HD현대중공업,2024,의무,제조업(10~34),13001.6,54269838802.0,3706562849.0,6.829876282704939,82.6,11.0,10.9,21.9,26.513317191283292,49.7716894977169,O,X,0.0,True,2252
와이지-원,2024,의무,제조업(10~34),1629.8,2683462720.0,225678971.0,8.409990916512527,8.4,0.0,0.0,0.0,0.0,,X,X,4.0,True,2253
지에스건설,2024,의무,건설업(41~42),5910.7,40510193362.0,2443099648.0,6.0308269234076635,149.5,4.0,3.0,7.0,4.682274247491638,42.857142857142854,O,O,2.0,False,2254
영진약품,2024,자율,제조업(10~34),625.0,963660000.0,393000000.0,40.78201855426188,5.0,2.0,0.0,2.0,40.0,0.0,X,O,0.0,False,2255
나이스홀딩스,2024,의무,금융 및 보험업(64~66),53.2,7715294465.0,1178998247.0,15.281312364012278,36.3,2.0,3.3,5.3,14.600550964187327,62.264150943396224,O,O,0.0,False,2256
백패커,2024,자율,도매 및 소매업(45~47),274.6,10671805207.0,759564997.0,7.117493078882058,88.1,3.9,0.0,3.9,4.426787741203178,0.0,O,O,0.0,False,2257
한국단자공업,2024,의무,제조업(10~34),1166.3,4509656338.0,575585830.0,12.763407826665304,9.0,2.0,0.0,2.0,22.22222222222222,0.0,O,O,0.0,False,2258
심텍,2024,의무,제조업(10~34),2831.0,4924413100.0,275398000.0,5.59250400824415,20.0,0.0,0.0,0.0,0.0,,O,O,0.0,False,2259
대한유화,2024,의무,제조업(10~34),847.0,1567302191.0,117080000.0,7.470161189865905,6.0,0.0,0.0,0.0,0.0,,X,O,0.0,False,2260
인천도시가스,2024,의무,"전기, 가스, 증기 및 공기 조절 공급업(35)",209.9,1916471949.0,106406081.0,5.552185674072707,7.1,0.0,0.0,0.0,0.0,,O,O,0.0,False,2261
포스코인터내셔널,2024,의무,도매 및 소매업(45~47),1816.8,23577707628.0,2768844462.0,11.743484590129636,84.8,3.9,5.0,8.9,10.495283018867925,56.179775280898866,O,O,1.0,False,2262
엔씨,2024,의무,정보통신업(58~63),5149.5,567926740879.0,19626162929.0,3.4557560890025893,3146.2,93.3,27.3,120.6,3.833195601042527,22.636815920398014,O,X,1.0,False,2263
디엔오토모티브,2024,의무,제조업(10~34),1150.0,4232102299.0,825988803.0,19.51722204813367,16.5,3.7,0.0,3.7,22.424242424242426,0.0,O,O,0.0,True,2264
국민은행,2024,자율,금융 및 보험업(64~66),16737.1,568581121628.0,42076664548.0,7.400292226995374,1908.4,63.5,34.0,97.5,5.108991825613079,34.87179487179487,O,O,2.0,False,2265
경남스틸,2024,의무,제조업(10~34),108.4,91721717.0,6276000.0,6.842436235684511,0.0,0.0,0.0,0.0,,,O,O,0.0,False,2266
코스콤,2024,의무,정보통신업(58~63),804.8,157053682270.0,14670818291.0,9.341276230492038,636.7,27.6,6.0,33.6,5.277210617245171,17.857142857142858,O,O,1.0,False,2267
더네이쳐홀딩스,2024,의무,제조업(10~34),493.5,2353884212.0,231832758.0,9.848944855406506,10.7,1.8,0.5,2.3,21.49532710280374,21.73913043478261,O,O,0.0,False,2268
유니드,2024,의무,제조업(10~34),234.2,3909031557.0,77803223.0,1.9903452265734676,10.2,0.0,0.6,0.6,5.88235294117647,100.0,O,O,0.0,True,2269
영남대학교의료원,2024,의무,보건업 및 사회복지 서비스업(86~87),2859.4,5040596929.0,445831811.0,8.844821700283187,27.6,2.0,0.0,2.0,7.246376811594203,0.0,O,O,2.0,False,2270
신세계,2024,의무,도매 및 소매업(45~47),2556.3,41716209874.0,2313305559.0,5.545339727619378,171.5,3.9,4.9,8.8,5.131195335276968,55.68181818181818,O,X,0.0,False,2271
파라메타,2024,자율,정보통신업(58~63),61.9,8491936458.0,1238652753.0,14.586222578633432,41.3,3.4,0.0,3.4,8.232445520581114,0.0,O,O,0.0,False,2272
한양디지텍,2024,의무,제조업(10~34),63.7,1088006721.0,171127726.0,15.728554125356364,9.7,1.7,0.0,1.7,17.52577319587629,0.0,X,X,0.0,False,2273
SK네트웍스서비스,2024,의무,"협회 및 단체, 수리 및 기타 개인 서비스업(94~96)",700.2,4002923447.0,559403287.0,13.974868478168027,11.5,2.0,0.0,2.0,17.391304347826086,0.0,O,O,0.0,False,2274
대한제강,2024,의무,제조업(10~34),413.0,4938376628.0,569567665.0,11.533499931346265,12.1,1.0,1.0,2.0,16.528925619834713,50.0,O,O,0.0,False,2275
조흥,2024,의무,제조업(10~34),459.6,808919287.0,15429356.0,1.9074036492839859,22.7,0.0,0.0,0.0,0.0,,X,O,0.0,False,2276
호스트웨이아이디씨,2024,의무,정보통신업(58~63),81.3,6029975932.0,217090496.0,3.600188432725572,53.3,2.0,0.0,2.0,3.75234521575985,0.0,O,O,0.0,False,2277
에스케이플래닛,2024,의무,정보통신업(58~63),858.2,114315420727.0,7067589317.0,6.1825336179957,807.4,19.0,22.3,41.3,5.115184542977459,53.995157384987905,O,X,0.0,False,2278
케이티샛,2024,의무,정보통신업(58~63),195.3,74037796972.0,880627859.0,1.1894301222023669,63.2,2.0,0.9,2.9,4.5886075949367084,31.03448275862069,O,X,2.0,False,2279
코웨이,2024,의무,"사업시설 관리, 사업 지원 및 임대 서비스업(74~76)",6241.2,77490958333.0,3609838494.0,4.658399601263839,369.5,10.5,2.8,13.3,3.5994587280108257,21.052631578947366,O,O,2.0,False,2280
케이씨씨글라스,2024,의무,제조업(10~34),1916.9,19689761126.0,1324317790.0,6.725921058794667,35.2,1.4,0.0,1.4,3.9772727272727266,0.0,X,O,0.0,True,2282
에이치제이중공업,2024,의무,건설업(41~42),2446.3,7772291286.0,632347955.0,8.135927125364303,37.0,0.0,0.0,0.0,0.0,,X,O,0.0,False,2283
톱텍,2024,의무,제조업(10~34),452.3,1283024085.0,120194285.0,9.368045885124596,3.6,0.0,0.7,0.7,19.444444444444443,100.0,O,O,0.0,False,2284
엘지,2024,의무,금융 및 보험업(64~66),207.0,6910904449.0,1396270015.0,20.20386803643391,16.1,0.0,1.3,1.3,8.074534161490684,100.0,O,O,0.0,True,2285
디와이덕양,2024,의무,제조업(10~34),856.9,2200689058.0,77842886.0,3.5372051184161433,10.0,0.0,0.0,0.0,0.0,,X,X,0.0,False,2286
롯데하이마트,2024,의무,도매 및 소매업(45~47),2980.8,40424376956.0,3051627730.0,7.548979006705658,176.8,4.9,6.0,10.9,6.165158371040723,55.04587155963303,O,X,0.0,False,2287
송원산업,2024,의무,제조업(10~34),628.3,2711605760.0,260673956.0,9.613269002644396,5.5,0.0,0.5,0.5,9.090909090909092,100.0,O,O,0.0,False,2288
LX인터내셔널,2024,의무,도매 및 소매업(45~47),387.7,9684821714.0,631130995.0,6.516702254700897,33.5,1.0,0.2,1.2,3.582089552238806,16.666666666666668,X,O,0.0,False,2289
카카오엔터테인먼트,2024,자율,정보통신업(58~63),1186.3,80933874769.0,2880815290.0,3.559467896751973,312.8,11.4,2.0,13.4,4.283887468030691,14.925373134328357,X,X,4.0,False,2290
한국케이블텔레콤,2024,의무,정보통신업(58~63),73.5,8692712585.0,720979678.0,8.294070130008791,31.0,2.0,0.0,2.0,6.451612903225806,0.0,O,O,0.0,False,2291
큐비콤,2024,의무,"전문, 과학 및 기술 서비스업(70~73)",44.7,1910962704.0,1740400.0,0.09107451424127846,35.8,0.0,0.0,0.0,0.0,,O,O,0.0,True,2292
한솔로지스틱스,2024,의무,운수 및 창고업(49~52),282.7,3597385322.0,124120506.0,3.4502977826960732,27.4,0.0,1.0,1.0,3.649635036496351,100.0,O,O,0.0,False,2293
현대에버다임,2024,의무,제조업(10~34),609.8,1894276566.0,125257212.0,6.612403608227924,6.0,0.0,0.3,0.3,5.0,100.0,O,O,0.0,False,2294
동원시스템즈,2024,의무,제조업(10~34),1665.3,4765961743.0,149075815.0,3.127927227258064,11.6,0.0,0.5,0.5,4.310344827586207,100.0,O,O,0.0,False,2295
에스제이지세종,2024,의무,제조업(10~34),634.3,3931250946.0,231147906.0,5.8797545406046945,13.9,1.0,0.0,1.0,7.194244604316546,0.0,O,X,3.0,False,2296
케이티아이에스,2024,의무,"사업시설 관리, 사업 지원 및 임대 서비스업(74~76)",8102.7,18746507520.0,1220152567.0,6.5086927028848525,56.4,3.0,0.0,3.0,5.319148936170213,0.0,O,O,0.0,False,2297
엔비티,2024,의무,"전문, 과학 및 기술 서비스업(70~73)",73.3,5009781722.0,257265721.0,5.13526806707448,27.3,1.3,0.4,1.7,6.227106227106226,23.529411764705884,O,O,0.0,False,2298
지누스,2024,의무,도매 및 소매업(45~47),182.8,4600566720.0,132340373.0,2.8766102320541935,19.9,0.0,0.0,0.0,0.0,,X,O,0.0,True,2299
네이트커뮤니케이션즈,2024,의무,정보통신업(58~63),194.9,13265364628.0,1207447235.0,9.1022543960184,119.5,6.0,3.0,9.0,7.531380753138076,33.33333333333333,O,O,2.0,False,2300
노바렉스,2024,의무,제조업(10~34),424.6,816281697.0,26281886.0,3.2197078651391107,4.3,0.0,0.0,0.0,0.0,,O,O,0.0,False,2301
티와이엠(TYMCORPORATION),2024,의무,제조업(10~34),1084.0,5170834221.0,99481461.0,1.923895772871269,15.6,1.0,0.0,1.0,6.4102564102564115,0.0,X,X,0.0,False,2302
경상국립대학교병원,2024,자율,보건업 및 사회복지 서비스업(86~87),2536.3,5421682252.0,922389770.0,17.01298097393554,26.3,2.8,0.0,2.8,10.646387832699618,0.0,O,O,3.0,False,2303
삼성바이오로직스,2024,의무,제조업(10~34),4468.7,68051349118.0,5508141534.0,8.094096010424373,198.1,8.0,1.0,9.0,4.543160020191823,11.11111111111111,O,O,0.0,False,2304
에스에프에이,2024,의무,제조업(10~34),738.0,5094105435.0,692701991.0,13.59810863435731,12.0,2.0,0.0,2.0,16.666666666666664,0.0,O,X,0.0,False,2305
아세아제지,2024,의무,제조업(10~34),276.8,726578219.0,51619000.0,7.104396835765868,6.0,0.0,0.0,0.0,0.0,,O,O,0.0,False,2306
금호건설,2024,의무,건설업(41~42),1245.3,5532814982.0,508780946.0,9.195697807630033,17.0,0.0,0.5,0.5,2.941176470588235,100.0,O,O,1.0,False,2307
파트론,2024,의무,제조업(10~34),526.0,1027936291.0,34349000.0,3.3415495007559763,9.0,0.0,1.0,1.0,11.11111111111111,100.0,X,O,0.0,False,2309
경희의료원,2024,의무,보건업 및 사회복지 서비스업(86~87),3240.3,6597157652.0,557138501.0,8.445129408588521,32.8,2.0,0.0,2.0,6.097560975609757,0.0,X,O,1.0,False,2311
알리바바코리아유한회사,2024,의무,정보통신업(58~63),,,,,,,,,,,O,O,0.0,False,2312
엘지이노텍,2024,의무,제조업(10~34),14884.2,195839941434.0,8202146556.0,4.18818883213576,447.2,7.1,5.8,12.9,2.8846153846153846,44.961240310077514,O,O,0.0,False,2313
무림페이퍼,2024,의무,제조업(10~34),437.0,3330062515.0,135914080.0,4.081427282154191,7.0,0.0,0.0,0.0,0.0,,O,O,0.0,False,2314
무림피앤피,2024,의무,제조업(10~34),710.0,3863252065.0,159888120.0,4.138692410172827,5.0,0.0,0.0,0.0,0.0,,O,O,0.0,False,2315
신세계인터내셔날,2024,의무,도매 및 소매업(45~47),1155.8,29741007727.0,1260399690.0,4.237918572126128,138.6,3.0,1.8,4.8,3.463203463203463,37.5,O,O,0.0,False,2316
에이치디씨랩스,2024,의무,건설업(41~42),5398.7,1961620131.0,132036702.0,6.731002598994025,3.9,0.0,0.0,0.0,0.0,,X,O,0.0,False,2317
동우팜투테이블,2024,의무,제조업(10~34),561.2,709841019.0,108959046.0,15.34978158257152,5.0,0.0,0.0,0.0,0.0,,X,O,0.0,False,2318
동화약품,2024,의무,제조업(10~34),803.3,2423413762.0,134074683.0,5.532471800826556,7.1,0.0,0.0,0.0,0.0,,O,O,0.0,False,2319
한국석유공업,2024,의무,제조업(10~34),234.1,707277393.0,164635496.0,23.277358732148816,4.0,1.0,0.0,1.0,25.0,0.0,X,X,0.0,True,2320
다우기술,2024,의무,정보통신업(58~63),649.1,38730230164.0,2446598575.0,6.31702565319152,246.9,5.5,0.0,5.5,2.227622519238558,0.0,O,X,0.0,False,2321
휴비스,2024,의무,제조업(10~34),826.8,7348085565.0,795434300.0,10.8250549474923,21.0,2.0,3.0,5.0,23.809523809523807,60.0,O,O,11.0,False,2322
코스모신소재,2024,의무,제조업(10~34),404.6,1097833313.0,100428732.0,9.147903494161868,4.0,0.0,0.0,0.0,0.0,,O,O,0.0,False,2323
케이씨씨,2024,의무,제조업(10~34),3570.0,16524178664.0,1408241698.0,8.52230980210854,77.2,6.1,0.0,6.1,7.9015544041450765,0.0,X,X,0.0,False,2324
삼부토건,2024,의무,건설업(41~42),486.5,1075416593.0,45687464.0,4.248350294888931,2.2,0.0,0.0,0.0,0.0,,X,O,0.0,False,2325
인제대학교부산백병원,2024,의무,보건업 및 사회복지 서비스업(86~87),2405.0,4789821110.0,495287539.0,10.34041830844075,11.6,1.0,0.0,1.0,8.620689655172415,0.0,O,O,2.0,False,2326
신세계건설,2024,의무,건설업(41~42),880.3,6193729270.0,524865718.0,8.474146917306252,21.6,1.1,1.0,2.1,9.722222222222223,47.61904761904761,X,O,0.0,False,2327
효성ITX,2024,의무,"사업시설 관리, 사업 지원 및 임대 서비스업(74~76)",8827.5,4415625941.0,485501301.0,10.99507312184259,46.4,4.9,0.0,4.9,10.560344827586208,0.0,O,O,0.0,False,2329
롯데케미칼,2024,의무,제조업(10~34),4822.5,24303045895.0,1295313853.0,5.329841611608412,98.3,4.1,1.7,5.8,5.90030518819939,29.310344827586203,O,O,0.0,False,2330
포스코퓨처엠,2024,의무,제조업(10~34),2749.8,13301317968.0,1476599450.0,11.101151431402274,40.4,6.1,1.0,7.1,17.574257425742573,14.084507042253522,X,O,4.0,False,2331
태광산업,2024,의무,제조업(10~34),1129.0,12714295491.0,893153397.0,7.024796597123542,29.6,0.0,3.8,3.8,12.837837837837837,100.0,O,O,0.0,False,2333
현대이지웰,2024,자율,정보통신업(58~63),366.9,10945487558.0,1114192143.0,10.179465620840643,90.2,8.0,0.8,8.8,9.75609756097561,9.090909090909092,O,O,0.0,False,2334
아이티엠반도체,2024,의무,제조업(10~34),384.9,2069605584.0,114316260.0,5.523577095257779,5.9,1.0,0.0,1.0,16.94915254237288,0.0,O,O,0.0,False,2336
와이어블,2024,의무,정보통신업(58~63),164.6,270378408.0,15129709.0,5.59575341533929,2.0,0.0,0.0,0.0,0.0,,O,O,0.0,False,2337
세코닉스,2024,의무,제조업(10~34),849.5,850903705.0,175672074.0,20.64535304849801,3.0,1.0,0.0,1.0,33.33333333333333,0.0,O,O,0.0,False,2338
쏘카,2024,의무,"사업시설 관리, 사업 지원 및 임대 서비스업(74~76)",435.5,26759929596.0,1063571189.0,3.974491730946032,294.4,7.0,7.9,14.9,5.061141304347826,53.02013422818792,O,O,2.0,False,2339
포스코스틸리온,2024,의무,제조업(10~34),435.7,2570489563.0,343352816.0,13.357487263993221,9.0,0.5,0.0,0.5,5.555555555555555,0.0,O,O,0.0,False,2340
토스뱅크,2024,자율,금융 및 보험업(64~66),464.5,83416435866.0,8778222957.0,10.523373320698237,244.5,23.8,1.3,25.1,10.265848670756647,5.179282868525896,O,O,3.0,False,2341
에이피위성,2024,의무,제조업(10~34),141.5,937989388.0,164255623.0,17.5114585624715,4.0,1.0,0.0,1.0,25.0,0.0,O,O,0.0,False,2343
조일알미늄,2024,의무,제조업(10~34),381.8,662831763.0,16159182.0,2.4379009730709,4.0,0.0,0.0,0.0,0.0,,X,O,1.0,False,2344
성도이엔지,2024,의무,건설업(41~42),531.6,836344167.0,116448379.0,13.92349986940245,3.0,1.0,0.0,1.0,33.33333333333333,0.0,X,O,0.0,False,2349
한국콜마,2024,의무,제조업(10~34),1059.9,6327515530.0,305838528.0,4.8334694170240935,11.2,0.0,0.0,0.0,0.0,,O,X,0.0,False,2350
크라운제과,2024,의무,제조업(10~34),1314.0,1556247013.0,247208274.0,15.884899500848071,9.0,1.0,0.0,1.0,11.11111111111111,0.0,X,O,0.0,False,2351
에스앤티모티브,2024,의무,제조업(10~34),665.0,2245627741.0,109730361.0,4.886400314556855,10.5,0.0,0.0,0.0,0.0,,O,O,0.0,False,2353
티머니,2024,의무,정보통신업(58~63),252.5,63103441427.0,3555561375.0,5.634496779566582,74.4,5.0,0.0,5.0,6.720430107526881,0.0,O,O,0.0,True,2354
대원산업,2024,의무,제조업(10~34),543.4,2369158046.0,60338728.0,2.5468426685114447,3.4,0.0,0.1,0.1,2.9411764705882355,100.0,X,O,3.0,False,2355
티빙,2024,자율,정보통신업(58~63),220.8,48833255975.0,1839401087.0,3.7666976126713205,127.1,4.0,3.4,7.4,5.822187254130606,45.945945945945944,X,O,2.0,False,2356
원주세브란스기독병원,2024,의무,보건업 및 사회복지 서비스업(86~87),2384.9,5555600608.0,407564999.0,7.336110490252146,21.7,1.0,0.0,1.0,4.6082949308755765,0.0,O,O,3.0,False,2357
LF,2024,의무,제조업(10~34),1216.3,43313028036.0,2549989694.0,5.887350318432029,189.4,5.1,7.3,12.4,6.546990496304119,58.87096774193547,O,O,0.0,False,2358
유한양행,2024,의무,제조업(10~34),2002.3,9683279484.0,965463699.0,9.97042066786637,18.3,4.5,0.0,4.5,24.59016393442623,0.0,X,O,0.0,True,2359
유신,2024,의무,"전문, 과학 및 기술 서비스업(70~73)",1632.5,4087094598.0,70840230.0,1.7332662188603445,8.7,0.0,0.0,0.0,0.0,,O,O,0.0,True,2360
팜스토리,2024,의무,제조업(10~34),419.0,288347746.0,33452409.0,11.601411651055528,8.6,0.0,0.3,0.3,3.488372093023256,100.0,O,O,4.0,False,2361
퍼시스,2024,의무,제조업(10~34),229.8,3055471528.0,167073403.0,5.468007195254742,13.0,0.0,1.0,1.0,7.6923076923076925,100.0,X,O,0.0,True,2362
노루페인트,2024,의무,제조업(10~34),799.9,5830832460.0,597446320.0,10.246329732478713,23.5,0.0,3.2,3.2,13.617021276595745,100.0,O,O,0.0,False,2363
에스케이증권,2024,자율,금융 및 보험업(64~66),919.9,37473026308.0,4344185011.0,11.592832068843538,120.1,6.0,0.0,6.0,4.995836802664447,0.0,O,O,1.0,False,2364
원일특강,2024,의무,제조업(10~34),153.8,401431220.0,20742000.0,5.1670121720976265,2.0,0.0,0.0,0.0,0.0,,O,O,3.0,False,2365
벽산,2024,의무,제조업(10~34),349.9,2013026983.0,97152624.0,4.826195814584369,5.6,0.0,0.1,0.1,1.785714285714286,100.0,X,O,0.0,False,2366
동아쏘시오홀딩스,2024,자율,금융 및 보험업(64~66),99.8,3076601375.0,410724060.0,13.349927726662347,13.8,1.9,2.3,4.2,30.434782608695656,54.76190476190476,O,O,0.0,False,2367
비바리퍼블리카,2024,자율,금융 및 보험업(64~66),900.6,119489030918.0,12565305921.0,10.515865619182241,437.5,34.0,10.9,44.9,10.262857142857143,24.27616926503341,X,X,0.0,False,2368
에이치엘디앤아이한라,2024,의무,건설업(41~42),1106.7,5067688019.0,174044774.0,3.4344019076838124,19.8,1.0,0.0,1.0,5.05050505050505,0.0,O,O,0.0,False,2369
현대제철,2024,의무,제조업(10~34),11628.9,108469872708.0,7295549100.0,6.725875967089551,275.6,13.2,8.7,21.9,7.946298984034832,39.726027397260275,O,X,0.0,False,2370
동아에스티,2024,의무,제조업(10~34),1671.8,12030342279.0,1194452446.0,9.928665521720191,61.6,1.0,7.4,8.4,13.636363636363635,88.09523809523809,O,O,0.0,False,2371
삼양식품,2024,의무,제조업(10~34),2039.8,6080054824.0,395490065.0,6.504712152246869,17.8,1.0,0.0,1.0,5.617977528089887,0.0,O,O,0.0,False,2372
에이치디현대인프라코어,2024,의무,제조업(10~34),2785.8,62719620547.0,3374887729.0,5.380912224223314,138.0,6.0,7.4,13.4,9.710144927536232,55.223880597014926,X,O,1.0,False,2373
케이비아이동국실업,2024,의무,제조업(10~34),397.0,1425824898.0,39004906.0,2.735602811727587,7.4,0.0,0.0,0.0,0.0,,X,O,1.0,True,2374
서희건설,2024,의무,건설업(41~42),870.7,882699183.0,173374724.0,19.641427944994483,2.0,0.0,0.5,0.5,25.0,100.0,X,X,0.0,False,2375
코리아에프티,2024,의무,제조업(10~34),561.3,702850065.0,50931719.0,7.246455757246036,4.4,0.0,0.0,0.0,0.0,,O,O,0.0,True,2376
이마트,2024,의무,도매 및 소매업(45~47),25623.9,108047732823.0,4903125396.0,4.53792529273347,399.8,6.4,10.8,17.2,4.302151075537768,62.79069767441862,O,X,0.0,False,2377
태웅,2024,의무,제조업(10~34),454.5,636527519.0,91360000.0,14.352875134688404,7.7,0.0,0.7,0.7,9.09090909090909,100.0,X,O,0.0,False,2378
한성기업,2024,의무,제조업(10~34),721.8,612447576.0,27771195.0,4.534460758482943,5.1,0.0,0.0,0.0,0.0,,X,O,0.0,True,2379
카카오페이,2024,자율,금융 및 보험업(64~66),1173.8,88548317358.0,11032102910.0,12.458850985724904,701.5,34.6,12.9,47.5,6.771204561653599,27.15789473684211,O,O,0.0,False,2380
동원개발,2024,의무,건설업(41~42),277.0,658822368.0,74227163.0,11.266642816838909,3.4,0.0,0.0,0.0,0.0,,O,O,0.0,True,2381
에스케이케미칼,2024,의무,제조업(10~34),1435.3,29221168437.0,1894160531.0,6.482151920392081,79.0,2.8,5.1,7.9,10.0,64.55696202531644,O,O,1.0,False,2382
한양이엔지,2024,의무,건설업(41~42),1970.5,4777153636.0,350469440.0,7.3363652648495234,8.8,0.0,0.0,0.0,0.0,,X,O,0.0,False,2383
에이치디현대,2024,의무,금융 및 보험업(64~66),55.7,3527761969.0,105108416.0,2.9794645138655613,1.4,0.0,0.2,0.2,14.285714285714288,100.0,O,O,2.0,False,2384
한국종합기술,2024,의무,"전문, 과학 및 기술 서비스업(70~73)",1709.7,4759764213.0,626409364.0,13.160512495327675,7.0,1.9,0.0,1.9,27.142857142857142,0.0,O,O,0.0,False,2385
대한해운,2024,의무,운수 및 창고업(49~52),221.0,650952537.0,7183634.0,1.1035572628853585,3.0,0.0,0.0,0.0,0.0,,X,O,1.0,False,2386
삼성서울병원,2024,의무,보건업 및 사회복지 서비스업(86~87),7184.4,46475792947.0,3213186924.0,6.913678541567327,174.2,7.0,0.0,7.0,4.018369690011482,0.0,O,O,0.0,False,2387
동국제약,2024,의무,제조업(10~34),1167.9,5638820292.0,537948291.0,9.540085747424987,14.5,1.0,0.0,1.0,6.896551724137931,0.0,X,X,0.0,False,2388
숲,2024,의무,정보통신업(58~63),732.4,51627364974.0,1220776573.0,2.364592060072781,270.3,5.1,0.0,5.1,1.8867924528301887,0.0,O,O,0.0,True,2389
삼성물산,2024,의무,건설업(41~42),10484.6,174706943974.0,13685181034.0,7.833221005821405,713.4,21.7,14.7,36.4,5.102326885337819,40.38461538461539,O,X,0.0,False,2390
에스케이가스,2024,의무,도매 및 소매업(45~47),654.8,27926647075.0,1583029019.0,5.668525171491608,90.6,1.0,4.3,5.3,5.849889624724062,81.13207547169812,O,O,0.0,False,2391
티케이지휴켐스,2024,의무,제조업(10~34),293.0,2362158354.0,285410119.0,12.082598887441058,7.8,0.0,0.0,0.0,0.0,,O,O,0.0,True,2392
삼천리,2024,의무,"전기, 가스, 증기 및 공기 조절 공급업(35)",858.0,11139772916.0,566597323.0,5.086255593111769,56.8,1.0,1.3,2.3,4.049295774647888,56.52173913043479,O,O,0.0,False,2393
한국타이어앤테크놀로지,2024,의무,제조업(10~34),6327.0,23215910968.0,720793531.0,3.1047393832338375,121.9,2.8,3.5,6.3,5.168170631665299,55.55555555555556,O,O,0.0,False,2394
디와이에이,2024,의무,제조업(10~34),464.0,1186135039.0,168445743.0,14.201228145322501,3.3,0.9,0.0,0.9,27.272727272727277,0.0,O,O,4.0,False,2395
엔투비,2024,자율,도매 및 소매업(45~47),155.8,3779968294.0,571446901.0,15.117769688890412,18.7,1.0,0.9,1.9,10.16042780748663,47.36842105263158,O,O,1.0,False,2396
연세대학교의과대학강남세브란스병원,2024,의무,보건업 및 사회복지 서비스업(86~87),2427.4,8450077807.0,531680455.0,6.292018454073389,32.3,1.0,0.0,1.0,3.0959752321981426,0.0,O,O,2.0,False,2397
서울아산병원,2024,의무,보건업 및 사회복지 서비스업(86~87),9337.9,52315388063.0,3852969479.0,7.364887505680204,142.2,7.0,0.0,7.0,4.922644163150493,0.0,O,O,2.0,False,2398
티씨케이,2024,자율,제조업(10~34),435.2,932705936.0,227846099.0,24.428503154717777,4.0,0.0,0.0,0.0,0.0,,X,O,0.0,False,2399
코나아이,2024,의무,정보통신업(58~63),526.4,16514712554.0,1692313083.0,10.247305712808835,188.1,17.7,0.0,17.7,9.409888357256778,0.0,O,O,1.0,False,2400
성신양회,2024,의무,제조업(10~34),627.7,1542948271.0,287416589.0,18.627752751148456,7.6,0.0,0.0,0.0,0.0,,O,O,5.0,False,2401
경창산업,2024,의무,제조업(10~34),1442.6,3257725805.0,298458046.0,9.161545933114528,9.0,1.0,0.0,1.0,11.11111111111111,0.0,O,O,0.0,False,2402
제주은행,2024,자율,금융 및 보험업(64~66),449.7,31595743150.0,2257774749.0,7.145819417132462,93.6,4.8,3.0,7.8,8.333333333333334,38.46153846153847,O,O,2.0,False,2403
이녹스첨단소재,2024,의무,제조업(10~34),757.9,3410948293.0,198703385.0,5.825458726764698,7.4,0.0,0.0,0.0,0.0,,X,O,0.0,False,2404
현대위아,2024,의무,제조업(10~34),2984.6,30474402735.0,3347327201.0,10.984061706172762,66.6,8.9,0.0,8.9,13.363363363363364,0.0,X,X,0.0,False,2405
한화갤러리아,2024,의무,도매 및 소매업(45~47),849.7,16618861644.0,661265102.0,3.979003593418447,72.2,2.0,1.8,3.8,5.263157894736842,47.36842105263158,O,X,1.0,False,2406
에이치엠엠,2024,의무,운수 및 창고업(49~52),1744.2,50560875799.0,4266195348.0,8.437740210355251,163.9,1.4,4.9,6.3,3.843807199511897,77.77777777777779,O,O,0.0,False,2407
대동,2024,의무,제조업(10~34),1273.0,6138253721.0,266978547.0,4.349421824754839,21.1,1.0,0.0,1.0,4.739336492890995,0.0,X,X,0.0,False,2408
강남제비스코,2024,의무,제조업(10~34),655.4,948874510.0,90436400.0,9.53091257557335,2.2,0.0,0.1,0.1,4.545454545454546,100.0,O,O,0.0,False,2409
에이치에스효성첨단소재,2024,의무,제조업(10~34),981.0,3992902001.0,396276768.0,9.924530276494508,26.8,0.6,0.6,1.2,4.477611940298507,50.0,X,O,0.0,False,2410
SK,2024,의무,금융 및 보험업(64~66),4628.3,244634571889.0,15780800689.0,6.450764733351077,870.7,19.0,36.3,55.3,6.351211668772251,65.64195298372513,O,X,0.0,False,2411
레브잇,2024,의무,정보통신업(58~63),34.8,9326739146.0,78147840.0,0.8378902720091149,20.0,0.0,0.0,0.0,0.0,,O,O,0.0,True,2412
아주스틸,2024,의무,제조업(10~34),660.0,1058641508.0,510747018.0,48.24551220978575,7.9,0.0,0.0,0.0,0.0,,O,O,1.0,False,2413
서경방송,2024,의무,정보통신업(58~63),137.3,4112608156.0,312474706.0,7.597969321344701,28.7,2.0,0.0,2.0,6.968641114982578,0.0,O,O,1.0,False,2414
한국철강,2024,의무,제조업(10~34),353.0,2698314853.0,125198644.0,4.639882697929173,10.5,0.0,0.0,0.0,0.0,,O,O,0.0,False,2415
디비아이엔씨(DBInc.),2024,의무,정보통신업(58~63),478.1,3339430563.0,629758915.0,18.858272484463694,18.2,4.2,0.4,4.6,25.274725274725274,8.695652173913045,O,O,0.0,False,2416
효성티앤씨,2024,의무,도매 및 소매업(45~47),1389.0,5835445645.0,644748728.0,11.048834437391115,39.9,1.0,1.0,2.0,5.012531328320803,50.0,X,O,0.0,False,2417
태영건설,2024,의무,건설업(41~42),1791.9,4922633890.0,220285762.0,4.474957246922135,16.7,1.3,0.0,1.3,7.784431137724551,0.0,X,O,0.0,False,2418
일신방직,2024,의무,제조업(10~34),599.5,458154909.0,26197854.0,5.7181214225514285,3.0,0.0,0.0,0.0,0.0,,X,X,0.0,False,2419
코리아써키트,2024,의무,제조업(10~34),1168.0,3396170740.0,513786888.0,15.12841748350968,13.7,2.1,0.0,2.1,15.328467153284672,0.0,O,O,0.0,True,2421
한익스프레스,2024,의무,운수 및 창고업(49~52),450.2,3430492990.0,683044146.0,19.910961718653738,15.4,4.5,0.0,4.5,29.22077922077922,0.0,O,O,0.0,False,2422
호텔신라,2024,의무,도매 및 소매업(45~47),2074.6,56006086573.0,3343160433.0,5.9692805506816216,216.0,7.8,5.3,13.1,6.064814814814815,40.458015267175576,O,O,0.0,False,2423
엠플러스,2024,의무,제조업(10~34),361.9,1155335496.0,48932763.0,4.235372596913615,3.2,0.0,0.1,0.1,3.125,100.0,X,X,0.0,True,2424
오뚜기,2024,의무,제조업(10~34),3160.7,15201464499.0,1360609622.0,8.950516722184926,77.2,1.6,3.1,4.7,6.0880829015544045,65.95744680851064,X,X,0.0,False,2425
화신,2024,의무,제조업(10~34),930.1,4062701480.0,693954901.0,17.08111965440296,7.8,0.0,0.0,0.0,0.0,,X,O,0.0,False,2426
토비스,2024,의무,제조업(10~34),347.8,1668589110.0,79117290.0,4.74156816233806,3.7,0.0,0.0,0.0,0.0,,O,O,0.0,True,2427
다원시스,2024,의무,제조업(10~34),674.6,1308024500.0,168985858.0,12.91916611653681,2.7,0.0,0.0,0.0,0.0,,X,X,0.0,True,2428
피에스케이,2024,의무,제조업(10~34),337.0,3220448653.0,984436088.0,30.568290138175353,5.5,1.5,1.1,2.6,47.27272727272727,42.30769230769231,O,O,0.0,False,2429
현대모비스,2024,의무,제조업(10~34),11502.3,217509484231.0,14993500489.0,6.893262857943501,413.7,18.5,22.8,41.3,9.983079526226733,55.20581113801454,X,X,1.0,False,2430
CJ제일제당,2024,의무,제조업(10~34),8683.0,54799980186.0,4757153021.0,8.680939308469553,205.1,18.5,15.4,33.9,16.528522671867382,45.42772861356932,X,O,0.0,False,2431
엠씨넥스,2024,의무,도매 및 소매업(45~47),496.5,2744647361.0,395825592.0,14.421728547881019,4.8,0.0,0.0,0.0,0.0,,X,O,0.0,False,2432
신성이엔지,2024,의무,제조업(10~34),598.8,4003843827.0,1095333969.0,27.357060273270246,28.0,4.0,2.0,6.0,21.428571428571427,33.33333333333333,O,O,2.0,False,2434
아이마켓코리아,2024,의무,도매 및 소매업(45~47),441.2,42730276147.0,1513502801.0,3.5419916215689136,45.7,3.8,0.0,3.8,8.315098468271334,0.0,O,X,0.0,False,2436
두산에너빌리티,2024,의무,건설업(41~42),5846.8,63451138046.0,3879641099.0,6.114375909518577,105.8,4.5,2.2,6.7,6.3327032136105865,32.83582089552239,O,O,0.0,False,2437
효성,2024,의무,금융 및 보험업(64~66),656.0,3314427073.0,420925391.0,12.699793410117369,20.8,0.6,0.6,1.2,5.769230769230769,50.0,X,O,0.0,False,2438
에스티팜,2024,자율,제조업(10~34),666.0,2254222958.0,248998656.0,11.04587525898137,10.7,0.0,0.4,0.4,3.738317757009346,100.0,O,O,0.0,False,2439
한국중부발전,2022,자율,"전기, 가스, 증기 및 공기 조절 공급업(35)",2668.0,32832891567.0,6005398265.0,18.29079919063834,153.0,17.0,12.0,29.0,18.954248366013072,41.37931034482759,O,O,2.0,False,244
대호특수강,2024,의무,제조업(10~34),246.7,461335135.0,14844500.0,3.21772587297085,2.0,0.0,0.0,0.0,0.0,,X,X,0.0,True,2441
현대건설,2024,의무,건설업(41~42),7945.3,37909704763.0,3482611476.0,9.186596144106721,95.8,7.6,8.7,16.3,17.014613778705638,53.37423312883435,X,X,6.0,False,2442
솔브레인,2024,의무,제조업(10~34),1130.2,6049886516.0,1042167356.0,17.226229834953156,23.1,3.7,0.0,3.7,16.017316017316016,0.0,O,O,0.0,True,2443
이노그리드,2024,의무,정보통신업(58~63),177.0,7822733966.0,428128791.0,5.472879339381589,81.0,9.0,0.0,9.0,11.11111111111111,0.0,O,O,0.0,False,2444
에이치디현대일렉트릭,2024,의무,제조업(10~34),2108.7,15405088197.0,285250141.0,1.8516618493333252,35.1,0.0,2.1,2.1,5.982905982905983,100.0,O,O,0.0,True,2445
넛지헬스케어,2024,의무,정보통신업(58~63),174.7,6980945694.0,231940959.0,3.3224862241708766,91.8,3.1,0.3,3.4,3.7037037037037033,8.823529411764707,O,O,1.0,False,2446
에이치엘만도,2024,의무,제조업(10~34),3776.6,37068507883.0,1120328621.0,3.0223191732888557,126.8,2.0,2.0,4.0,3.1545741324921135,50.0,O,O,0.0,False,2447
에이스침대,2024,의무,제조업(10~34),593.5,812071735.0,111839981.0,13.772179990970871,8.0,1.0,0.0,1.0,12.5,0.0,X,X,0.0,False,2448
분당서울대학교병원,2024,자율,보건업 및 사회복지 서비스업(86~87),5509.0,30686088285.0,2196739426.0,7.158747004823721,96.1,5.0,1.0,6.0,6.243496357960458,16.666666666666664,X,X,6.0,False,2449
현대엔지니어링,2022,자율,"전문, 과학 및 기술 서비스업(70~73)",6108.0,11236745004.0,612667580.0,5.452358132020488,221.0,7.0,5.0,12.0,5.429864253393665,41.66666666666667,X,X,0.0,False,245
두산,2024,의무,제조업(10~34),1956.1,43024899031.0,5471411493.0,12.716849118129891,234.5,20.8,11.0,31.8,13.560767590618337,34.59119496855346,O,O,5.0,False,2450
서한,2024,의무,건설업(41~42),418.1,1018667154.0,109273320.0,10.727087800064671,3.0,0.0,0.0,0.0,0.0,,O,X,0.0,False,2452
크몽,2024,자율,정보통신업(58~63),146.8,6865019403.0,731727038.0,10.658775963258556,45.4,3.3,0.0,3.3,7.268722466960352,0.0,X,O,0.0,False,2453
우리은행,2024,자율,금융 및 보험업(64~66),13395.0,408322318446.0,42762131973.0,10.472641352484686,1020.5,29.0,47.5,76.5,7.496325330720236,62.091503267973856,O,O,6.0,False,2454
남양유업,2024,의무,제조업(10~34),2107.4,10376666890.0,439295726.0,4.233495501559846,28.5,3.5,0.8,4.3,15.087719298245613,18.6046511627907,X,X,0.0,False,2455
세진중공업,2024,의무,제조업(10~34),304.9,1192030200.0,173626671.0,14.565626860795977,7.3,0.0,0.0,0.0,0.0,,O,O,0.0,True,2456
대한전선,2024,의무,제조업(10~34),977.7,3416157999.0,331043474.0,9.690519996349853,17.6,0.0,2.1,2.1,11.931818181818182,100.0,O,O,0.0,False,2457
한국앤컴퍼니,2024,의무,금융 및 보험업(64~66),1117.6,6652649568.0,29898946.0,0.4494291438980542,40.9,0.0,0.0,0.0,0.0,,O,O,0.0,True,2458
지엠비코리아,2024,의무,제조업(10~34),729.6,3591804760.0,159477886.0,4.440048851653061,11.2,0.0,0.0,0.0,0.0,,O,O,0.0,True,2459
대구가톨릭대학교의료원,2022,의무,교육 서비스업(85),2122.8,3751636898.0,445062628.0,11.863158405262064,20.3,2.0,0.0,2.0,9.852216748768472,0.0,O,O,7.0,False,246
SK오션플랜트,2024,의무,제조업(10~34),606.9,2244214259.0,238577908.0,10.630799044397303,13.4,2.4,0.5,2.9,21.641791044776117,17.24137931034483,O,O,3.0,True,2460
인하대학교의과대학부속병원,2024,의무,보건업 및 사회복지 서비스업(86~87),2640.4,10866125161.0,613315640.0,5.644290222252116,41.1,1.9,0.2,2.0,4.8661800486618,10.0,X,O,2.0,False,2461
한국카본,2024,의무,제조업(10~34),627.9,1754734458.0,372656000.0,21.237173425359384,7.5,3.0,0.0,3.0,40.0,0.0,X,O,0.0,False,2462
원익큐엔씨,2024,자율,제조업(10~34),1158.4,4649111787.0,412861680.0,8.8804420912067,30.7,1.0,2.0,3.0,9.77198697068404,66.66666666666666,O,O,0.0,False,2463
씨엠비,2024,의무,정보통신업(58~63),301.2,23431771443.0,615786242.0,2.627996963430436,92.1,7.9,0.0,7.9,8.577633007600435,0.0,O,O,0.0,False,2464
덴티움,2024,의무,제조업(10~34),813.0,3147700802.0,74027422.0,2.3517934726503906,11.6,0.0,1.5,1.5,12.931034482758621,100.0,X,X,0.0,True,2465
케이씨씨건설,2024,의무,건설업(41~42),1206.3,6938671419.0,460796380.0,6.640988629872459,26.7,0.0,0.0,0.0,0.0,,X,X,0.0,False,2466
에스와이,2024,의무,제조업(10~34),286.3,430482955.0,41528081.0,9.646858375612108,2.0,0.0,0.0,0.0,0.0,,O,O,0.0,False,2467
강릉아산병원,2024,의무,보건업 및 사회복지 서비스업(86~87),1807.6,5213928573.0,517124862.0,9.918142428684169,19.1,1.0,0.0,1.0,5.235602094240837,0.0,O,O,1.0,False,2468
우리산업,2024,의무,제조업(10~34),397.0,666829758.0,84136815.0,12.617435558417295,3.0,0.0,0.0,0.0,0.0,,O,O,0.0,False,2469
에이치디건설기계,2022,의무,제조업(10~34),1557.0,17257052000.0,911195000.0,5.280131276187845,16.0,3.0,0.0,3.0,18.75,0.0,O,O,,False,247
제이더블유중외제약,2024,의무,도매 및 소매업(45~47),1237.9,8416155485.0,864281702.0,10.269317190496272,22.0,0.0,2.7,2.7,12.272727272727273,100.0,X,O,0.0,False,2470
위버스컴퍼니,2024,자율,도매 및 소매업(45~47),355.0,37925376024.0,2116087523.0,5.579608549328276,199.3,8.4,1.5,9.9,4.967385850476668,15.151515151515152,O,O,3.0,False,2471
대구가톨릭대학교의료원,2024,의무,교육 서비스업(85),2204.9,4255130103.0,447327985.0,10.5126746814303,21.3,2.0,0.0,2.0,9.389671361502346,0.0,O,O,7.0,False,2473
가비아,2024,의무,정보통신업(58~63),361.3,30635195693.0,1607308202.0,5.2466066092969745,229.1,12.5,0.0,12.5,5.456132693147097,0.0,O,O,0.0,False,2474
원광대학교병원,2024,의무,보건업 및 사회복지 서비스업(86~87),2261.1,11048414738.0,392800326.0,3.555264128970463,19.6,1.0,0.0,1.0,5.10204081632653,0.0,O,O,1.0,False,2475
SK네트웍스,2024,의무,도매 및 소매업(45~47),1644.0,45791510990.0,3745790980.0,8.180099103560941,188.4,6.1,10.0,16.1,8.545647558386413,62.11180124223602,O,X,1.0,False,2476
한국항공우주산업,2024,의무,제조업(10~34),5115.8,85088219056.0,5113689123.0,6.009867382033786,171.1,24.6,5.0,29.6,17.299824663939216,16.89189189189189,O,O,3.0,True,2477
삼호개발,2024,의무,건설업(41~42),1296.8,596478128.0,64957410.0,10.890157903660803,2.0,0.0,0.0,0.0,0.0,,X,O,0.0,True,2478
대우건설,2024,의무,건설업(41~42),6029.5,23638140474.0,1769399315.0,7.485357475331838,72.5,6.0,1.0,7.0,9.655172413793103,14.285714285714285,X,O,0.0,False,2479
디어유,2022,자율,정보통신업(58~63),55.5,4832853579.0,610129936.0,12.624631100995332,18.8,2.2,0.0,2.2,11.702127659574469,0.0,O,O,0.0,False,248
에어부산,2024,의무,운수 및 창고업(49~52),1138.5,15268293581.0,787849002.0,5.160033096170002,33.8,3.9,0.9,4.8,14.201183431952662,18.75,X,O,0.0,False,2480
에스앤티다이내믹스,2024,의무,제조업(10~34),483.8,3782708832.0,740372249.0,19.572541315810163,9.0,0.0,0.0,0.0,0.0,,O,O,0.0,False,2481
국도화학,2024,의무,제조업(10~34),806.1,5846290253.0,589220200.0,10.0785314190934,13.4,1.5,1.0,2.5,18.656716417910445,40.0,O,O,0.0,False,2482
동원에프앤비,2024,의무,제조업(10~34),3170.8,9475599889.0,328639655.0,3.468272814911803,17.8,0.0,0.8,0.8,4.49438202247191,100.0,O,O,0.0,False,2483
에이치엘홀딩스,2024,의무,금융 및 보험업(64~66),290.9,7115005776.0,465616176.0,6.5441433311353645,62.7,3.0,0.9,3.9,6.220095693779904,23.076923076923077,O,O,0.0,False,2484
디엘이앤씨,2024,의무,건설업(41~42),5670.8,56703969688.0,3104515576.0,5.474952799745507,273.4,6.7,5.0,11.7,4.279444038039502,42.73504273504274,O,X,0.0,False,2485
율촌화학,2024,의무,제조업(10~34),771.8,7002117552.0,190627458.0,2.722425845957863,22.6,0.0,0.2,0.2,0.8849557522123894,100.0,O,O,0.0,False,2486
아이티이지,2024,의무,정보통신업(58~63),85.3,5360286877.0,823144827.0,15.356357707867508,51.2,4.0,5.0,9.0,17.578125,55.55555555555556,X,O,0.0,False,2487
미래반도체,2024,의무,도매 및 소매업(45~47),36.2,42207577.0,4928000.0,11.675628762105914,0.0,0.0,0.0,0.0,,,X,X,0.0,False,2488
피씨디렉트,2024,의무,도매 및 소매업(45~47),99.5,261404177.0,7320351.0,2.800395572867988,2.0,0.0,0.0,0.0,0.0,,O,O,0.0,False,2489
에이치디한국조선해양,2022,자율,금융 및 보험업(64~66),664.0,598566500.0,0.0,0.0,16.0,0.0,9.0,9.0,56.25,100.0,X,X,,False,249
에스케이텔링크,2024,의무,정보통신업(58~63),165.0,19713875600.0,1600800596.0,8.12017194630162,79.3,3.0,2.0,5.0,6.305170239596469,40.0,O,O,1.0,False,2490
티에이치엔,2024,의무,제조업(10~34),550.1,2369353999.0,149992024.0,6.3305029161241855,3.4,0.0,0.2,0.2,5.882352941176471,100.0,X,X,0.0,False,2491
체리부로,2024,의무,제조업(10~34),335.8,778654337.0,219656244.0,28.209724593109147,2.1,0.0,0.0,0.0,0.0,,O,O,0.0,False,2492
아이에스동서,2024,의무,건설업(41~42),730.3,2328428861.0,104424520.0,4.484763170095408,6.8,0.0,0.0,0.0,0.0,,O,O,0.0,False,2493
카카오헬스케어,2024,자율,정보통신업(58~63),150.0,13664411259.0,589144441.0,4.311524513081109,100.9,3.7,0.5,4.2,4.162537165510407,11.904761904761903,X,X,2.0,False,2494
샘표식품,2024,의무,제조업(10~34),746.1,2718460920.0,201192173.0,7.400958811649939,20.4,1.0,0.0,1.0,4.901960784313726,0.0,O,O,0.0,False,2495
피아이첨단소재,2024,자율,제조업(10~34),334.8,3287183177.0,358706354.0,10.912271531134087,6.1,0.0,1.0,1.0,16.393442622950822,100.0,O,O,0.0,False,2496
네이버웹툰유한회사,2024,의무,정보통신업(58~63),746.6,41503056943.0,3016223257.0,7.267472516885827,244.2,13.0,2.8,15.8,6.4701064701064706,17.72151898734177,O,O,0.0,False,2497
(의)삼성의료재단강북삼성병원,2024,의무,보건업 및 사회복지 서비스업(86~87),3411.8,15874500004.0,2515959634.0,15.84906380274048,45.3,3.1,0.0,3.1,6.843267108167771,0.0,O,O,3.0,False,2498
대성에너지,2024,의무,"전기, 가스, 증기 및 공기 조절 공급업(35)",407.3,5832970627.0,249339756.0,4.274661608029387,24.2,0.0,0.1,0.1,0.4132231404958678,100.0,X,O,0.0,False,2499
원주세브란스기독병원,2022,의무,보건업 및 사회복지 서비스업(86~87),1964.8,3682794375.0,301927644.0,8.198330214947177,20.2,1.0,0.0,1.0,4.9504950495049505,0.0,O,O,3.0,False,250
삼성에스디아이,2024,의무,제조업(10~34),11985.4,164082793078.0,11150671500.0,6.795759196212188,365.7,8.1,2.0,10.1,2.761826633852885,19.801980198019802,O,X,0.0,False,2500
코오롱글로벌,2024,의무,건설업(41~42),2074.0,9011715884.0,480896850.0,5.336351658110042,23.4,1.0,1.5,2.5,10.683760683760685,60.0,O,O,0.0,False,2501
미원스페셜티케미칼,2024,의무,제조업(10~34),465.0,565686025.0,47346078.0,8.369674325965539,1.3,0.0,0.0,0.0,0.0,,O,O,1.0,False,2502
에스에프에이반도체,2024,의무,제조업(10~34),565.9,2831692812.0,382255958.0,13.499202893057314,15.3,0.0,0.0,0.0,0.0,,O,O,0.0,True,2503
현대홈쇼핑,2024,의무,도매 및 소매업(45~47),1075.3,25976344680.0,1692555516.0,6.5157570737931865,320.4,7.0,4.3,11.3,3.526841448189763,38.05309734513274,O,X,0.0,False,2504
롯데에너지머티리얼즈,2024,의무,제조업(10~34),556.9,2600151562.0,124124987.0,4.773759684397967,8.6,0.0,0.9,0.9,10.465116279069768,100.0,X,O,0.0,False,2505
당근마켓,2024,의무,정보통신업(58~63),405.7,62964522634.0,3541792618.0,5.625060700591224,217.3,6.8,3.2,10.0,4.601932811780948,32.0,X,X,2.0,False,2506
남해화학,2024,의무,제조업(10~34),482.0,2803498158.0,72912292.0,2.600761188015733,19.7,0.0,2.7,2.7,13.70558375634518,100.0,O,X,0.0,True,2507
윤성에프앤씨,2024,의무,제조업(10~34),306.8,1271082508.0,292175676.0,22.986365885856404,1.0,0.0,0.0,0.0,0.0,,X,X,0.0,True,2508
주성엔지니어링,2024,자율,제조업(10~34),577.4,3517706335.0,926475771.0,26.337496162822816,3.5,1.0,0.0,1.0,28.57142857142857,0.0,O,O,0.0,False,2509
위메프,2022,의무,"사업시설 관리, 사업 지원 및 임대 서비스업(74~76)",1381.8,33533414180.0,3056977697.0,9.116213698345224,309.9,23.2,7.0,30.2,9.745079057760568,23.17880794701987,X,O,0.0,False,251
미원상사,2024,의무,제조업(10~34),676.8,833183082.0,39530921.0,4.744565972836208,1.4,0.0,0.0,0.0,0.0,,O,O,0.0,False,2510
삼표시멘트,2024,의무,제조업(10~34),623.0,2957589000.0,154047000.0,5.208533031465833,15.8,0.0,0.9,0.9,5.69620253164557,100.0,O,O,0.0,False,2511
한국제지,2024,의무,제조업(10~34),793.3,1868533934.0,97423456.0,5.213898138389388,11.9,0.0,0.0,0.0,0.0,,O,O,0.0,False,2512
사조대림,2024,의무,제조업(10~34),898.4,3919874979.0,360755053.0,9.203228545111209,13.3,0.0,1.1,1.1,8.270676691729323,100.0,O,O,0.0,False,2513
한국마이크로소프트유한회사,2024,의무,정보통신업(58~63),,,,,,,,,,,O,O,0.0,False,2514
더존비즈온,2024,의무,정보통신업(58~63),1866.0,74570752124.0,5254711173.0,7.0466114707575995,674.0,31.0,2.7,33.7,5.0,8.011869436201781,O,X,5.0,False,2515
엘지씨엔에스,2024,의무,정보통신업(58~63),6713.3,433931198718.0,23179847363.0,5.341825485579788,2599.6,94.0,61.0,155.0,5.962455762424989,39.35483870967742,O,O,5.0,False,2516
이화의대부속서울병원,2024,자율,보건업 및 사회복지 서비스업(86~87),2079.3,6376086530.0,612883523.0,9.612220915075943,28.5,1.5,6.0,7.5,26.31578947368421,80.0,O,O,8.0,False,2517
에이치에스화성,2024,의무,건설업(41~42),435.2,793258224.0,51415978.0,6.481619281642645,2.8,0.0,0.0,0.0,0.0,,O,O,0.0,False,2518
엔브이에이치코리아,2024,의무,제조업(10~34),595.0,5226544430.0,133121701.0,2.547030887863322,19.0,0.0,0.0,0.0,0.0,,O,X,0.0,False,2519
HD현대미포,2022,의무,제조업(10~34),3008.0,3727917000.0,202210000.0,5.424208747136806,24.0,1.0,1.0,2.0,8.333333333333332,50.0,O,O,0.0,False,252
삼양패키징,2024,의무,제조업(10~34),515.5,3323766699.0,184930411.0,5.56388061339079,6.5,0.0,0.2,0.2,3.076923076923077,100.0,O,O,0.0,False,2520
동성케미컬,2024,의무,제조업(10~34),624.2,3525552868.0,254259356.0,7.211900247130261,11.4,0.2,0.7,0.9,7.894736842105263,77.77777777777777,O,O,0.0,False,2521
케이티씨에스,2024,의무,"사업시설 관리, 사업 지원 및 임대 서비스업(74~76)",9351.8,10610772363.0,729478180.0,6.874882949555178,44.5,1.8,0.5,2.3,5.168539325842696,21.73913043478261,O,O,0.0,False,2522
이엔에프테크놀로지,2024,의무,제조업(10~34),572.8,2070352640.0,68344273.0,3.301093334515225,7.4,0.0,0.3,0.3,4.0540540540540535,100.0,X,O,0.0,False,2524
한독,2024,의무,제조업(10~34),969.5,7829897505.0,891954464.0,11.391649295925234,19.9,0.0,0.3,0.3,1.5075376884422111,100.0,O,O,8.0,False,2525
하나투어,2024,의무,"사업시설 관리, 사업 지원 및 임대 서비스업(74~76)",1264.4,35278384550.0,2069287907.0,5.8655971167477965,241.4,9.3,1.0,10.3,4.266777133388567,9.70873786407767,X,X,3.0,True,2526
한국알콜산업,2024,의무,제조업(10~34),181.2,1149937392.0,77148054.0,6.708891678513225,4.0,0.0,0.0,0.0,0.0,,X,O,0.0,False,2527
두올,2024,의무,제조업(10~34),601.0,657341959.0,94254250.0,14.338693690478383,4.0,0.0,0.0,0.0,0.0,,X,X,0.0,True,2528
이구산업,2024,의무,제조업(10~34),219.0,315406459.0,8740306.0,2.7711246078191443,3.0,0.0,0.0,0.0,0.0,,X,O,0.0,False,2529
티피,2022,의무,제조업(10~34),445.8,2383553750.0,126328904.0,5.300023295048413,14.6,1.0,0.0,1.0,6.8493150684931505,0.0,O,O,2.0,False,253
넷마블,2024,의무,정보통신업(58~63),841.9,148989764121.0,5236893603.0,3.5149351594025804,731.0,34.6,2.9,37.5,5.1299589603283176,7.733333333333333,O,O,5.0,False,2530
(학)성균관대학삼성창원병원,2024,의무,교육 서비스업(85),2170.0,10746985794.0,2084631738.0,19.39736199487527,19.0,2.0,0.0,2.0,10.526315789473683,0.0,O,O,4.0,False,2531
스푼라디오,2024,자율,정보통신업(58~63),111.4,12817634161.0,528733903.0,4.125050663473996,53.4,2.5,0.0,2.5,4.681647940074907,0.0,X,O,2.0,False,2532
태림포장,2024,의무,제조업(10~34),888.1,1461017134.0,152192362.0,10.416877287628031,6.0,0.0,0.0,0.0,0.0,,X,X,0.0,False,2533
삼성전기,2024,의무,제조업(10~34),12129.6,188813867240.0,9731134659.0,5.153824134448145,768.1,22.1,5.0,27.1,3.5281864340580658,18.45018450184502,O,X,0.0,False,2534
에스엘,2024,의무,제조업(10~34),4666.8,28191066154.0,1121291805.0,3.9774721497750134,46.0,2.7,1.0,3.7,8.043478260869566,27.027027027027025,O,O,1.0,False,2536
한진,2024,의무,운수 및 창고업(49~52),1591.9,25940530687.0,1296366400.0,4.99745520105982,113.2,3.4,2.0,5.4,4.770318021201414,37.03703703703704,O,O,0.0,False,2537
롯데렌탈,2024,의무,"사업시설 관리, 사업 지원 및 임대 서비스업(74~76)",1199.0,48277367044.0,2402162490.0,4.975752898476565,284.0,6.6,6.5,13.1,4.612676056338028,49.61832061068702,X,O,0.0,False,2538
에이치케이이노엔,2024,의무,제조업(10~34),1722.6,8429546515.0,891164242.0,10.571912028888068,31.2,2.0,1.8,3.8,12.179487179487179,47.36842105263158,O,O,0.0,False,2539
삼성서울병원,2022,의무,보건업 및 사회복지 서비스업(86~87),7001.1,61861716212.0,2531469286.0,4.092142024195803,133.8,7.0,1.0,8.0,5.9790732436472345,12.5,O,X,7.0,False,254
한화,2024,의무,제조업(10~34),5340.6,52995830251.0,3249526878.0,6.13166519443043,56.3,5.2,1.0,6.2,11.012433392539965,16.129032258064516,O,X,0.0,False,2540
동서,2024,의무,도매 및 소매업(45~47),284.2,1357646323.0,95189099.0,7.011332582528565,6.0,0.0,0.0,0.0,0.0,,O,O,2.0,False,2541
이화의대부속목동병원,2024,의무,교육 서비스업(85),1998.7,6209116143.0,577022188.0,9.29314534807857,28.5,1.5,6.0,7.5,26.31578947368421,80.0,O,O,8.0,False,2542
네이버클라우드,2024,의무,정보통신업(58~63),1797.4,520086941968.0,29724277145.0,5.715251575539245,1356.4,50.6,35.5,86.1,6.347685048658212,41.23112659698026,O,X,0.0,False,2543
에퀴닉스코리아유한회사,2024,의무,정보통신업(58~63),,,,,,,,,,,X,O,0.0,False,2544
유진기업,2024,의무,제조업(10~34),700.5,9023457198.0,518493855.0,5.746066542155498,26.1,0.0,1.5,1.5,5.747126436781609,100.0,X,O,0.0,False,2545
현대글로비스,2024,의무,운수 및 창고업(49~52),1824.8,53403706441.0,3910832868.0,7.323148763692382,180.3,7.4,2.0,9.4,5.213533000554631,21.27659574468085,X,X,2.0,False,2546
엘에스일렉트릭,2024,의무,제조업(10~34),3264.7,37736066233.0,1777852836.0,4.711282901144785,124.1,2.0,1.9,3.9,3.1426269137792104,48.717948717948715,O,O,2.0,False,2547
코오롱인더스트리,2024,의무,제조업(10~34),3992.9,48665218534.0,1341303902.0,2.7561859217027798,138.3,7.2,8.2,15.4,11.1352133044107,53.246753246753244,O,O,0.0,False,2548
삼양사,2024,의무,제조업(10~34),1303.8,17710070272.0,586842668.0,3.3136100477693233,32.4,0.0,1.1,1.1,3.395061728395062,100.0,O,O,0.0,False,2549
에이치디현대일렉트릭,2022,의무,제조업(10~34),2150.0,3048478000.0,287664000.0,9.436315433472048,17.0,3.0,0.0,3.0,17.647058823529413,0.0,X,O,2.0,False,255
엘에스네트웍스,2024,자율,도매 및 소매업(45~47),208.6,3020820909.0,369615187.0,12.235587548364656,8.0,0.0,0.0,0.0,0.0,,X,O,0.0,False,2550
자이에스앤디,2024,의무,건설업(41~42),2322.8,12063128646.0,403068336.0,3.34132502295458,15.5,0.0,0.0,0.0,0.0,,O,O,0.0,False,2551
애경산업,2024,의무,제조업(10~34),910.9,5693350231.0,544654709.0,9.566506308260873,46.8,1.0,1.3,2.3,4.914529914529915,56.52173913043479,X,O,0.0,False,2553
케이지이니시스,2024,의무,정보통신업(58~63),220.0,9830831290.0,798430248.0,8.121696166347292,69.0,4.0,0.0,4.0,5.797101449275362,0.0,X,X,0.0,False,2554
엔피씨,2024,의무,제조업(10~34),218.2,1465070148.0,114790519.0,7.835155139615882,18.7,0.0,1.5,1.5,8.02139037433155,100.0,X,X,2.0,False,2555
KCTV제주방송,2024,의무,정보통신업(58~63),139.7,2829408960.0,22398223.0,0.7916219718198673,21.6,0.0,0.0,0.0,0.0,,O,O,0.0,True,2556
한국지역난방공사,2024,자율,"전기, 가스, 증기 및 공기 조절 공급업(35)",2177.9,18092705909.0,3399401020.0,18.78879277150583,65.0,6.0,9.0,15.0,23.076923076923077,60.0,O,O,1.0,False,2557
비에이치,2024,자율,제조업(10~34),1468.7,1833387836.0,116397543.0,6.348768150112239,10.7,0.0,0.0,0.0,0.0,,O,O,0.0,False,2558
평화이즈,2024,자율,정보통신업(58~63),188.0,4049773219.0,450859846.0,11.132965270369624,44.8,1.0,1.8,2.8,6.25,64.28571428571429,O,O,1.0,False,2559
고려아연,2022,의무,제조업(10~34),1472.3,10021471793.0,2234837804.0,22.30049487901602,38.2,6.9,1.0,7.9,20.680628272251308,12.658227848101264,O,X,0.0,False,256
쿠팡,2024,의무,도매 및 소매업(45~47),12651.2,1178180311803.0,65955675968.0,5.598096938750089,2555.8,136.4,54.5,190.9,7.469285546599889,28.5489785227868,O,X,0.0,False,2560
한국아이비엠,2024,의무,도매 및 소매업(45~47),,,,,,,,,,,O,X,0.0,False,2561
엘에스,2024,의무,금융 및 보험업(64~66),93.6,2427978627.0,175018980.0,7.2084234207717355,4.7,0.0,0.3,0.3,6.382978723404255,100.0,O,O,0.0,False,2562
삼익THK,2024,의무,제조업(10~34),704.5,2700247649.0,158465281.0,5.868546207555647,10.0,0.0,0.0,0.0,0.0,,O,O,0.0,False,2563
태웅로직스,2024,의무,운수 및 창고업(49~52),343.2,1293418669.0,162640620.0,12.574475991269304,9.0,0.0,0.0,0.0,0.0,,O,O,1.0,False,2564
케이티알파,2024,의무,도매 및 소매업(45~47),625.8,29123889219.0,2422129359.0,8.31664116281502,136.3,8.0,1.7,9.7,7.116654438738077,17.52577319587629,X,O,0.0,False,2565
큐셀네트웍스,2024,의무,제조업(10~34),88.0,8729607051.0,12069975.0,0.13826481454989836,82.2,0.0,0.0,0.0,0.0,,O,O,0.0,True,2566
카카오,2024,의무,정보통신업(58~63),4031.5,662962176817.0,25641829513.0,3.867766580004761,3288.7,71.7,19.2,90.9,2.7640100951743856,21.12211221122112,O,X,0.0,False,2567
아시아나항공,2024,의무,운수 및 창고업(49~52),7951.1,109624663952.0,3433678136.0,3.1322131463987537,200.4,8.0,7.6,15.6,7.78443113772455,48.717948717948715,O,O,0.0,False,2568
대원강업,2024,의무,제조업(10~34),675.0,2031210258.0,158724280.0,7.814271288501931,2.0,0.0,0.0,0.0,0.0,,O,O,0.0,False,2569
케이씨텍,2022,의무,제조업(10~34),695.5,4094834863.0,1031982176.0,25.202046249160304,12.0,3.5,1.0,4.5,37.5,22.22222222222222,O,O,9.0,False,257
하림,2024,의무,제조업(10~34),2337.5,3931252270.0,149341094.0,3.798817367678111,13.0,0.0,0.0,0.0,0.0,,X,O,0.0,False,2570
디에스단석,2024,의무,제조업(10~34),398.3,786964376.0,9604000.0,1.2203856099326151,1.8,0.0,0.0,0.0,0.0,,X,X,0.0,False,2571
이수화학,2024,의무,제조업(10~34),364.2,4043188713.0,187235900.0,4.6308968809193445,9.4,0.0,0.9,0.9,9.574468085106384,100.0,O,O,0.0,True,2572
네이버,2024,의무,정보통신업(58~63),4298.4,1136369954215.0,41676082447.0,3.667474865242251,2999.7,52.7,77.4,130.1,4.3371003767043375,59.49269792467333,O,O,1.0,False,2573
휴온스,2024,의무,제조업(10~34),922.3,3533114638.0,207845727.0,5.882790350602827,11.9,0.0,2.0,2.0,16.806722689075627,100.0,O,O,1.0,False,2574
국보디자인,2024,의무,건설업(41~42),340.0,1000910984.0,44410000.0,4.436958002251277,0.0,0.0,0.0,0.0,,,X,O,0.0,False,2575
KCTV광주방송,2024,의무,정보통신업(58~63),24.0,3027143836.0,116570279.0,3.8508338326609994,7.0,1.0,0.0,1.0,14.285714285714285,0.0,O,O,0.0,False,2577
현대백화점,2024,의무,도매 및 소매업(45~47),2871.6,52081788423.0,2416942759.0,4.640667750058764,342.9,4.9,8.0,12.9,3.762029746281715,62.01550387596899,O,X,0.0,False,2578
동일고무벨트,2024,의무,제조업(10~34),563.8,6045576398.0,170649826.0,2.8227221817336465,7.0,0.0,1.4,1.4,20.0,100.0,X,O,0.0,False,2579
비에이치,2022,의무,제조업(10~34),1474.0,963435046.0,279228365.0,28.982583326120775,7.0,3.0,0.0,3.0,42.857142857142854,0.0,O,O,,False,258
넥슨코리아,2024,의무,정보통신업(58~63),3685.5,461294872193.0,15827881598.0,3.431185246598148,2853.1,87.2,15.8,103.0,3.6101083032490973,15.339805825242719,O,X,0.0,False,2580
금호석유화학,2024,의무,제조업(10~34),1505.8,12554116371.0,751781454.0,5.988326312926449,51.8,2.0,0.0,2.0,3.861003861003861,0.0,O,O,0.0,False,2581
대상,2024,의무,제조업(10~34),5716.4,22817166883.0,1485490816.0,6.510408691916828,93.4,3.6,2.5,6.1,6.5310492505353315,40.98360655737705,O,O,0.0,False,2583
영원무역,2024,의무,제조업(10~34),329.1,3418151268.0,258250403.0,7.555265485693536,10.0,0.0,0.0,0.0,0.0,,X,O,0.0,False,2584
카카오엔터프라이즈,2024,의무,정보통신업(58~63),1002.5,208283201630.0,11223225240.0,5.3884447483850595,876.3,28.6,25.4,54.0,6.162273194111606,47.03703703703703,X,X,0.0,False,2585
고려대학교안산병원,2024,의무,보건업 및 사회복지 서비스업(86~87),2424.4,3926386180.0,465613126.0,11.85856674953965,11.2,0.0,0.7,0.7,6.25,100.0,O,O,0.0,False,2586
토스증권,2024,자율,금융 및 보험업(64~66),251.7,67631207012.0,7993328216.0,11.818993877459146,172.3,17.8,2.3,20.1,11.665699361578643,11.442786069651739,O,O,3.0,False,2587
신세계아이앤씨,2024,의무,정보통신업(58~63),1417.1,56029156923.0,4316696653.0,7.7043755252865385,283.9,13.2,0.4,13.6,4.790419161676647,2.9411764705882355,X,O,0.0,False,2588
세아특수강,2024,의무,제조업(10~34),343.1,1512473049.0,9407196.0,0.6219744547659705,5.5,0.0,0.2,0.2,3.6363636363636367,100.0,O,O,0.0,False,2589
남해화학,2022,의무,제조업(10~34),441.0,1673229447.0,162576000.0,9.716300432764257,7.0,0.0,0.0,0.0,0.0,,O,X,0.0,False,259
스튜디오드래곤,2024,의무,정보통신업(58~63),182.8,2411059972.0,196689406.0,8.157798158659821,1.6,0.0,0.0,0.0,0.0,,X,O,0.0,False,2590
동양이엔피,2024,의무,제조업(10~34),374.7,8181303401.0,460713832.0,5.6313011438212515,26.2,0.0,4.0,4.0,15.267175572519085,100.0,O,O,0.0,False,2591
케이티엠오에스남부,2024,의무,"사업시설 관리, 사업 지원 및 임대 서비스업(74~76)",1036.0,58944860476.0,40269410.0,0.06831708426283595,956.6,0.0,0.0,0.0,0.0,,O,O,0.0,True,2592
씨티알모빌리티,2024,의무,제조업(10~34),158.8,2648228484.0,117469587.0,4.435779907576888,24.0,0.0,5.0,5.0,20.833333333333336,100.0,O,O,0.0,False,2593
에프앤에프,2024,의무,제조업(10~34),651.3,19073516917.0,672767194.0,3.5272320093226774,79.4,2.8,3.0,5.8,7.304785894206549,51.724137931034484,X,O,0.0,True,2594
중앙대학교병원,2024,의무,교육 서비스업(85),2137.0,6740516503.0,352512681.0,5.229757702441753,33.6,1.4,0.0,1.4,4.166666666666666,0.0,O,O,3.0,False,2595
동방,2024,의무,운수 및 창고업(49~52),813.1,6173457966.0,680573326.0,11.02418336284498,17.3,0.0,4.0,4.0,23.121387283236995,100.0,X,O,0.0,False,2596
상신브레이크,2024,의무,제조업(10~34),615.8,2605135268.0,438269083.0,16.823275489125198,9.5,0.0,0.0,0.0,0.0,,O,O,0.0,True,2597
유니크,2024,의무,제조업(10~34),609.2,755309933.0,54699451.0,7.241987508722462,5.0,0.0,0.0,0.0,0.0,,O,O,0.0,False,2598
케이지모빌리티,2024,의무,제조업(10~34),4237.8,17773463146.0,681252387.0,3.8329749323688724,54.5,1.0,1.0,2.0,3.669724770642202,50.0,X,O,0.0,False,2599
에이스침대,2022,의무,제조업(10~34),621.8,1610763828.0,428566596.0,26.60642041683593,10.5,2.0,0.0,2.0,19.047619047619047,0.0,X,X,,False,260
보령,2024,의무,제조업(10~34),1630.0,9059251098.0,886037082.0,9.780467197731271,13.5,2.3,0.0,2.3,17.037037037037038,0.0,O,O,0.0,False,2600
경동도시가스,2024,의무,"전기, 가스, 증기 및 공기 조절 공급업(35)",296.5,3198827470.0,518000146.0,16.193438091239102,8.4,2.0,0.0,2.0,23.809523809523807,0.0,O,X,0.0,False,2601
대창,2024,의무,제조업(10~34),386.0,487531407.0,18596678.0,3.8144574345340585,8.8,0.0,0.9,0.9,10.227272727272727,100.0,O,O,0.0,False,2602
티피,2024,의무,제조업(10~34),324.8,2602160945.0,87204068.0,3.351217309119978,13.9,1.0,0.0,1.0,7.194244604316546,0.0,O,O,2.0,False,2603
드림어스컴퍼니,2024,자율,제조업(10~34),342.4,13633740709.0,1140271987.0,8.363603293755437,87.8,4.5,0.9,5.4,6.150341685649203,16.666666666666664,O,O,2.0,True,2604
솔루스첨단소재,2024,자율,제조업(10~34),194.6,4548292578.0,285090275.0,6.268072471392363,1.2,0.0,0.0,0.0,0.0,,X,O,0.0,False,2605
일지테크,2024,의무,제조업(10~34),444.4,974965989.0,28842771.0,2.9583361189433246,3.9,0.0,0.0,0.0,0.0,,X,X,0.0,False,2606
인터지스,2024,의무,운수 및 창고업(49~52),518.0,4370184583.0,275895600.0,6.31313379927321,2.0,0.0,0.0,0.0,0.0,,X,X,0.0,False,2607
피에이치에이,2024,의무,제조업(10~34),608.0,3961423753.0,253891829.0,6.409105534537344,8.8,1.0,0.2,1.2,13.636363636363635,16.666666666666668,X,X,0.0,False,2608
씨제이올리브네트웍스,2024,의무,정보통신업(58~63),1496.7,55825059934.0,7918521150.0,14.184527807693872,242.8,17.4,5.1,22.5,9.266886326194399,22.666666666666664,X,O,0.0,True,2609
에이치디현대에너지솔루션,2022,의무,제조업(10~34),221.0,975028000.0,57516000.0,5.8989075185533135,5.0,1.0,0.0,1.0,20.0,0.0,X,O,,False,261
종근당,2024,의무,제조업(10~34),2335.7,10175382810.0,1061625716.0,10.433275443521127,26.2,0.0,6.7,6.7,25.572519083969468,100.0,O,O,3.0,False,2610
삼성중공업,2024,의무,제조업(10~34),8335.8,72619039568.0,4529370793.0,6.237167029396921,250.1,11.0,2.0,13.0,5.197920831667333,15.384615384615385,O,O,0.0,False,2611
케이티클라우드,2024,의무,정보통신업(58~63),628.0,256499102846.0,11133386647.0,4.34051679848736,686.6,18.8,16.6,35.4,5.155840372851732,46.89265536723165,O,O,0.0,False,2612
휴스틸,2024,의무,제조업(10~34),546.8,609625962.0,98678400.0,16.18671220567211,5.8,1.0,0.0,1.0,17.24137931034483,0.0,O,O,0.0,False,2613
엔에이치엔클라우드,2024,의무,정보통신업(58~63),505.3,89732946770.0,6352861830.0,7.079742790887508,403.3,38.8,0.0,38.8,9.620629804116042,0.0,O,X,1.0,False,2614
하이브,2024,의무,"전문, 과학 및 기술 서비스업(70~73)",725.5,18107389211.0,2795617199.0,15.439095975811352,69.0,6.8,2.6,9.4,13.623188405797102,27.659574468085108,O,O,3.0,False,2615
학교법인가톨릭학원가톨릭대학교인천성모병원,2024,의무,보건업 및 사회복지 서비스업(86~87),2395.1,6288776500.0,681538678.0,10.837381134470274,23.7,1.0,0.7,1.7,7.172995780590717,41.17647058823529,O,O,6.0,False,2616
세아제강,2024,의무,제조업(10~34),740.8,14599149459.0,125076819.0,0.8567404515671518,19.4,0.0,2.6,2.6,13.402061855670105,100.0,O,O,0.0,True,2617
코오롱플라스틱,2024,의무,제조업(10~34),386.8,3288867620.0,207577750.0,6.311526457851167,7.9,0.0,0.8,0.8,10.126582278481013,100.0,O,O,0.0,False,2618
연세대학교의료원,2024,의무,보건업 및 사회복지 서비스업(86~87),8847.8,32469601012.0,2152040928.0,6.627863789286035,126.3,7.2,1.0,8.2,6.492478226444971,12.195121951219514,O,O,0.0,False,2619
STX엔진,2022,의무,제조업(10~34),873.0,5374378464.0,1298790195.0,24.166332975987455,22.0,1.0,3.4,4.4,20.0,77.27272727272727,X,X,,False,262
사조동아원,2024,의무,제조업(10~34),352.0,882407481.0,98773000.0,11.193581437916208,9.0,0.0,0.0,0.0,0.0,,O,O,0.0,False,2620
롯데건설,2024,자율,건설업(41~42),5735.2,22463569341.0,1126288642.0,5.01384541745253,63.5,4.0,1.9,5.9,9.291338582677165,32.20338983050847,X,X,4.0,False,2621
에스지씨이앤씨,2024,의무,건설업(41~42),1146.8,4329038028.0,187318609.0,4.327026184303133,5.0,0.0,0.0,0.0,0.0,,X,X,0.0,True,2622
클리오,2024,의무,도매 및 소매업(45~47),352.2,2887284810.0,85379233.0,2.957076929310621,15.5,1.0,0.0,1.0,6.451612903225806,0.0,O,O,0.0,False,2623
팬오션,2024,의무,운수 및 창고업(49~52),369.2,7947180991.0,665766001.0,8.377385663595238,30.8,2.0,0.0,2.0,6.493506493506493,0.0,O,O,0.0,False,2624
(의료)길의료재단,2024,의무,보건업 및 사회복지 서비스업(86~87),3288.7,7566653740.0,1041214273.0,13.760564560999722,40.0,1.0,1.0,2.0,5.0,50.0,O,O,4.0,False,2625
한솔테크닉스,2024,의무,제조업(10~34),636.0,3527025984.0,312154470.0,8.85035923795451,8.2,0.0,1.0,1.0,12.195121951219514,100.0,O,O,0.0,False,2627
아남전자,2024,의무,제조업(10~34),135.4,530677299.0,23959339.0,4.51486035772561,3.1,0.0,0.0,0.0,0.0,,X,X,0.0,True,2628
동국씨엠,2024,의무,제조업(10~34),1002.6,5806395353.0,315049642.0,5.425907518288826,51.3,0.0,3.3,3.3,6.432748538011696,100.0,X,O,0.0,True,2629
에스에스지닷컴,2022,자율,도매 및 소매업(45~47),3138.1,55468220767.0,3175820416.0,5.725477349166043,403.2,9.4,0.9,10.3,2.5545634920634925,8.737864077669903,X,O,,False,263
티맵모빌리티,2024,의무,정보통신업(58~63),401.7,68444667872.0,1393629239.0,2.0361399687208053,371.8,5.5,5.2,10.7,2.8778913394298007,48.5981308411215,O,O,0.0,False,2630
켐트로닉스,2024,자율,제조업(10~34),509.5,2725080671.0,434625352.0,15.949082044624726,5.1,1.0,0.0,1.0,19.607843137254903,0.0,O,O,0.0,False,2631
KC코트렐,2024,의무,제조업(10~34),258.4,1001416413.0,26349707.0,2.631243772115007,2.0,0.0,0.0,0.0,0.0,,X,O,0.0,False,2632
엔아이스틸,2024,의무,제조업(10~34),246.8,344923317.0,6384508.0,1.8509934484945243,2.1,0.0,0.0,0.0,0.0,,O,O,0.0,True,2633
고려대학교구로병원,2024,의무,보건업 및 사회복지 서비스업(86~87),3224.9,3749625218.0,280188722.0,7.472446063541489,11.2,0.0,0.7,0.7,6.25,100.0,O,O,1.0,False,2634
레드캡투어,2024,의무,"사업시설 관리, 사업 지원 및 임대 서비스업(74~76)",380.2,12936629541.0,556989727.0,4.305524288492108,60.3,2.9,0.6,3.5,5.804311774461028,17.142857142857142,O,O,0.0,False,2635
인지컨트롤스,2024,의무,제조업(10~34),570.8,1982809373.0,168715283.0,8.508900820089073,3.0,0.0,0.0,0.0,0.0,,X,X,0.0,False,2636
한화오션,2024,의무,제조업(10~34),8679.4,72775426202.0,2673288533.0,3.6733395769883286,231.3,10.7,15.9,26.6,11.50021616947687,59.77443609022556,O,O,0.0,False,2637
에스케이바이오팜,2024,의무,"전문, 과학 및 기술 서비스업(70~73)",272.1,9873160991.0,1072559491.0,10.863385008891322,21.7,0.0,3.8,3.8,17.51152073732719,100.0,O,O,0.0,False,2638
남인천방송,2024,의무,정보통신업(58~63),90.0,3288358177.0,374861847.0,11.399665937303398,11.0,1.0,0.0,1.0,9.090909090909092,0.0,O,O,0.0,False,2639
백패커,2022,자율,도매 및 소매업(45~47),201.4,5883465323.0,560884491.0,9.533233565724544,55.3,3.7,0.0,3.7,6.6907775768535265,0.0,O,O,,False,264
정보보호공시우수기업(고시성실성및다양한정보보호노력평가를통해공시연도에과학기술정보통신부장관표창을수여받은자)두나무,2024,의무,정보통신업(58~63),593.5,97613144248.0,9202721319.0,9.427748065997326,336.3,25.8,0.8,26.7,7.939339875111508,2.9962546816479403,O,O,1.0,False,2640
엘지디스플레이,2024,의무,제조업(10~34),28398.2,230715098193.0,11104108618.0,4.81290938693188,593.1,27.6,7.7,35.3,5.951778789411566,21.81303116147309,O,O,1.0,False,2641
십일번가,2024,의무,도매 및 소매업(45~47),1241.3,87308637549.0,6629729514.0,7.593440580583123,553.1,17.5,18.0,35.5,6.418369191827879,50.70422535211267,O,O,0.0,False,2642
일동제약,2024,의무,제조업(10~34),1055.0,8105190546.0,506231960.0,6.24577494047726,16.0,0.0,2.0,2.0,12.5,100.0,O,O,1.0,False,2643
비지에프리테일,2024,의무,도매 및 소매업(45~47),2472.6,21126591930.0,880046057.0,4.165584586079521,81.3,5.0,0.7,5.7,7.011070110701108,12.280701754385964,O,O,0.0,False,2644
에스케이스퀘어,2024,자율,금융 및 보험업(64~66),98.3,9325153839.0,2307023213.0,24.739787169531542,26.9,2.0,7.8,9.8,36.431226765799266,79.59183673469387,O,O,3.0,False,2645
엘지전자,2024,의무,제조업(10~34),35977.0,458992449269.0,25821184037.0,5.625622834999422,1239.6,88.9,31.6,120.5,9.720877702484673,26.224066390041497,O,O,0.0,False,2646
넥센,2024,의무,제조업(10~34),841.1,1974937777.0,162931667.0,8.249964575972562,17.9,0.0,0.6,0.6,3.35195530726257,100.0,X,X,0.0,False,2647
하이트진로,2024,의무,제조업(10~34),3085.4,14341290599.0,1001880712.0,6.9859871054412634,27.9,1.0,0.0,1.0,3.584229390681004,0.0,O,O,0.0,False,2648
깨끗한나라,2024,의무,제조업(10~34),614.7,6113284170.0,337941973.0,5.527993850807691,17.9,0.8,0.3,1.1,6.145251396648046,27.27272727272727,X,O,0.0,False,2649
E1,2022,의무,도매 및 소매업(45~47),295.7,6640258538.0,599139800.0,9.022838441776345,15.7,1.0,0.0,1.0,6.369426751592357,0.0,X,O,,False,265
엑세스바이오,2024,의무,제조업(10~34),116.0,1054798150.0,127975695.0,12.132718947222273,3.2,0.0,0.0,0.0,0.0,,X,X,0.0,True,2650
서울도시가스,2024,의무,"전기, 가스, 증기 및 공기 조절 공급업(35)",521.0,10776040997.0,701725020.0,6.5119000586148195,32.0,0.0,1.0,1.0,3.125,100.0,O,O,0.0,False,2651
한샘,2024,의무,도매 및 소매업(45~47),2259.5,32121162540.0,1440954160.0,4.485996290469255,173.3,3.5,1.4,4.9,2.827466820542412,28.57142857142857,O,O,0.0,True,2652
효성화학,2024,의무,제조업(10~34),1273.0,5511897877.0,536848941.0,9.739820166845954,37.5,0.9,0.8,1.7,4.533333333333333,47.05882352941177,X,O,0.0,False,2653
서울국제전화,2024,의무,정보통신업(58~63),8.0,1317653036.0,0.0,0.0,0.0,0.0,0.0,0.0,,,X,X,0.0,False,2655
엘지헬로비전,2024,의무,정보통신업(58~63),1063.9,97563514550.0,2570130645.0,2.6343153553399743,429.8,6.7,7.8,14.5,3.373662168450442,53.79310344827586,O,O,1.0,False,2656
세보엠이씨,2024,의무,건설업(41~42),1761.4,1120295908.0,33833620.0,3.0200610176646294,5.0,0.0,0.0,0.0,0.0,,O,O,0.0,False,2657
일성건설,2024,의무,건설업(41~42),511.9,957667355.0,43800536.0,4.573669110815624,0.7,0.0,0.0,0.0,0.0,,O,X,0.0,False,2658
디지털엣지코리아,2024,의무,정보통신업(58~63),36.2,3737221921.0,512947243.0,13.725362149827763,22.7,3.0,0.3,3.3,14.537444933920703,9.090909090909092,X,O,0.0,False,2659
에스케이하이닉스,2022,의무,제조업(10~34),28986.6,984212236850.0,52647981760.0,5.349250881954222,1646.7,27.5,64.0,91.5,5.556567680816178,69.94535519125684,O,O,,False,266
동성화인텍,2024,의무,제조업(10~34),501.8,1078151839.0,79507338.0,7.374410089931684,3.2,0.3,0.8,1.1,34.375,72.72727272727273,O,O,0.0,False,2660
한세실업,2024,의무,제조업(10~34),489.0,3007783997.0,193957312.0,6.4485120006441745,11.2,0.8,0.0,0.8,7.142857142857144,0.0,X,O,0.0,False,2661
삼성에스디에스,2024,의무,정보통신업(58~63),11559.8,538360461563.0,63205796919.0,11.74042327244783,2622.0,289.4,42.2,331.6,12.646834477498095,12.72617611580217,O,X,0.0,False,2662
넷플릭스서비시스코리아(유),2024,의무,정보통신업(58~63),79.0,2111974511.0,,,4.0,,,,,,X,O,2.0,False,2663
애경케미칼,2024,의무,제조업(10~34),739.4,7582948647.0,288678979.0,3.8069488854340117,24.0,1.0,0.4,1.4,5.833333333333333,28.571428571428577,O,O,0.0,False,2664
세종텔레콤,2024,의무,정보통신업(58~63),296.4,27643862537.0,1282587731.0,4.639683507626032,159.5,5.0,2.8,7.8,4.890282131661442,35.8974358974359,O,O,2.0,False,2665
동원산업,2024,의무,"농업, 임업 및 어업(01~03)",787.9,28823568167.0,1540970218.0,5.346216016947726,70.8,2.7,0.0,2.7,3.8135593220338984,0.0,O,O,0.0,False,2666
대신증권,2024,자율,금융 및 보험업(64~66),1485.8,62069750119.0,4642526090.0,7.479530819923326,174.4,9.5,2.3,11.8,6.76605504587156,19.491525423728813,O,O,1.0,False,2667
캠시스,2024,의무,제조업(10~34),110.0,1622812046.0,280603854.0,17.291210937930146,12.0,0.2,1.0,1.2,10.0,83.33333333333334,O,O,0.0,False,2668
한전산업개발,2024,의무,"전기, 가스, 증기 및 공기 조절 공급업(35)",3343.0,595305225.0,98183858.0,16.493028093277694,3.2,0.0,0.0,0.0,0.0,,O,O,0.0,False,2669
토스뱅크,2022,자율,금융 및 보험업(64~66),153.4,20914658198.0,2020238350.0,9.659437562279592,101.5,9.7,0.9,10.6,10.44334975369458,8.49056603773585,O,O,,False,267
실리콘투,2024,의무,도매 및 소매업(45~47),190.8,894947195.0,676992.0,0.07564602736142438,15.2,0.0,0.0,0.0,0.0,,X,X,0.0,True,2670
에스비에스,2024,의무,정보통신업(58~63),1024.0,10743133153.0,626748762.0,5.833947630305425,31.0,2.0,1.0,3.0,9.67741935483871,33.33333333333333,O,O,4.0,False,2671
가온그룹,2024,의무,제조업(10~34),300.0,10057444915.0,749122059.0,7.448433129200986,4.0,0.0,0.0,0.0,0.0,,O,X,0.0,False,2672
안랩,2024,의무,정보통신업(58~63),1299.6,59508604229.0,10383328108.0,17.448448409314143,581.6,66.3,0.0,66.3,11.399587345254469,0.0,X,O,0.0,False,2673
포스코,2024,자율,제조업(10~34),17390.5,274035727270.0,21023723242.0,7.6718913447683015,754.1,32.3,52.3,84.6,11.218671263758122,61.82033096926715,O,X,2.0,False,2674
씨제이이엔엠,2024,의무,정보통신업(58~63),4181.0,98088464058.0,6005046378.0,6.122071984376469,387.9,10.3,9.5,19.8,5.104408352668214,47.97979797979798,X,O,0.0,False,2675
농협정보시스템,2024,의무,정보통신업(58~63),588.4,24483001345.0,3131468483.0,12.790378266427368,146.1,16.2,7.4,23.6,16.1533196440794,31.35593220338983,O,O,2.0,False,2676
더블유씨피,2024,의무,제조업(10~34),785.2,769451753.0,206203882.0,26.798805928511545,1.3,0.0,0.0,0.0,0.0,,X,X,0.0,False,2677
에스엠엔터테인먼트,2024,의무,정보통신업(58~63),661.7,7034326267.0,176248332.0,2.505546733406871,38.2,0.0,0.1,0.1,0.2617801047120419,100.0,X,O,0.0,False,2678
정보보호공시우수기업(고시성실성및다양한정보보호노력평가를통해공시연도에과학기술정보통신부장관표창을수여받은자)현대오토에버,2024,의무,정보통신업(58~63),4514.0,241119881145.0,22622777742.0,9.382377610080004,1355.4,72.5,73.4,145.9,10.764350007377896,50.308430431802606,O,O,2.0,False,2679
정보보호공시우수기업(고시성실성및다양한정보보호노력평가를통해공시연도에과학기술정보통신부장관표창을수여받은자)테크빌교육,2022,자율,정보통신업(58~63),112.0,2766228561.0,388340830.0,14.038638580884784,44.9,2.8,1.0,3.8,8.463251670378618,26.31578947368421,O,O,0.0,False,268
동양,2024,의무,제조업(10~34),533.0,3201086009.0,120962883.0,3.778807650275791,10.9,0.0,1.5,1.5,13.761467889908257,100.0,X,X,4.0,False,2680
엘오티베큠,2024,의무,제조업(10~34),562.5,3937145060.0,72088845.0,1.8309928616142988,9.0,1.0,1.0,2.0,22.22222222222222,50.0,X,X,0.0,True,2681
동국산업,2024,의무,제조업(10~34),379.0,1427721159.0,137276554.0,9.615081567898793,3.8,0.0,1.0,1.0,26.31578947368421,100.0,O,O,0.0,True,2682
한화에어로스페이스,2024,의무,제조업(10~34),5858.7,66673932946.0,9260800834.0,13.889687355777303,86.5,39.8,5.2,45.0,52.02312138728323,11.555555555555557,O,X,0.0,False,2683
경동나비엔,2024,의무,제조업(10~34),1536.8,21265152134.0,578647755.0,2.7211079956245565,171.6,3.9,0.7,4.6,2.6806526806526803,15.217391304347828,O,O,0.0,True,2684
에이피시스템,2024,의무,제조업(10~34),558.5,1975948906.0,145332000.0,7.355048481197925,10.3,0.0,0.0,0.0,0.0,,O,O,1.0,False,2685
녹십자,2024,의무,제조업(10~34),2329.8,14599898490.0,817070511.0,5.596412273411635,40.3,3.0,0.0,3.0,7.444168734491316,0.0,O,O,0.0,False,2686
동진쎄미켐,2024,의무,제조업(10~34),1363.6,4164720549.0,387192978.0,9.29697379318691,17.5,2.0,0.0,2.0,11.428571428571429,0.0,O,O,1.0,False,2687
신라교역,2024,의무,"농업, 임업 및 어업(01~03)",528.8,701163600.0,29722500.0,4.239024957941342,4.6,0.0,0.0,0.0,0.0,,O,O,0.0,True,2688
두산테스나,2024,의무,"전문, 과학 및 기술 서비스업(70~73)",650.9,6691411230.0,391180506.0,5.846009048826611,11.9,1.0,0.0,1.0,8.403361344537814,0.0,O,O,0.0,False,2689
무림페이퍼,2022,의무,제조업(10~34),489.0,1785617078.0,41740000.0,2.3375672485587637,4.0,0.0,0.0,0.0,0.0,,O,O,0.0,False,269
케이씨티시,2024,의무,운수 및 창고업(49~52),475.0,4037393038.0,205637250.0,5.093317595402263,10.3,0.0,0.0,0.0,0.0,,O,O,0.0,False,2690
한국특강,2024,의무,제조업(10~34),580.8,643846591.0,15692000.0,2.4372265411280245,3.1,0.0,0.0,0.0,0.0,,X,X,0.0,False,2691
에스케이바이오사이언스,2024,의무,제조업(10~34),1098.7,17540429832.0,2788841883.0,15.899507079992748,67.8,5.2,5.8,11.0,16.224188790560472,52.72727272727272,O,O,1.0,False,2692
SK이노베이션,2024,의무,"전문, 과학 및 기술 서비스업(70~73)",1615.8,40715563252.0,3687671407.0,9.057154347039168,134.1,2.9,11.0,13.9,10.365398956002982,79.13669064748201,O,X,0.0,False,2693
SK에너지,2024,자율,제조업(10~34),2803.8,64094628548.0,4400456281.0,6.865561718178194,273.3,6.2,17.5,23.7,8.67178924259056,73.83966244725738,O,X,0.0,False,2694
에스케이지오센트릭,2024,자율,제조업(10~34),1260.5,30661762664.0,1841020588.0,6.004288168864942,145.2,2.8,6.8,9.6,6.6115702479338845,70.83333333333334,O,X,0.0,False,2695
SK트레이딩인터내셔널,2024,자율,도매 및 소매업(45~47),99.3,2653265117.0,216406074.0,8.156217507758386,17.1,0.3,0.8,1.1,6.432748538011696,72.72727272727273,X,X,0.0,False,2696
케이티스카이라이프,2024,의무,정보통신업(58~63),366.3,19197721377.0,1480943803.0,7.714164477739831,80.5,5.0,1.3,6.3,7.826086956521738,20.634920634920636,O,X,0.0,False,2697
동국제강,2024,의무,제조업(10~34),1557.1,11453422711.0,579172501.0,5.056763516147501,97.1,0.6,3.5,4.1,4.222451081359424,85.3658536585366,X,O,0.0,False,2698
한미약품,2024,의무,제조업(10~34),2368.3,27486997289.0,1082595257.0,3.93857228426054,43.3,0.0,5.2,5.2,12.009237875288685,100.0,O,O,0.0,False,2699
무림피앤피,2022,의무,제조업(10~34),695.0,2124826646.0,47843000.0,2.2516189774852813,4.0,0.0,0.0,0.0,0.0,,O,O,0.0,False,270
진흥기업,2024,의무,건설업(41~42),591.0,882668960.0,164583092.0,18.64607224887573,3.3,0.0,0.0,0.0,0.0,,O,O,0.0,False,2700
현대로템,2024,의무,제조업(10~34),3712.9,24936191253.0,3547580566.0,14.22663361058879,67.2,17.1,0.0,17.1,25.44642857142857,0.0,O,O,1.0,True,2701
AJ네트웍스,2024,의무,"사업시설 관리, 사업 지원 및 임대 서비스업(74~76)",582.8,4869044409.0,172941262.0,3.551852221358534,33.1,1.0,0.0,1.0,3.021148036253776,0.0,O,O,3.0,False,2702
효성중공업,2024,의무,제조업(10~34),3266.0,36444238080.0,1373417666.0,3.7685454226952517,100.5,2.1,1.8,3.9,3.880597014925373,46.15384615384615,X,O,0.0,False,2703
아마존웹서비시즈코리아유한책임회사,2024,의무,"사업시설 관리, 사업 지원 및 임대 서비스업(74~76)",,,,,,,,,,,O,O,0.0,False,2704
도화엔지니어링,2024,의무,"전문, 과학 및 기술 서비스업(70~73)",2623.0,4085483348.0,233644307.0,5.718890204616249,10.0,1.0,0.0,1.0,10.0,0.0,O,O,0.0,False,2705
현대코퍼레이션,2024,의무,도매 및 소매업(45~47),236.0,2951370496.0,230724627.0,7.817541962715345,12.8,0.0,1.0,1.0,7.8125,100.0,X,O,0.0,False,2706
엘지에너지솔루션,2024,의무,제조업(10~34),11296.8,289661794359.0,21228729531.0,7.328798600442838,1243.0,33.0,24.0,57.0,4.585679806918745,42.10526315789473,O,O,1.0,False,2707
한양대학교병원,2024,의무,보건업 및 사회복지 서비스업(86~87),2440.6,7455162460.0,531324756.0,7.126937324984866,29.5,1.0,0.0,1.0,3.389830508474576,0.0,O,O,3.0,False,2708
SK엔무브,2024,자율,제조업(10~34),310.3,6986408003.0,553291157.0,7.919536860177846,33.0,0.5,2.1,2.6,7.87878787878788,80.76923076923077,X,X,0.0,False,2709
롯데렌탈,2022,의무,"사업시설 관리, 사업 지원 및 임대 서비스업(74~76)",1106.0,20042688934.0,2160821463.0,10.781095640986711,70.9,4.8,1.3,6.2,8.744710860366713,20.967741935483872,X,X,,False,271
SK인천석유화학,2024,자율,제조업(10~34),636.5,8985009919.0,737934233.0,8.2129484513928,41.0,1.8,2.9,4.7,11.463414634146343,61.702127659574465,O,X,0.0,False,2710
에스케이아이이테크놀로지,2024,의무,제조업(10~34),291.3,8825924804.0,801114587.0,9.07683449372837,54.2,3.4,2.1,5.5,10.14760147601476,38.18181818181819,X,O,0.0,False,2711
교촌에프앤비,2024,의무,도매 및 소매업(45~47),295.0,3768237847.0,404142471.0,10.724972451559797,17.3,1.0,1.6,2.6,15.028901734104046,61.53846153846154,X,X,0.0,False,2712
에스케이어스온,2024,자율,광업(05~08),86.0,4454690242.0,153545205.0,3.4468211403867124,6.2,0.1,0.6,0.7,11.29032258064516,85.71428571428572,X,X,0.0,False,2713
동화기업,2024,의무,제조업(10~34),825.5,12483092862.0,88827774.0,0.7115846608047127,83.7,0.0,0.5,0.5,0.5973715651135005,100.0,O,O,0.0,True,2714
케이티에이치씨엔,2024,의무,정보통신업(58~63),425.3,6508967272.0,366157407.0,5.625430144273738,17.0,3.0,0.0,3.0,17.647058823529413,0.0,X,O,0.0,False,2715
셀트리온제약,2024,의무,제조업(10~34),904.3,2699679193.0,127510566.0,4.723174750934193,5.0,0.0,0.0,0.0,0.0,,O,O,0.0,True,2716
TCC스틸,2024,의무,제조업(10~34),286.0,2241233303.0,400646423.0,17.87615874098048,27.6,0.0,3.8,3.8,13.768115942028983,100.0,O,O,0.0,False,2717
디아이씨,2024,의무,제조업(10~34),696.3,565881153.0,7260200.0,1.2829902465403367,3.5,0.0,0.0,0.0,0.0,,O,O,0.0,False,2718
위메프,2024,자율,"사업시설 관리, 사업 지원 및 임대 서비스업(74~76)",630.1,43023619374.0,3261694584.0,7.58117199681974,269.4,11.4,14.9,26.3,9.762435040831479,56.65399239543726,X,O,2.0,False,2719
한양이엔지,2022,의무,건설업(41~42),961.0,4044152649.0,511685670.0,12.652481605176916,6.9,1.5,0.0,1.5,21.73913043478261,0.0,O,O,,False,272
남선알미늄,2024,의무,제조업(10~34),545.0,1098333225.0,39422239.0,3.589278563434153,5.0,0.0,0.0,0.0,0.0,,X,X,0.0,True,2720
동아대학교병원,2024,의무,보건업 및 사회복지 서비스업(86~87),2267.8,2777469131.0,276907160.0,9.969765528962057,16.0,1.0,0.0,1.0,6.25,0.0,O,O,5.0,False,2721
솔루엠,2024,의무,제조업(10~34),432.7,5603881658.0,408907372.0,7.296859515515486,6.8,0.0,1.2,1.2,17.647058823529413,100.0,X,X,0.0,False,2722
아모레퍼시픽,2024,의무,제조업(10~34),4987.7,135411799428.0,7941847583.0,5.864959786774542,761.4,12.6,27.5,40.1,5.266614131862359,68.5785536159601,O,O,2.0,False,2723
엘지생활건강,2024,의무,제조업(10~34),4629.9,57120048979.0,4293493064.0,7.51661306449245,208.1,5.8,13.1,18.9,9.082172032676597,69.31216931216932,O,O,20.0,False,2724
신원종합개발,2024,의무,건설업(41~42),207.3,304767093.0,45414027.0,14.901223932335766,0.0,0.0,0.0,0.0,,,X,X,0.0,True,2725
에스씨케이컴퍼니,2024,의무,숙박 및 음식점업(55~56),22053.8,61087853424.0,3275176700.0,5.361420505755174,173.4,4.7,7.3,12.0,6.920415224913494,60.83333333333333,O,O,0.0,False,2726
농심,2024,의무,제조업(10~34),5374.8,30096601824.0,1804853065.0,5.996866608245294,99.6,0.0,2.7,2.7,2.7108433734939763,100.0,O,O,0.0,False,2727
우아한형제들,2024,의무,정보통신업(58~63),2178.2,140518788775.0,6227079405.0,4.431492371437145,964.6,20.7,3.6,24.3,2.519178934273274,14.814814814814813,O,O,1.0,False,2728
웰크론한텍,2024,의무,제조업(10~34),281.5,1577666691.0,220404947.0,13.97031123603788,2.8,0.0,0.7,0.7,25.0,100.0,O,X,0.0,False,2729
우리은행,2022,자율,금융 및 보험업(64~66),14254.2,369739045156.0,40565018398.0,10.971256330497862,844.0,27.0,50.3,77.3,9.15876777251185,65.07115135834411,O,O,9.0,False,273
패스트레인,2024,자율,"전문, 과학 및 기술 서비스업(70~73)",61.9,1824977426.0,310067659.0,16.99021886969905,14.9,2.0,0.0,2.0,13.422818791946309,0.0,O,O,0.0,False,2730
케이티,2024,의무,정보통신업(58~63),20263.8,1904878621124.0,121750912525.0,6.391531259517165,6013.0,223.8,112.8,336.6,5.597871278895726,33.51158645276292,O,X,0.0,False,2731
대웅제약,2024,의무,제조업(10~34),1792.8,10053601565.0,661609983.0,6.5808255750186975,43.0,0.0,3.1,3.1,7.209302325581396,100.0,O,O,1.0,False,2732
대한항공,2024,의무,운수 및 창고업(49~52),18406.8,248586702804.0,10519866981.0,4.231870354422966,685.2,13.7,20.0,33.7,4.918272037361354,59.34718100890207,O,X,0.0,False,2733
지에스,2024,의무,금융 및 보험업(64~66),90.0,2376563665.0,150907107.0,6.349802836020385,10.0,0.0,0.0,0.0,0.0,,O,O,1.0,False,2734
신한은행,2024,자율,금융 및 보험업(64~66),13244.0,378856090715.0,28780089715.0,7.596575697300915,1170.2,50.0,35.3,85.3,7.289352247479062,41.38335287221571,O,O,1.0,False,2735
티케이케미칼,2024,의무,제조업(10~34),549.8,963272458.0,50930895.0,5.2872782333822315,4.3,0.0,0.0,0.0,0.0,,O,O,0.0,False,2736
원익아이피에스,2024,의무,제조업(10~34),1666.9,7820402241.0,969606484.0,12.39842215425502,14.7,2.3,0.0,2.3,15.646258503401361,0.0,O,O,0.0,False,2737
기아,2024,의무,제조업(10~34),36059.7,262986734213.0,17288603385.0,6.573945045835466,1245.2,21.0,58.3,79.3,6.368454866688082,73.51828499369482,O,O,0.0,False,2738
대교,2024,의무,교육 서비스업(85),2436.0,36554058127.0,1831874644.0,5.011412515774599,176.3,3.0,2.0,5.0,2.8360748723766305,40.0,O,O,0.0,False,2739
LF,2022,의무,제조업(10~34),1074.7,37059943696.0,2110563481.0,5.694999156806058,178.6,5.5,6.0,11.5,6.438969764837626,52.17391304347826,X,X,,False,274
케이티앤지,2024,의무,제조업(10~34),4425.3,55673629676.0,8258544734.0,14.833853625247151,253.5,11.5,16.2,27.7,10.927021696252465,58.48375451263538,O,O,5.0,False,2740
무신사,2024,자율,도매 및 소매업(45~47),1522.8,70460896990.0,2732462052.0,3.877983631669915,431.0,8.0,0.0,8.0,1.8561484918793503,0.0,O,X,0.0,False,2741
한국수목원정원관리원,2024,자율,"공공 행정, 국방 및 사회보장 행정(84)",556.1,3372035071.0,158785802.0,4.708901261602567,10.7,2.6,0.0,2.6,24.29906542056075,0.0,X,O,12.0,False,2742
화승알앤에이,2024,의무,제조업(10~34),628.5,2220426920.0,69358667.0,3.1236635790742437,2.8,0.0,0.0,0.0,0.0,,O,O,0.0,False,2743
케이비아이메탈,2024,의무,제조업(10~34),215.0,216001142.0,40943125.0,18.955050246910268,0.0,0.0,0.0,0.0,,,X,X,0.0,True,2744
쿠쿠홈시스,2024,의무,"사업시설 관리, 사업 지원 및 임대 서비스업(74~76)",745.4,1730335857.0,41255150.0,2.3842278846100338,7.0,0.0,0.0,0.0,0.0,,O,O,0.0,False,2745
포스코엠텍,2024,의무,제조업(10~34),1040.0,3016880227.0,389362042.0,12.90611534774728,6.8,0.0,0.0,0.0,0.0,,O,O,0.0,False,2746
대성산업,2024,의무,도매 및 소매업(45~47),406.8,3094608878.0,69269158.0,2.238381673769631,22.0,0.0,0.0,0.0,0.0,,O,O,0.0,False,2747
메가존클라우드,2024,의무,정보통신업(58~63),1649.2,124066696225.0,2110637703.0,1.7012121441295356,986.4,16.4,5.0,21.4,2.1695052716950527,23.364485981308412,O,X,3.0,False,2748
STX,2024,의무,도매 및 소매업(45~47),79.2,874674164.0,59092160.0,6.755905505401438,5.0,0.0,0.3,0.3,6.0,100.0,X,O,0.0,False,2749
울산대학교병원,2022,의무,보건업 및 사회복지 서비스업(86~87),2979.5,7584455624.0,759365211.0,10.012125439788848,36.4,1.0,1.0,2.0,5.4945054945054945,50.0,O,O,3.0,False,275
풍산,2024,의무,제조업(10~34),3425.6,9318482329.0,3115539254.0,33.433977164974024,33.3,9.9,6.5,16.4,49.249249249249246,39.63414634146341,O,O,0.0,False,2750
에스넷시스템,2024,의무,정보통신업(58~63),464.7,3563445650.0,33518372.0,0.9406168998255945,20.1,0.0,1.0,1.0,4.975124378109452,100.0,O,O,0.0,False,2751
코스맥스,2024,의무,제조업(10~34),1264.1,10239895089.0,671200879.0,6.554763238942007,53.8,0.0,5.3,5.3,9.851301115241636,100.0,O,O,0.0,False,2752
에쓰-오일(S-OIL),2024,의무,제조업(10~34),3233.4,31250441474.0,3629649977.0,11.61471584335801,129.3,6.0,11.4,17.4,13.457076566125286,65.51724137931035,O,X,3.0,False,2753
위즈코어,2024,의무,정보통신업(58~63),59.4,1757022703.0,266522994.0,15.169012531535856,33.7,3.9,0.0,3.9,11.572700296735903,0.0,O,O,1.0,True,2754
엘앤에프,2024,의무,제조업(10~34),1717.0,3974394590.0,659388706.0,16.59092198995772,25.4,5.2,0.0,5.2,20.472440944881892,0.0,X,O,1.0,True,2755
화신정공,2024,의무,제조업(10~34),230.0,287183388.0,7542000.0,2.6261964706677254,2.0,0.0,0.0,0.0,0.0,,X,X,0.0,False,2756
케이티엠오에스북부,2024,의무,"사업시설 관리, 사업 지원 및 임대 서비스업(74~76)",1024.4,56359486754.0,85457635.0,0.15162954796414077,878.5,1.0,0.0,1.0,0.11383039271485487,0.0,O,O,0.0,False,2757
진에어,2024,의무,운수 및 창고업(49~52),2039.5,15070072885.0,638172917.0,4.2347035868367,47.4,4.8,0.0,4.8,10.126582278481013,0.0,O,X,0.0,False,2758
삼성전자,2024,의무,제조업(10~34),118179.9,6099288175926.0,297448323072.0,4.876771100044656,13657.5,845.8,111.6,957.4,7.010067728354384,11.65656987674953,O,X,11.0,False,2759
계명대학교동산병원,2022,의무,교육 서비스업(85),2968.2,8543384677.0,611377586.0,7.1561519130224225,41.8,3.0,1.2,4.2,10.047846889952154,28.57142857142857,O,O,,False,276
유성기업,2024,의무,제조업(10~34),559.9,489161281.0,50242433.0,10.271138569530404,3.1,0.0,0.1,0.1,3.225806451612903,100.0,X,X,0.0,False,2760
동아제약,2024,자율,제조업(10~34),967.9,5879658405.0,538757716.0,9.163078513912408,28.7,1.8,1.5,3.3,11.498257839721255,45.45454545454546,X,O,0.0,False,2761
건국대학교병원,2024,의무,보건업 및 사회복지 서비스업(86~87),2147.9,13170735151.0,721446014.0,5.477644229640618,37.6,2.0,0.0,2.0,5.319148936170213,0.0,O,O,4.0,False,2762
제이와이피엔터테인먼트,2024,의무,정보통신업(58~63),353.9,2312729681.0,106561719.0,4.607616699670833,10.5,0.2,0.0,0.2,1.9047619047619049,0.0,X,X,0.0,False,2763
트리니티항공,2024,의무,운수 및 창고업(49~52),2113.4,15573329338.0,729951107.0,4.687187249157242,71.9,3.7,0.1,3.8,5.285118219749652,2.6315789473684212,X,X,0.0,False,2764
이수페타시스,2024,의무,제조업(10~34),1061.4,2935930906.0,457885336.0,15.595916615893277,16.4,0.7,0.9,1.6,9.756097560975611,56.25,O,O,0.0,False,2765
세방,2024,의무,운수 및 창고업(49~52),840.5,5279426207.0,215220321.0,4.076585457613538,16.4,0.0,1.2,1.2,7.3170731707317085,100.0,O,O,2.0,False,2766
케이티지디에이치,2024,의무,정보통신업(58~63),18.0,1086670608.0,172890181.0,15.910081650059684,14.0,3.0,0.0,3.0,21.428571428571427,0.0,O,O,0.0,False,2767
삼립,2024,의무,제조업(10~34),3142.3,6408501722.0,349302715.0,5.45061435812469,37.1,1.0,2.1,3.1,8.355795148247978,67.74193548387098,O,O,2.0,False,2768
아세아시멘트,2024,의무,제조업(10~34),495.9,1672013689.0,69621632.0,4.163939114735322,6.6,0.0,0.1,0.1,1.5151515151515154,100.0,O,O,0.0,False,2769
(의료)길의료재단,2022,의무,보건업 및 사회복지 서비스업(86~87),3228.7,9591470001.0,509103336.0,5.307876018450991,43.9,0.8,0.2,1.0,2.277904328018223,20.0,X,O,,False,277
아진산업,2024,의무,제조업(10~34),647.3,1256756692.0,18215139.0,1.4493767262947663,6.7,0.0,0.0,0.0,0.0,,X,X,0.0,False,2770
한국쉘석유,2024,의무,제조업(10~34),117.3,1301383405.0,641150430.0,49.26683616347482,2.0,0.0,0.0,0.0,0.0,,X,O,0.0,False,2771
모트렉스,2024,의무,제조업(10~34),370.4,3143191515.0,390338101.0,12.418527446934775,6.1,2.1,0.0,2.1,34.42622950819673,0.0,X,O,0.0,False,2772
대덕전자,2024,의무,제조업(10~34),2422.3,13858534354.0,2440006662.0,17.606527499033394,27.6,5.8,0.0,5.8,21.014492753623188,0.0,X,O,1.0,False,2773
드림텍,2024,의무,제조업(10~34),472.7,1726788928.0,22768400.0,1.3185398418306282,10.0,0.0,0.0,0.0,0.0,,O,O,0.0,False,2774
삼목에스폼,2024,의무,제조업(10~34),332.0,543576352.0,6535000.0,1.2022230135574403,1.6,0.0,0.0,0.0,0.0,,O,O,0.0,False,2775
케이에스에스해운,2024,의무,운수 및 창고업(49~52),365.3,480058368.0,17378736.0,3.6201297922172664,4.0,0.0,0.0,0.0,0.0,,O,O,0.0,False,2776
현대자동차,2024,의무,제조업(10~34),72168.5,491969261181.0,25243148472.0,5.131041807653266,2042.4,60.1,46.0,106.1,5.194868781825303,43.35532516493874,O,O,3.0,False,2777
엘엑스하우시스,2024,의무,제조업(10~34),3034.1,41659844931.0,2555417711.0,6.134006776147307,138.5,5.1,5.3,10.4,7.509025270758123,50.96153846153846,X,O,0.0,False,2778
엠케이전자,2024,의무,제조업(10~34),301.8,559907598.0,45119322.0,8.058351442482122,3.0,0.0,0.0,0.0,0.0,,X,O,0.0,False,2779
힐링페이퍼,2022,자율,정보통신업(58~63),99.8,5536350311.0,180710253.0,3.2640682552358093,42.0,1.1,0.0,1.1,2.619047619047619,0.0,X,X,,False,278
네이블,2024,의무,정보통신업(58~63),121.1,941506275.0,211292276.0,22.441940283403845,5.3,2.0,0.0,2.0,37.735849056603776,0.0,O,O,0.0,False,2780
에스지씨에너지,2024,의무,"전기, 가스, 증기 및 공기 조절 공급업(35)",222.6,825120230.0,32125302.0,3.893408600586608,2.0,0.0,0.0,0.0,0.0,,X,O,0.0,False,2781
롯데웰푸드,2024,의무,제조업(10~34),6958.6,29120382078.0,2366316472.0,8.125980166268889,261.2,3.6,6.8,10.4,3.981623277182236,65.38461538461539,O,O,4.0,False,2782
에스에프에이넥셀,2024,의무,제조업(10~34),294.5,511416803.0,47070451.0,9.203931259959013,2.9,0.0,0.0,0.0,0.0,,O,O,0.0,True,2783
한일시멘트,2024,의무,제조업(10~34),673.0,6593472794.0,401918053.0,6.0956959337989804,22.4,0.0,0.6,0.6,2.678571428571429,100.0,O,O,5.0,False,2784
케이아이엔엑스,2024,의무,정보통신업(58~63),151.8,43580035904.0,779602395.0,1.7888980098991707,103.3,2.0,0.0,2.0,1.9361084220716358,0.0,O,O,0.0,True,2785
케이카,2024,의무,도매 및 소매업(45~47),1149.4,9300217417.0,1235874552.0,13.28866301276922,38.7,3.0,0.0,3.0,7.751937984496124,0.0,O,O,0.0,False,2786
세방전지,2024,의무,제조업(10~34),1157.6,4499827910.0,246355058.0,5.474766211670526,17.1,0.0,0.9,0.9,5.263157894736842,100.0,X,O,2.0,False,2787
오리온,2024,의무,제조업(10~34),1422.4,7819476550.0,265841106.0,3.3997302031681396,32.9,0.0,1.0,1.0,3.0395136778115504,100.0,X,O,0.0,False,2788
한일현대시멘트,2024,의무,제조업(10~34),435.0,2801764113.0,206285225.0,7.362690672025179,9.0,0.0,0.3,0.3,3.3333333333333335,100.0,O,O,5.0,False,2789
HDC현대EP,2022,의무,제조업(10~34),376.8,983777713.0,67117555.0,6.822430932626748,1.0,0.0,0.0,0.0,0.0,,X,O,0.0,False,279
광동제약,2024,의무,제조업(10~34),1073.3,4763251668.0,391063939.0,8.210020512399261,33.3,1.7,0.9,2.6,7.807807807807808,34.61538461538461,O,X,0.0,False,2790
한솔케미칼,2024,의무,제조업(10~34),663.1,2359984365.0,181838700.0,7.705080707176634,6.1,2.0,0.0,2.0,32.786885245901644,0.0,O,O,0.0,False,2791
대원제약,2024,의무,제조업(10~34),1161.6,4785813628.0,457883993.0,9.567526623291233,11.7,1.0,0.5,1.5,12.820512820512823,33.33333333333333,O,O,0.0,False,2792
웅진씽크빅,2024,의무,정보통신업(58~63),2087.5,40587062332.0,1835932475.0,4.523442618197322,324.3,2.7,0.2,2.9,0.8942337341967314,6.896551724137931,O,O,0.0,False,2793
한국오라클유한회사,2024,의무,정보통신업(58~63),,,,,,,,,,,O,O,0.0,False,2794
미창석유공업,2024,의무,제조업(10~34),79.8,311193250.0,8495364.0,2.7299319634985655,1.3,0.0,0.0,0.0,0.0,,X,O,0.0,False,2795
삼기,2024,의무,제조업(10~34),576.4,1718831966.0,137357183.0,7.991309547241688,6.8,0.9,0.0,0.9,13.23529411764706,0.0,O,O,0.0,False,2796
제일약품,2024,의무,도매 및 소매업(45~47),1016.7,1174238974.0,177023587.0,15.075601382653478,6.8,0.0,1.5,1.5,22.058823529411764,100.0,O,O,0.0,True,2797
서연이화,2024,의무,제조업(10~34),914.8,9390169404.0,433626513.0,4.61787742418454,41.0,0.3,5.0,5.3,12.926829268292684,94.33962264150944,O,O,2.0,True,2798
고려제강,2024,의무,제조업(10~34),783.2,2281473022.0,640062165.0,28.054776840574007,6.0,2.0,0.0,2.0,33.33333333333333,0.0,X,O,0.0,False,2799
아세아제지,2022,의무,제조업(10~34),266.6,606000018.0,30807997.0,5.083827736783995,6.0,0.0,0.0,0.0,0.0,,O,O,0.0,False,280
가톨릭대학교서울성모병원,2024,의무,보건업 및 사회복지 서비스업(86~87),4827.0,14631292152.0,1102957854.0,7.538348920530802,29.8,3.8,0.0,3.8,12.751677852348992,0.0,O,X,3.0,False,2800
에스케이브로드밴드,2024,의무,정보통신업(58~63),2647.4,577218042276.0,26748774520.0,4.634084966320218,2354.8,28.7,92.2,120.9,5.134193986750467,76.26137303556658,O,X,0.0,False,2801
에스케이온,2024,자율,제조업(10~34),3115.8,72625299513.0,5231935830.0,7.20401274085414,799.3,21.5,37.0,58.5,7.318904041035906,63.24786324786324,O,O,0.0,False,2802
티몬,2024,의무,도매 및 소매업(45~47),536.8,29192550682.0,1960475006.0,6.715668758635814,193.7,1.7,9.9,11.6,5.988642230252968,85.3448275862069,X,O,2.0,False,2803
와이지엔터테인먼트,2024,의무,정보통신업(58~63),457.1,3285137645.0,223349601.0,6.798789735338471,22.6,1.0,0.1,1.1,4.867256637168142,9.090909090909092,X,O,2.0,False,2804
대원,2024,의무,건설업(41~42),267.3,1123508031.0,64699437.0,5.75869822153501,3.0,0.0,0.0,0.0,0.0,,O,O,0.0,False,2805
한국케이블티브이푸른방송,2024,의무,정보통신업(58~63),120.7,2025131961.0,79248129.0,3.913232842410312,3.0,0.0,0.0,0.0,0.0,,X,X,0.0,False,2806
휴맥스,2024,의무,제조업(10~34),62.0,3595204723.0,555898037.0,15.462208130838617,31.0,0.0,4.0,4.0,12.903225806451612,100.0,O,O,10.0,False,2807
뉴젠스,2024,의무,정보통신업(58~63),443.6,1841627277.0,24606028.0,1.3361024951847518,18.3,0.0,0.0,0.0,0.0,,O,O,0.0,True,2808
평화산업,2024,의무,제조업(10~34),784.9,1404136453.0,220804411.0,15.725281579880757,1.0,1.0,0.0,1.0,100.0,0.0,O,O,0.0,False,2809
카카오페이,2022,자율,금융 및 보험업(64~66),837.2,48623020994.0,3447058751.0,7.089355372273889,482.6,19.9,10.7,30.6,6.340654786572732,34.967320261437905,O,X,,False,281
헥토이노베이션,2024,의무,정보통신업(58~63),183.4,10278692572.0,1237842684.0,12.042802869423149,63.9,5.7,0.7,6.4,10.015649452269171,10.937499999999998,O,O,0.0,False,2810
핸즈코퍼레이션,2024,의무,제조업(10~34),867.0,264140000.0,42140000.0,15.953660937381692,4.0,0.0,0.0,0.0,0.0,,O,O,0.0,False,2811
엘지화학,2024,의무,제조업(10~34),14757.3,277867917911.0,17932611975.0,6.453646073939254,270.0,13.1,11.0,24.1,8.925925925925926,45.643153526970956,O,O,1.0,False,2812
고려대학교의료원,2024,의무,보건업 및 사회복지 서비스업(86~87),4190.1,8212421806.0,409749904.0,4.989391846636963,57.7,1.3,0.7,2.0,3.466204506065858,35.0,O,O,2.0,False,2813
씨제이프레시웨이,2024,의무,도매 및 소매업(45~47),7654.7,23769693699.0,1950851488.0,8.207305961549151,87.8,2.9,0.0,2.9,3.3029612756264237,0.0,X,O,0.0,False,2814
KPX케미칼,2024,의무,제조업(10~34),364.8,2537849120.0,226125377.0,8.910119014482627,2.6,0.0,0.1,0.1,3.8461538461538463,100.0,O,O,0.0,False,2815
해성디에스,2024,의무,제조업(10~34),1362.6,7987807522.0,951677590.0,11.914127717510617,37.4,1.3,0.0,1.3,3.4759358288770055,0.0,O,O,1.0,False,2816
호전실업,2024,의무,제조업(10~34),143.0,769892890.0,31946200.0,4.1494343453412075,8.0,0.0,0.0,0.0,0.0,,O,O,0.0,False,2817
자화전자,2024,의무,제조업(10~34),1475.2,7530058086.0,413057158.0,5.485444511616215,31.8,1.0,4.0,5.0,15.723270440251572,80.0,X,X,0.0,False,2818
동부건설,2024,의무,건설업(41~42),1163.4,2165727610.0,66207693.0,3.0570646416610074,19.1,0.0,2.3,2.3,12.041884816753926,100.0,O,O,0.0,False,2819
제주항공,2022,자율,운수 및 창고업(49~52),2737.0,20787560145.0,1509568226.0,7.261882661891391,106.6,6.3,7.6,13.9,13.03939962476548,54.67625899280575,O,O,3.0,False,282
금강공업,2024,의무,제조업(10~34),449.5,1367865308.0,18205518.0,1.3309437627758012,8.0,0.0,0.0,0.0,0.0,,O,O,0.0,True,2820
코텍,2024,의무,제조업(10~34),425.8,1127492530.0,33976867.0,3.0134893221864627,4.6,0.0,0.0,0.0,0.0,,O,O,0.0,True,2821
한화시스템,2024,의무,제조업(10~34),4517.0,72778963333.0,8200412623.0,11.267558986075453,419.4,32.6,12.7,45.3,10.801144492131616,28.03532008830022,O,X,4.0,False,2822
에스케이디앤디,2024,의무,부동산업(68),277.1,14108110049.0,667088957.0,4.728407665400115,52.9,1.6,1.5,3.1,5.8601134215500945,48.387096774193544,O,O,0.0,False,2823
서흥,2024,의무,제조업(10~34),770.6,2399427465.0,382588535.0,15.944992736006714,7.2,0.0,0.0,0.0,0.0,,X,O,0.0,False,2824
씨에스윈드,2024,자율,제조업(10~34),97.1,1187816112.0,380596144.0,32.04167212037279,22.4,0.0,1.0,1.0,4.464285714285714,100.0,O,O,0.0,False,2825
매일유업,2024,의무,제조업(10~34),2089.7,13882834621.0,1176522135.0,8.474653535239286,62.6,0.0,2.8,2.8,4.472843450479233,100.0,O,O,0.0,False,2826
파라다이스,2024,의무,"예술, 스포츠 및 여가관련 서비스업(90~91)",1240.3,7196963567.0,766525656.0,10.650681344487067,35.6,2.5,0.2,2.7,7.584269662921349,7.4074074074074066,O,O,0.0,False,2827
에코플라스틱,2024,의무,제조업(10~34),576.3,3243583441.0,81194000.0,2.5032190932312752,4.0,0.0,0.0,0.0,0.0,,X,X,0.0,False,2828
호텔롯데,2024,자율,숙박 및 음식점업(55~56),5184.2,123290368837.0,8260961013.0,6.700410657317174,379.3,15.8,9.9,25.7,6.775639335618244,38.52140077821012,O,O,1.0,False,2829
LG유플러스,2022,의무,정보통신업(58~63),10447.0,753524218840.0,29186651651.0,3.8733528294459987,2332.3,42.0,49.2,91.2,3.9103031342451655,53.94736842105263,O,O,,False,283
한국무브넥스,2024,의무,제조업(10~34),482.6,1551504210.0,288956069.0,18.624252975762147,17.1,1.0,3.5,4.5,26.31578947368421,77.77777777777779,O,O,8.0,False,2830
조선대학교병원,2024,의무,보건업 및 사회복지 서비스업(86~87),1917.3,3097143181.0,550090179.0,17.761212409378757,18.0,1.0,0.0,1.0,5.555555555555555,0.0,O,O,2.0,False,2831
정보보호공시우수기업(고시성실성및다양한정보보호노력평가를통해공시연도에과학기술정보통신부장관표창을수여받은자)신한투자증권,2024,자율,금융 및 보험업(64~66),2723.8,144386352241.0,12764694378.0,8.840651612760485,520.8,19.0,32.2,51.2,9.831029185867896,62.890625,O,O,3.0,False,2833
하이비젼시스템,2024,의무,제조업(10~34),369.0,991766055.0,42769574.0,4.312466007923613,2.0,0.0,0.0,0.0,0.0,,X,X,0.0,True,2834
한온시스템,2024,의무,제조업(10~34),2217.8,19929864295.0,1517113402.0,7.612261576616018,48.3,3.0,0.7,3.7,7.660455486542444,18.918918918918916,O,O,0.0,False,2835
케이지스틸,2024,의무,제조업(10~34),1138.5,11260593947.0,718569709.0,6.381277154491823,51.1,0.0,0.3,0.3,0.5870841487279843,100.0,X,X,0.0,False,2836
한솔제지,2024,의무,제조업(10~34),1635.0,20035290815.0,1534148074.0,7.657228877613374,61.0,1.0,1.0,2.0,3.278688524590164,50.0,O,O,0.0,False,2837
삼성이앤에이,2024,의무,건설업(41~42),5752.2,98230622341.0,4906562561.0,4.994941947906273,208.4,5.5,6.0,11.5,5.518234165067178,52.17391304347826,O,O,0.0,False,2838
충북대학교병원,2024,자율,보건업 및 사회복지 서비스업(86~87),2606.0,18850423798.0,1024909994.0,5.437066057415332,36.5,1.0,0.7,1.7,4.657534246575342,41.17647058823529,O,O,5.0,False,2839
후오비,2022,자율,정보통신업(58~63),51.7,2052116151.0,709387174.0,34.568568336364116,16.5,3.8,0.0,3.8,23.030303030303028,0.0,O,X,,False,284
LG유플러스,2024,의무,정보통신업(58~63),10856.3,951521347756.0,63177523240.0,6.639632772190909,4880.4,68.2,89.3,157.5,3.2271944922547333,56.698412698412696,O,O,0.0,False,2840
롯데이노베이트,2024,의무,정보통신업(58~63),2959.6,77955961855.0,7671206328.0,9.840435735073902,629.8,62.1,1.2,63.3,10.05080978088282,1.8957345971563981,X,O,0.0,False,2841
이노션,2024,의무,"전문, 과학 및 기술 서비스업(70~73)",873.2,10419824021.0,315538200.0,3.0282488395587848,17.4,0.0,1.6,1.6,9.195402298850576,100.0,O,O,0.0,False,2842
셀트리온,2024,의무,제조업(10~34),2444.8,20260809476.0,2848107170.0,14.057223001744987,51.6,6.9,0.0,6.9,13.372093023255815,0.0,O,O,4.0,False,2843
한신공영,2024,의무,건설업(41~42),987.4,2078281333.0,143028875.0,6.882074757104119,7.7,0.0,0.3,0.3,3.896103896103896,100.0,O,O,0.0,False,2844
단국대학교의과대학부속병원,2024,의무,보건업 및 사회복지 서비스업(86~87),2879.2,5334967122.0,596437699.0,11.179782093509965,47.5,3.0,0.0,3.0,6.315789473684211,0.0,O,O,4.0,False,2845
포스코디엑스,2024,의무,정보통신업(58~63),2115.4,15683973360.0,3406033194.0,21.716647407006306,29.3,3.0,3.3,6.3,21.501706484641637,52.38095238095239,O,O,1.0,False,2846
제이씨엔울산중앙방송,2024,의무,정보통신업(58~63),163.0,3163534178.0,137570828.0,4.348643645347713,6.0,0.0,0.0,0.0,0.0,,O,O,2.0,False,2847
TikTokPte.Ltd.,2024,의무,,,,,,,,,,,,X,O,0.0,False,2848
SIMPAC,2024,의무,제조업(10~34),480.2,3082080264.0,66854415.0,2.1691328347573493,5.5,0.0,2.5,2.5,45.45454545454545,100.0,O,O,1.0,True,2849
엠케이전자,2022,의무,제조업(10~34),293.5,489187698.0,39487500.0,8.072054992682991,4.0,0.0,0.0,0.0,0.0,,X,O,0.0,False,285
롯데지주,2024,자율,금융 및 보험업(64~66),307.8,13839816175.0,1981867460.0,14.320041790583971,37.3,3.7,1.6,5.3,14.209115281501342,30.188679245283023,O,X,0.0,False,2850
태양금속공업,2024,의무,제조업(10~34),518.0,771177556.0,120500125.0,15.62547095185431,6.0,1.0,0.0,1.0,16.666666666666664,0.0,X,O,1.0,False,2851
아시아나IDT,2024,의무,정보통신업(58~63),439.4,9732281543.0,915198591.0,9.403741424417197,59.1,7.0,3.0,10.0,16.920473773265652,30.0,O,O,0.0,False,2852
(학)일송학원한림대성심병원,2024,의무,보건업 및 사회복지 서비스업(86~87),1961.0,3115244067.0,265798286.0,8.532181757943782,7.5,2.2,0.0,2.2,29.333333333333332,0.0,O,O,1.0,False,2853
아름방송네트워크,2024,의무,정보통신업(58~63),56.5,4280280100.0,350020850.0,8.177522073847458,2.0,0.0,0.0,0.0,0.0,,O,O,0.0,False,2854
아주대학교의료원,2024,의무,교육 서비스업(85),4760.0,17115206179.0,555783392.0,3.247307605805734,57.9,1.0,0.0,1.0,1.7271157167530224,0.0,O,O,3.0,False,2855
영풍,2024,의무,제조업(10~34),716.0,1632800915.0,135585100.0,8.303835376035417,6.6,0.0,0.1,0.1,1.5151515151515154,100.0,O,O,0.0,False,2856
데이콤크로싱,2024,의무,정보통신업(58~63),14.7,19053422983.0,36760724.0,0.19293501242689542,6.3,0.0,0.2,0.2,3.1746031746031753,100.0,X,O,0.0,False,2857
동아지질,2024,의무,건설업(41~42),298.8,607129149.0,13098000.0,2.1573663563302246,2.8,0.0,0.0,0.0,0.0,,X,O,0.0,True,2858
한국공항,2024,의무,운수 및 창고업(49~52),2850.7,5355026556.0,99342590.0,1.85512786838923,14.3,0.0,0.0,0.0,0.0,,X,O,0.0,False,2859
신세계인터내셔날,2022,의무,도매 및 소매업(45~47),1430.0,21846323323.0,684525339.0,3.133366328417037,117.8,3.0,1.5,4.5,3.8200339558573853,33.33333333333333,O,X,,False,286
씨제이대한통운,2024,의무,운수 및 창고업(49~52),6944.2,114838842809.0,9158699146.0,7.9752624826015985,114.8,9.6,0.0,9.6,8.362369337979093,0.0,O,X,0.0,False,2860
원익머트리얼즈,2024,의무,제조업(10~34),519.3,2466449621.0,373952109.0,15.161554722872648,18.3,1.0,0.1,1.1,6.010928961748634,9.090909090909092,O,O,0.0,False,2861
네패스,2024,의무,제조업(10~34),1130.8,4495067882.0,261628818.0,5.820352992836071,46.5,1.0,0.0,1.0,2.1505376344086025,0.0,X,X,0.0,False,2862
사조산업,2024,의무,"농업, 임업 및 어업(01~03)",589.0,2351041041.0,104950228.0,4.463989618631247,10.3,0.0,0.4,0.4,3.8834951456310676,100.0,O,O,0.0,False,2863
네이버제트,2024,자율,정보통신업(58~63),405.9,21246835046.0,437991375.0,2.0614429116230077,158.9,2.0,0.0,2.0,1.2586532410320954,0.0,X,O,0.0,False,2864
화승인더스트리,2024,의무,제조업(10~34),40.6,161767706.0,13306232.0,8.225518138954136,0.0,0.0,0.0,0.0,,,O,O,0.0,False,2865
Google,2024,의무,,,,,,,,,,,,O,X,0.0,False,2866
사조오양,2024,의무,제조업(10~34),854.0,1171539633.0,81213420.0,6.932195694654745,3.4,0.0,0.3,0.3,8.823529411764707,100.0,O,O,0.0,False,2867
동일산업,2024,의무,제조업(10~34),260.1,509201353.0,39087185.0,7.676174615349068,3.5,0.5,0.0,0.5,14.285714285714285,0.0,O,O,0.0,False,2868
계양전기,2024,의무,제조업(10~34),728.8,1808913812.0,106260528.0,5.874272577006559,8.0,0.0,0.0,0.0,0.0,,O,O,0.0,False,2869
씨제이이엔엠,2022,의무,정보통신업(58~63),4334.9,72471599623.0,4242442142.0,5.853937492851468,363.1,11.3,7.3,18.6,5.122555769760397,39.247311827956985,X,O,0.0,False,287
포스코홀딩스,2024,의무,금융 및 보험업(64~66),553.0,18559769759.0,1000066288.0,5.388355033418709,25.5,2.0,1.0,3.0,11.76470588235294,33.33333333333333,O,O,3.0,False,2870
롯데칠성음료,2024,의무,제조업(10~34),5828.0,29798942857.0,2140941308.0,7.18462167692998,93.1,2.6,3.4,6.0,6.44468313641246,56.666666666666664,X,O,2.0,False,2871
진성티이씨,2024,자율,제조업(10~34),230.8,1684467816.0,309814994.0,18.39245553148639,8.0,1.0,0.8,1.8,22.5,44.44444444444445,O,O,0.0,False,2872
순천향대학교부속부천병원,2024,의무,보건업 및 사회복지 서비스업(86~87),2240.9,4890952003.0,159891209.0,3.269122430600961,22.5,1.1,0.3,1.4,6.222222222222222,21.42857142857143,O,O,2.0,False,2873
디에이치오토웨어,2024,의무,제조업(10~34),249.6,1096898019.0,24770470.0,2.2582290760796786,5.0,0.0,0.0,0.0,0.0,,X,X,0.0,False,2874
나이스인프라,2024,의무,"사업시설 관리, 사업 지원 및 임대 서비스업(74~76)",520.8,43060454752.0,14624830592.0,33.96348384202963,59.7,1.0,0.5,1.5,2.5125628140703515,33.33333333333333,O,O,0.0,True,2875
크림,2024,자율,정보통신업(58~63),143.3,6905382877.0,306638607.0,4.44057357082012,50.9,1.0,0.0,1.0,1.9646365422396856,0.0,X,O,0.0,False,2876
지마켓,2024,의무,정보통신업(58~63),1094.2,116377498670.0,14330173146.0,12.313525646941969,649.8,18.0,38.3,56.3,8.664204370575563,68.02841918294848,O,O,3.0,False,2877
스노우,2024,자율,정보통신업(58~63),323.7,38088511286.0,615517690.0,1.6160192909042435,180.7,2.0,0.1,2.1,1.1621472053126731,4.761904761904762,X,O,0.0,False,2878
리드코프,2024,의무,도매 및 소매업(45~47),288.8,3025765104.0,511417794.0,16.90209835931798,16.3,1.4,0.0,1.4,8.588957055214722,0.0,O,O,0.0,False,2879
커리어넷,2022,자율,"사업시설 관리, 사업 지원 및 임대 서비스업(74~76)",324.3,943501996.0,143392705.0,15.197922803334482,15.3,2.0,0.0,2.0,13.071895424836603,0.0,X,X,0.0,False,288
에스케이텔레콤,2024,의무,정보통신업(58~63),5536.6,1466415999714.0,60026271781.0,4.093399948766729,3053.9,46.4,176.0,222.4,7.282491240708603,79.13669064748201,O,O,0.0,False,2880
모베이스전자,2024,의무,제조업(10~34),1119.0,6172644671.0,242408750.0,3.9271457036701345,229.0,13.0,0.0,13.0,5.676855895196507,0.0,O,O,0.0,False,2881
현대엘리베이터,2024,의무,제조업(10~34),2788.3,22580106093.0,689901188.0,3.0553496301502077,88.3,3.0,0.0,3.0,3.3975084937712348,0.0,O,O,0.0,False,2882
지에스리테일,2024,의무,도매 및 소매업(45~47),7661.7,178628917727.0,3471647199.0,1.9434967435148134,413.1,11.0,5.3,16.3,3.945775841200678,32.51533742331288,X,X,0.0,False,2883
대한제분,2024,의무,제조업(10~34),368.3,2199888094.0,101725773.0,4.624133985608088,13.5,0.0,0.0,0.0,0.0,,O,O,0.0,True,2884
"MetaPlatforms,Inc.",2024,의무,,,,,,,,,,,,O,X,0.0,False,2885
현대비앤지스틸,2024,의무,제조업(10~34),511.3,7651911053.0,354307754.0,4.630317205021489,18.9,0.0,0.0,0.0,0.0,,O,O,1.0,False,2886
서울반도체,2024,의무,제조업(10~34),277.2,6241475350.0,364491634.0,5.839831346926653,51.6,0.5,0.0,0.5,0.9689922480620154,0.0,O,O,4.0,False,2887
한화솔루션,2024,의무,제조업(10~34),6074.3,104053463951.0,3292173948.0,3.163925373546741,204.4,5.3,5.8,11.1,5.4305283757338545,52.25225225225225,O,O,0.0,False,2888
비누랩스,2024,자율,정보통신업(58~63),50.9,2980858452.0,281357249.0,9.438799377113128,22.8,2.0,0.0,2.0,8.771929824561402,0.0,O,O,2.0,False,2889
케이티아이에스,2022,의무,"사업시설 관리, 사업 지원 및 임대 서비스업(74~76)",7845.9,12176302468.0,1072157586.0,8.80528049313566,42.6,2.8,0.0,2.8,6.572769953051642,0.0,O,O,,False,289
씨씨에스충북방송,2024,의무,정보통신업(58~63),41.7,1588221292.0,119220941.0,7.506569871624666,6.0,0.0,0.0,0.0,0.0,,X,X,0.0,True,2890
가온전선,2024,의무,제조업(10~34),458.0,2300396496.0,388068487.0,16.86963476404113,14.7,0.0,1.6,1.6,10.8843537414966,100.0,O,O,0.0,False,2891
유니트론텍,2024,의무,도매 및 소매업(45~47),91.8,188763276.0,20536510.0,10.87950497320252,1.0,0.0,0.0,0.0,0.0,,X,X,0.0,True,2892
위메이드,2024,의무,정보통신업(58~63),591.4,82509854070.0,2816638113.0,3.413699060248501,251.5,15.5,1.0,16.5,6.560636182902585,6.0606060606060606,O,O,3.0,False,2893
골프존,2024,의무,정보통신업(58~63),501.2,43131410254.0,2680132627.0,6.21387664167889,465.7,7.3,13.3,20.6,4.423448572042087,64.5631067961165,X,O,0.0,False,2894
디와이파워,2024,의무,제조업(10~34),426.8,1281415021.0,95911614.0,7.484820485805746,5.4,0.0,0.4,0.4,7.4074074074074066,100.0,O,O,0.0,False,2895
에코프로비엠,2024,의무,제조업(10~34),1395.5,7661155771.0,439033623.0,5.730644776365036,25.9,0.0,4.8,4.8,18.53281853281853,100.0,O,O,1.0,False,2896
디와이피,2024,의무,제조업(10~34),582.0,842759007.0,122849750.0,14.577091313127905,3.0,0.0,0.0,0.0,0.0,,O,O,1.0,False,2897
텐센트코리아유한회사,2024,의무,정보통신업(58~63),,,,,,,,,,,X,O,0.0,False,2898
엘엑스세미콘,2024,의무,제조업(10~34),1569.7,34698880529.0,2101840317.0,6.057372125430278,121.1,4.0,1.1,5.1,4.211395540875309,21.568627450980397,X,O,1.0,False,2899
동아대학교병원,2022,의무,보건업 및 사회복지 서비스업(86~87),2168.4,2525071158.0,229858347.0,9.10304433487969,15.0,1.0,0.0,1.0,6.666666666666667,0.0,O,O,1.0,False,290
제일기획,2024,의무,"전문, 과학 및 기술 서비스업(70~73)",1318.9,15817945678.0,1128707874.0,7.13561607162323,65.1,2.4,0.0,2.4,3.686635944700461,0.0,O,O,0.0,False,2900
에코프로머티리얼즈,2024,의무,제조업(10~34),543.5,1857187018.0,154909765.0,8.341096696164824,9.3,0.0,1.7,1.7,18.279569892473116,100.0,O,O,1.0,False,2901
씨제이씨지브이,2024,의무,정보통신업(58~63),1021.0,45886668292.0,3432214647.0,7.479764329715742,100.9,3.1,0.0,3.1,3.072348860257681,0.0,X,X,0.0,False,2902
도이치모터스,2024,의무,도매 및 소매업(45~47),1170.9,3282109482.0,612759666.0,18.669690007616875,2.2,0.0,0.0,0.0,0.0,,O,O,0.0,True,2903
드림라인,2024,의무,정보통신업(58~63),147.6,17839858541.0,381172864.0,2.136636134888509,37.0,3.9,1.8,5.7,15.405405405405407,31.57894736842105,O,O,1.0,False,2904
빙그레,2024,의무,제조업(10~34),1922.1,7231888914.0,511498245.0,7.0728166746284735,23.1,0.0,1.0,1.0,4.329004329004329,100.0,O,O,6.0,False,2905
한국수출포장공업,2024,의무,제조업(10~34),427.1,986958019.0,94830764.0,9.608388824489605,4.0,0.0,0.0,0.0,0.0,,O,O,0.0,True,2906
딜라이브,2024,의무,정보통신업(58~63),1053.2,41900415211.0,2176765291.0,5.195092411467416,198.2,9.0,3.1,12.1,6.104944500504541,25.619834710743806,O,X,3.0,False,2907
제주항공,2024,의무,운수 및 창고업(49~52),2770.7,52699148136.0,1938039677.0,3.677554088727443,111.2,9.0,7.0,16.0,14.388489208633093,43.75,O,X,2.0,False,2908
교보디티에스,2024,의무,정보통신업(58~63),436.3,5903510579.0,171257941.0,2.900950861495865,61.8,2.0,0.0,2.0,3.2362459546925573,0.0,O,O,0.0,True,2909
케이티,2022,의무,정보통신업(58~63),22291.6,1949345546615.0,102110411114.0,5.23818936521094,5055.3,283.1,52.7,335.8,6.642533578620458,15.69386539606909,O,X,,False,291
딜라이브강남케이블티브이,2024,의무,정보통신업(58~63),84.3,2019543994.0,91634584.0,4.537389840094763,9.5,1.0,0.0,1.0,10.526315789473683,0.0,O,X,0.0,False,2910
원익홀딩스,2024,의무,제조업(10~34),414.1,4609516698.0,248300694.0,5.386696920042267,12.2,0.0,0.0,0.0,0.0,,X,O,0.0,True,2911
쌍용씨앤이,2024,의무,제조업(10~34),1161.6,3520377724.0,589079305.0,16.733411900205514,16.5,1.0,0.0,1.0,6.0606060606060606,0.0,O,O,0.0,False,2912
딜라이브경기동부케이블티브이,2024,의무,정보통신업(58~63),11.0,1382330546.0,87007788.0,6.294282380706358,2.5,1.0,0.0,1.0,40.0,0.0,O,X,0.0,False,2913
대한제당,2024,의무,제조업(10~34),310.7,1234675699.0,154870800.0,12.543439554648591,6.3,0.0,0.0,0.0,0.0,,X,O,0.0,False,2914
GS글로벌,2024,의무,도매 및 소매업(45~47),261.2,2598666338.0,100139936.0,3.8535126474555503,10.8,0.0,0.0,0.0,0.0,,X,O,0.0,False,2915
드림마크원,2024,의무,정보통신업(58~63),6.4,8601158011.0,100992816.0,1.1741769639720667,19.2,0.0,3.5,3.5,18.229166666666668,100.0,X,O,0.0,False,2916
예스이십사,2024,의무,도매 및 소매업(45~47),485.3,13864634908.0,1269816042.0,9.15866916385448,116.3,8.0,1.1,9.1,7.824591573516766,12.08791208791209,O,O,0.0,False,2917
한진정보통신,2024,의무,정보통신업(58~63),416.7,26788261214.0,1652146037.0,6.167425439828698,130.6,5.5,2.1,7.6,5.819295558958652,27.631578947368425,O,O,0.0,True,2918
롯데컬처웍스,2022,자율,정보통신업(58~63),797.0,11386000000.0,1486000000.0,13.05111540488319,34.0,2.0,0.0,2.0,5.88235294117647,0.0,X,X,0.0,False,292
삼원강재,2024,의무,제조업(10~34),281.3,571073309.0,22642408.0,3.964886406554154,2.4,0.0,0.0,0.0,0.0,,O,O,0.0,True,2920
아모에스넷,2024,의무,정보통신업(58~63),2.0,253538798.0,166667.0,0.06573629019097899,2.0,0.0,0.0,0.0,0.0,,O,O,0.0,False,2921
제이씨케미칼,2024,의무,제조업(10~34),92.8,166207687.0,7926000.0,4.768732507540401,0.0,0.0,0.0,0.0,,,O,O,1.0,False,2922
롯데쇼핑,2024,의무,도매 및 소매업(45~47),20063.8,220997230554.0,10556771047.0,4.776879339408955,949.2,22.4,7.9,30.3,3.192161820480405,26.072607260726073,X,X,9.0,False,2923
크리스에프앤씨,2024,의무,제조업(10~34),334.3,666649268.0,58178809.0,8.727049108527634,4.0,0.0,0.0,0.0,0.0,,O,O,0.0,False,2924
멀티캠퍼스,2024,의무,교육 서비스업(85),911.3,30601977790.0,1328997714.0,4.342849090081638,127.8,2.0,1.3,3.3,2.5821596244131455,39.3939393939394,O,O,0.0,False,2925
팜스코,2024,의무,제조업(10~34),489.8,2336044294.0,17830147.0,0.7632623681749418,10.4,0.0,0.0,0.0,0.0,,O,O,0.0,True,2926
에스알,2024,자율,운수 및 창고업(49~52),743.6,33116719994.0,2453265910.0,7.407937472202791,54.6,4.0,6.3,10.3,18.864468864468865,61.165048543689316,X,X,2.0,False,2927
피엔티,2024,의무,제조업(10~34),496.5,1369136522.0,162178670.0,11.845324947076389,1.9,0.1,0.0,0.1,5.2631578947368425,0.0,X,O,3.0,False,2928
남광토건,2024,의무,건설업(41~42),547.0,502130469.0,57801200.0,11.511191526599037,4.0,1.0,0.0,1.0,25.0,0.0,O,O,0.0,False,2929
오씨아이홀딩스,2022,의무,제조업(10~34),,,,,,,,,,,O,O,,False,293
아토리서치,2024,의무,정보통신업(58~63),98.0,19705150.0,8853300.0,44.928863774191015,30.0,7.0,0.0,7.0,23.333333333333332,0.0,X,X,1.0,False,2930
금강방송,2024,의무,정보통신업(58~63),56.0,2957618878.0,253301080.0,8.564358372343335,8.0,0.0,0.0,0.0,0.0,,O,O,0.0,False,2931
하나마이크론,2024,의무,제조업(10~34),820.0,5163437915.0,757449398.0,14.66947817460104,27.0,2.0,0.0,2.0,7.4074074074074066,0.0,O,O,0.0,False,2932
아이즈비전,2024,의무,정보통신업(58~63),47.4,1184014165.0,439421230.0,37.11283555463207,5.0,1.0,0.0,1.0,20.0,0.0,O,O,0.0,False,2933
삼보모터스,2024,의무,제조업(10~34),501.0,1368266971.0,172676999.0,12.620124775342545,5.0,0.0,0.0,0.0,0.0,,X,X,0.0,False,2934
서울이동통신,2024,의무,정보통신업(58~63),9.3,374076473.0,0.0,0.0,4.1,0.0,0.0,0.0,0.0,,X,X,0.0,False,2935
가이온,2024,의무,정보통신업(58~63),76.8,138832878.0,32909545.0,23.70443188536364,0.0,0.0,0.0,0.0,,,X,O,0.0,True,2936
숙명여자대학교,2024,자율,교육 서비스업(85),1886.4,5122990643.0,416489870.0,8.129819065140932,14.2,1.0,1.4,2.4,16.901408450704224,58.333333333333336,O,O,0.0,False,2937
디지털리얼티코리아유한회사,2024,의무,정보통신업(58~63),,,,,,,,,,,O,X,2.0,True,2938
파워로직스,2024,의무,제조업(10~34),310.4,1465489331.0,299332902.0,20.42545760437201,4.7,0.0,0.0,0.0,0.0,,O,O,6.0,False,2939
라바웨이브,2022,자율,정보통신업(58~63),14.6,63009735.0,18350528.0,29.12332197556457,1.0,0.0,0.0,0.0,0.0,,X,O,,False,294
인탑스,2024,자율,제조업(10~34),382.0,756305260.0,53274000.0,7.043981156497576,7.0,1.0,0.0,1.0,14.285714285714285,0.0,X,O,0.0,False,2940
토스페이먼츠,2024,자율,금융 및 보험업(64~66),296.0,37667353000.0,4085013000.0,10.844969647853938,178.0,8.0,2.0,10.0,5.617977528089887,20.0,O,O,0.0,False,2949
코웨이,2022,의무,"사업시설 관리, 사업 지원 및 임대 서비스업(74~76)",6627.4,48845939036.0,2252009435.0,4.610433291783467,267.5,7.3,1.8,9.1,3.4018691588785046,19.78021978021978,O,O,,False,295
(학)단국대학교,2025,자율,교육 서비스업(85),3862.0,5200682338.0,379236670.0,7.292056029437112,32.0,1.0,0.0,1.0,3.125,0.0,X,O,3.0,False,2951
숭실대학교,2025,자율,교육 서비스업(85),1904.0,3244563360.0,169501379.0,5.2241660954958204,21.0,1.0,0.0,1.0,4.761904761904762,0.0,O,O,0.0,False,2952
나이스평가정보,2025,자율,정보통신업(58~63),756.0,59630582134.0,5189807387.0,8.703264669356447,172.0,13.0,1.0,14.0,8.13953488372093,7.142857142857142,O,O,0.0,False,2953
한국중부발전,2025,자율,"전기, 가스, 증기 및 공기 조절 공급업(35)",2890.0,42142482738.0,11689509263.0,27.738065020216606,171.0,21.0,17.0,38.0,22.22222222222222,44.73684210526316,O,O,2.0,False,2958
스트리미,2022,자율,정보통신업(58~63),79.8,3845731164.0,481793121.0,12.527997939899679,46.8,5.0,0.0,5.0,10.683760683760685,0.0,O,X,,False,296
씨에스윈드,2025,의무,제조업(10~34),110.5,3030942426.0,543136491.0,17.919723131025915,22.8,0.0,1.0,1.0,4.385964912280701,100.0,O,O,1.0,False,2960
디어유,2025,자율,정보통신업(58~63),94.3,8687064704.0,550439157.0,6.33630778353185,31.8,2.0,0.2,2.2,6.918238993710692,9.090909090909092,O,O,0.0,False,2961
정보보호공시우수기업(고시성실성및다양한정보보호노력평가를통해공시연도에과학기술정보통신부장관표창을수여받은자)LB세미콘,2025,자율,제조업(10~34),984.0,14753052616.0,4187615945.0,28.384742154707975,19.0,5.0,0.0,5.0,26.31578947368421,0.0,O,O,0.0,False,2963
에듀윌,2025,자율,교육 서비스업(85),284.0,4974687700.0,414698760.0,8.336176761407556,31.0,2.0,0.0,2.0,6.451612903225806,0.0,O,O,0.0,False,2964
그립컴퍼니,2025,자율,정보통신업(58~63),168.0,9724213384.0,576363368.0,5.9270950280496235,63.0,2.0,0.0,2.0,3.1746031746031744,0.0,O,O,0.0,False,2965
한솔홈데코,2025,의무,제조업(10~34),338.7,2803033485.0,45429200.0,1.6207155655866163,7.1,0.0,0.0,0.0,0.0,,X,O,0.0,False,2966
노루페인트,2025,의무,제조업(10~34),810.3,6555835429.0,731839131.0,11.163171176669268,25.2,0.0,2.2,2.2,8.730158730158731,100.0,O,O,0.0,False,2967
비에이치아이,2025,의무,제조업(10~34),558.0,2042241762.0,60609000.0,2.9677681226460004,7.0,0.0,0.0,0.0,0.0,,X,O,1.0,False,2968
메가스터디교육,2025,의무,교육 서비스업(85),2469.0,34792231510.0,848060277.0,2.4374989478793565,460.0,7.0,3.0,10.0,2.1739130434782608,30.0,O,O,0.0,False,2969
CJ제일제당,2022,의무,제조업(10~34),8125.0,40453110829.0,3247733392.0,8.028389721938929,111.9,10.0,11.6,21.6,19.302949061662197,53.703703703703695,X,O,,False,297
비엔케이시스템,2025,자율,정보통신업(58~63),290.5,23090611668.0,1875415777.0,8.121983964586937,252.5,18.4,0.0,18.4,7.2871287128712865,0.0,X,X,7.0,False,2972
롯데캐피탈,2025,자율,금융 및 보험업(64~66),427.4,26473552210.0,2326292598.0,8.787232554010174,74.1,7.7,0.0,7.7,10.391363022941972,0.0,O,O,2.0,False,2973
라포랩스,2025,자율,정보통신업(58~63),169.0,8401042385.0,187440879.0,2.231162163098645,65.9,1.0,0.0,1.0,1.5174506828528072,0.0,X,O,0.0,False,2975
백패커,2025,자율,도매 및 소매업(45~47),200.3,10418867396.0,433470013.0,4.160433150021828,63.3,2.1,0.0,2.1,3.3175355450236967,0.0,O,O,0.0,False,2976
텐바이텐,2025,자율,도매 및 소매업(45~47),104.5,1954726085.0,142156621.0,7.272457358136703,12.6,0.8,0.0,0.8,6.349206349206351,0.0,O,O,0.0,False,2977
현대무벡스,2025,의무,제조업(10~34),516.3,3105517715.0,442833845.0,14.259581996942497,34.2,4.1,1.8,6.0,17.543859649122805,30.0,O,O,3.0,False,2978
하이픈코퍼레이션,2025,자율,정보통신업(58~63),53.8,7061129836.0,458592799.0,6.49460935645087,27.5,2.0,0.0,2.0,7.2727272727272725,0.0,O,O,0.0,False,2979
유니퀘스트,2022,의무,도매 및 소매업(45~47),180.0,249409800.0,6423333.0,2.575413235566525,2.0,1.0,0.0,1.0,50.0,0.0,O,X,0.0,False,298
엘아이지디펜스앤에어로스페이스,2025,의무,제조업(10~34),4628.3,41920405135.0,5950174572.0,14.19398155346573,108.9,27.3,8.7,36.0,33.057851239669425,24.166666666666664,O,X,5.0,False,2980
HDC현대EP,2025,의무,제조업(10~34),394.6,1868538381.0,12888181.0,0.6897466560522312,5.9,0.0,0.0,0.0,0.0,,O,O,0.0,False,2981
코나아이,2025,자율,정보통신업(58~63),465.3,16310947789.0,2087309435.0,12.796984344512882,157.8,14.7,0.0,14.7,9.315589353612166,0.0,O,O,1.0,False,2982
조흥,2025,의무,제조업(10~34),482.6,939748619.0,23020106.0,2.4496025356755537,26.9,0.0,2.2,2.2,8.178438661710038,100.0,X,O,0.0,False,2983
파라메타,2025,자율,정보통신업(58~63),55.3,7570229267.0,457407552.0,6.042188893722445,37.3,3.0,0.0,3.0,8.042895442359251,0.0,O,O,0.0,False,2984
디에스단석,2025,의무,제조업(10~34),447.6,575653922.0,11249728.0,1.9542519507058966,2.8,0.0,0.0,0.0,0.0,,X,O,0.0,False,2987
경동도시가스,2025,의무,"전기, 가스, 증기 및 공기 조절 공급업(35)",298.8,3335367426.0,408301349.0,12.241570323472962,48.5,2.0,1.0,3.0,6.185567010309279,33.33333333333333,X,X,0.0,False,2988
KG파이낸셜,2025,자율,정보통신업(58~63),170.9,7330399013.0,1459937974.0,19.916214266247884,61.8,4.0,2.0,6.0,9.70873786407767,33.33333333333333,O,O,1.0,False,2989
신세계,2022,의무,도매 및 소매업(45~47),2805.1,42323517714.0,2264459437.0,5.350357341046228,140.0,3.0,3.3,6.3,4.5,52.38095238095239,O,X,,False,299
독립기념관,2025,자율,"예술, 스포츠 및 여가관련 서비스업(90~91)",161.2,2713055711.0,230869160.0,8.509562080275321,3.7,1.0,0.0,1.0,27.027027027027025,0.0,X,X,0.0,False,2990
스트리미,2025,자율,정보통신업(58~63),63.0,5335974831.0,813860936.0,15.252338359464797,32.0,4.0,0.0,4.0,12.5,0.0,O,X,0.0,False,2991
울산대학교병원,2025,의무,보건업 및 사회복지 서비스업(86~87),3140.1,7039474406.0,696841835.0,9.8990605663124,36.0,1.0,1.0,2.0,5.555555555555555,50.0,O,O,4.0,False,2993
에이치디건설기계,2025,의무,제조업(10~34),1311.8,47334788214.0,452820811.0,0.9566342812242079,77.3,1.0,2.4,3.4,4.3984476067270375,70.58823529411765,X,O,0.0,False,2994
이노그리드,2025,의무,정보통신업(58~63),146.0,2989786463.0,294293878.0,9.84330759544281,48.0,8.0,0.0,8.0,16.666666666666664,0.0,O,O,0.0,False,2995
대한유화,2025,의무,제조업(10~34),854.0,1590000212.0,117330000.0,7.379244299119628,6.0,0.0,0.0,0.0,0.0,,X,O,0.0,False,2996
콜마비앤에이치,2025,의무,제조업(10~34),539.4,2588348176.0,117379691.0,4.534926641183068,8.7,0.0,0.0,0.0,0.0,,X,X,0.0,False,2997
현대이지웰,2025,자율,정보통신업(58~63),374.6,11693754546.0,1051936279.0,8.995710273051937,129.7,8.0,0.8,8.8,6.784888203546648,9.090909090909092,O,O,0.0,False,2998
크래프톤,2025,의무,정보통신업(58~63),1680.1,216667831083.0,9694383880.0,4.474306975587126,849.9,32.2,1.2,33.4,3.9298741028356274,3.592814371257485,O,O,10.0,False,2999
카사코리아,2022,자율,도매 및 소매업(45~47),61.1,4217132718.0,400174734.0,9.489261087087277,29.1,2.4,0.0,2.4,8.24742268041237,0.0,X,X,0.0,False,300
에스에이엠티,2025,의무,도매 및 소매업(45~47),132.0,115280440.0,15099000.0,13.097625234601812,4.0,0.0,0.0,0.0,0.0,,O,X,0.0,False,3000
스마일서브,2025,의무,정보통신업(58~63),73.8,5682732083.0,401715753.0,7.069060218442116,52.6,6.5,0.0,6.5,12.357414448669202,0.0,O,X,0.0,False,3001
LF,2025,의무,제조업(10~34),1051.6,39235958966.0,2377230384.0,6.058805357758667,160.0,3.0,7.1,10.1,6.3125,70.29702970297029,O,O,3.0,False,3002
STX엔진,2025,의무,제조업(10~34),889.7,6197112391.0,712123170.0,11.491209535496063,25.9,0.8,0.0,0.8,3.0888030888030893,0.0,O,O,0.0,False,3003
컴투스,2025,의무,정보통신업(58~63),1480.4,108099433904.0,8663897371.0,8.014748142616693,688.3,8.2,21.0,29.2,4.242336190614558,71.91780821917808,O,O,0.0,False,3004
컴투스플랫폼,2025,자율,정보통신업(58~63),199.6,24047720286.0,2050524849.0,8.526899118141214,181.2,6.1,1.6,7.7,4.24944812362031,20.77922077922078,O,O,0.0,False,3005
나이스홀딩스,2025,의무,금융 및 보험업(64~66),51.3,7380220779.0,1021279726.0,13.8380646945684,34.7,1.0,3.5,4.5,12.968299711815561,77.77777777777779,O,O,1.0,False,3006
세코닉스,2025,의무,제조업(10~34),642.0,946403216.0,130366470.0,13.774939454559082,7.0,1.0,0.0,1.0,14.285714285714285,0.0,O,O,0.0,False,3007
롯데정밀화학,2025,의무,제조업(10~34),986.0,10673931558.0,924972588.0,8.66571593581882,21.5,1.0,0.2,1.2,5.5813953488372094,16.666666666666668,O,O,0.0,False,3008
남광토건,2025,의무,건설업(41~42),577.0,463765171.0,60223900.0,12.985860898122512,5.0,1.0,0.0,1.0,20.0,0.0,O,O,0.0,False,3009
롯데지주,2022,자율,금융 및 보험업(64~66),166.7,10669025040.0,1444855732.0,13.542528268356188,27.2,1.9,2.0,3.9,14.338235294117647,51.28205128205129,O,X,,False,301
원티드랩,2025,자율,정보통신업(58~63),175.5,8393063006.0,287372011.0,3.423922956310046,64.6,1.7,0.0,1.7,2.6315789473684212,0.0,X,X,0.0,False,3010
태영건설,2025,의무,건설업(41~42),1477.2,4235705035.0,245696711.0,5.800609555429064,15.8,1.1,0.0,1.1,6.962025316455696,0.0,X,O,0.0,False,3011
마니커,2025,의무,제조업(10~34),562.9,675784237.0,53988695.0,7.98904325434865,1.0,0.0,0.0,0.0,0.0,,O,O,2.0,False,3012
계룡건설산업,2025,의무,건설업(41~42),1810.0,1793496299.0,456243250.0,25.43876172225098,14.0,3.0,0.0,3.0,21.428571428571427,0.0,X,O,0.0,False,3013
삼보모터스,2025,의무,제조업(10~34),511.0,1519908893.0,243414166.0,16.015049791540367,5.0,0.0,0.0,0.0,0.0,,X,X,0.0,False,3014
큐비콤,2025,의무,"전문, 과학 및 기술 서비스업(70~73)",46.7,4266260186.0,2140000.0,0.050161028786348844,37.1,0.0,0.0,0.0,0.0,,O,O,0.0,False,3015
웰컴저축은행,2025,자율,금융 및 보험업(64~66),631.0,17496577682.0,2619364795.0,14.970726519247995,100.2,6.4,1.9,8.3,8.283433133732537,22.891566265060238,O,X,1.0,False,3016
힐링페이퍼,2025,자율,정보통신업(58~63),134.8,9789344424.0,341055490.0,3.4839461686918782,90.7,2.0,0.2,2.2,2.4255788313120177,9.090909090909092,X,X,2.0,False,3017
미래반도체,2025,의무,도매 및 소매업(45~47),38.4,42870331.0,1070000.0,2.4958986204235276,0.0,0.0,0.0,0.0,,,X,O,0.0,False,3018
고려아연,2025,의무,제조업(10~34),1909.6,17755605036.0,2715230781.0,15.292245887959274,63.4,8.0,2.0,10.0,15.772870662460567,20.0,O,X,3.0,False,3019
태웅,2022,의무,제조업(10~34),459.0,429345736.0,61720050.0,14.375372764852612,4.0,0.5,1.0,1.5,37.5,66.66666666666666,X,O,1.0,False,302
케이씨텍,2025,의무,제조업(10~34),793.3,4870405578.0,1705812062.0,35.024024892409074,11.9,2.0,1.8,3.8,31.932773109243694,47.36842105263158,O,O,0.0,False,3020
솔루스첨단소재,2025,자율,제조업(10~34),192.8,5006895149.0,287766158.0,5.747397327812506,10.3,0.0,1.3,1.3,12.62135922330097,100.0,X,O,0.0,False,3021
신도리코,2025,의무,제조업(10~34),313.0,2642637185.0,54552190.0,2.064308725754951,15.3,0.0,0.0,0.0,0.0,,O,O,0.0,False,3022
영남대학교의료원,2025,의무,보건업 및 사회복지 서비스업(86~87),2602.1,5806265108.0,516262267.0,8.891469083777839,26.9,2.0,0.0,2.0,7.434944237918216,0.0,O,O,2.0,False,3023
휴스틸,2025,의무,제조업(10~34),559.5,721135205.0,83803168.0,11.621006354834666,6.1,1.0,0.0,1.0,16.393442622950822,0.0,X,X,0.0,False,3024
현대에버다임,2025,의무,제조업(10~34),626.1,2577558307.0,131546448.0,5.103529477597188,7.6,0.0,0.4,0.4,5.2631578947368425,100.0,O,O,0.0,False,3025
SK네트웍스서비스,2025,의무,"협회 및 단체, 수리 및 기타 개인 서비스업(94~96)",692.3,4038184337.0,605097108.0,14.984385493643204,12.0,2.0,0.0,2.0,16.666666666666664,0.0,O,O,0.0,False,3026
동국제약,2025,의무,제조업(10~34),1181.8,6655577883.0,1078222528.0,16.200284136919926,15.5,1.0,0.0,1.0,6.451612903225806,0.0,X,X,0.0,False,3029
코오롱베니트,2022,의무,정보통신업(58~63),498.1,3849361124.0,103512322.0,2.689077970747439,18.3,0.5,0.3,0.8,4.371584699453552,37.49999999999999,O,O,0.0,False,303
신원,2025,의무,제조업(10~34),756.5,4255674410.0,368792780.0,8.665906845068065,36.4,0.0,0.0,0.0,0.0,,X,O,0.0,False,3030
한섬,2025,의무,제조업(10~34),1606.0,18713329525.0,777549341.0,4.155056105655789,87.7,3.2,2.0,5.2,5.929304446978335,38.46153846153846,O,X,0.0,False,3031
영진약품,2025,자율,제조업(10~34),629.0,655000000.0,100000000.0,15.267175572519085,5.0,2.0,0.0,2.0,40.0,0.0,X,O,0.0,False,3032
코오롱베니트,2025,자율,정보통신업(58~63),562.4,3306612171.0,176829122.0,5.347743032909801,25.4,0.7,0.6,1.3,5.118110236220473,46.15384615384615,O,O,0.0,False,3033
아이파크현대산업개발,2025,의무,건설업(41~42),1899.7,12921776743.0,932407406.0,7.215783282319165,30.0,1.0,4.0,5.0,16.666666666666664,80.0,X,O,0.0,False,3034
아이티이지,2025,의무,정보통신업(58~63),87.8,5548567446.0,855119559.0,15.411537614388404,47.7,4.0,5.0,9.0,18.867924528301884,55.55555555555556,X,O,0.0,False,3035
신세계푸드,2025,의무,제조업(10~34),3492.9,17785714001.0,1452842842.0,8.1685944231326,46.4,1.0,2.6,3.6,7.758620689655173,72.22222222222221,X,O,0.0,False,3036
E1,2025,의무,도매 및 소매업(45~47),325.8,9795346379.0,1174869658.0,11.994161436891847,20.0,1.0,0.8,1.8,9.0,44.44444444444445,X,O,0.0,False,3037
대창스틸,2025,의무,제조업(10~34),104.0,68345678.0,30579811.0,44.74285996548311,0.0,0.0,0.0,0.0,,,O,O,0.0,False,3038
더존비즈온,2025,의무,정보통신업(58~63),1831.0,72680162402.0,5281150890.0,7.266289335994486,722.0,37.0,2.0,39.0,5.401662049861495,5.128205128205128,O,X,6.0,False,3039
에스케이가스,2022,의무,도매 및 소매업(45~47),554.2,24303949960.0,1577923510.0,6.492457039275439,59.9,0.0,4.3,4.3,7.178631051752922,100.0,O,O,,False,304
산일전기,2025,의무,제조업(10~34),289.7,955420586.0,101099459.0,10.5816705732987,5.3,1.0,0.0,1.0,18.867924528301888,0.0,X,O,0.0,False,3040
무림페이퍼,2025,의무,제조업(10~34),446.0,3525370038.0,137187280.0,3.8914292264714594,7.0,0.0,0.0,0.0,0.0,,O,O,0.0,False,3041
무림피앤피,2025,의무,제조업(10~34),718.0,4008533531.0,163170360.0,4.070574905713568,8.0,0.0,0.0,0.0,0.0,,O,O,0.0,False,3042
동양이엔피,2025,의무,제조업(10~34),372.7,6180619083.0,478350354.0,7.7395216818282595,24.7,0.0,4.3,4.3,17.408906882591094,100.0,O,O,0.0,False,3043
성우하이텍,2025,의무,제조업(10~34),1764.8,7905998218.0,390026136.0,4.93329400343156,32.5,1.0,0.1,1.1,3.384615384615385,9.090909090909092,O,X,3.0,False,3044
알루코,2025,자율,제조업(10~34),187.7,388223486.0,16969000.0,4.370935971658345,4.2,0.0,0.2,0.2,4.761904761904762,100.0,O,O,0.0,False,3046
에스티아이,2025,의무,제조업(10~34),405.5,1403281325.0,76493353.0,5.451034773800614,3.0,0.0,0.0,0.0,0.0,,O,O,0.0,False,3047
폴라리스오피스,2025,자율,정보통신업(58~63),153.4,8125811764.0,337415267.0,4.152388423454009,94.8,1.2,0.0,1.2,1.2658227848101267,0.0,O,O,0.0,False,3048
송원산업,2025,의무,제조업(10~34),621.0,3639599488.0,352516898.0,9.685595878400123,5.7,0.0,0.5,0.5,8.771929824561402,100.0,O,O,0.0,False,3049
삼부토건,2022,의무,건설업(41~42),377.0,691923010.0,118137169.0,17.07374480868905,2.4,1.0,0.0,1.0,41.66666666666667,0.0,O,O,1.0,False,305
태웅,2025,의무,제조업(10~34),456.7,616377680.0,62975996.0,10.217111690351928,7.7,0.0,0.6,0.6,7.792207792207792,100.0,X,O,0.0,False,3050
경상국립대학교병원,2025,자율,보건업 및 사회복지 서비스업(86~87),2401.8,5485679039.0,726875885.0,13.250426790053401,27.0,3.0,0.0,3.0,11.11111111111111,0.0,O,O,3.0,False,3052
신세계인터내셔날,2025,의무,도매 및 소매업(45~47),1056.6,34390125973.0,1272415064.0,3.699943015617287,108.7,3.0,2.2,5.2,4.783808647654094,42.30769230769231,O,O,0.0,False,3053
지에스건설,2025,의무,건설업(41~42),5892.6,41297642822.0,3301521745.0,7.9944556623488925,155.6,4.1,3.0,7.1,4.5629820051413885,42.25352112676057,O,O,4.0,False,3054
현대그린푸드,2025,의무,숙박 및 음식점업(55~56),6825.0,13518628158.0,815444597.0,6.0320070015198946,48.5,2.8,2.9,5.7,11.752577319587628,50.87719298245613,O,X,0.0,False,3055
한양디지텍,2025,의무,제조업(10~34),71.8,2054730500.0,265278221.0,12.910609006874624,8.3,2.0,0.0,2.0,24.096385542168672,0.0,X,X,0.0,False,3056
에이치디현대일렉트릭,2025,의무,제조업(10~34),2145.8,16816208444.0,838826568.0,4.988202725920017,35.9,0.0,2.9,2.9,8.07799442896936,100.0,O,O,3.0,False,3057
하나마이크론,2025,의무,제조업(10~34),771.0,4744720766.0,463093230.0,9.760178793206563,31.0,2.0,0.0,2.0,6.451612903225806,0.0,O,O,0.0,False,3058
극동유화,2025,의무,제조업(10~34),117.0,513062217.0,41260804.0,8.04206636794695,1.8,0.0,0.0,0.0,0.0,,O,O,0.0,False,3059
에스알,2022,자율,운수 및 창고업(49~52),721.3,26675196780.0,2429947442.0,9.10938900297777,55.8,3.0,4.0,7.0,12.544802867383515,57.14285714285714,O,X,1.0,False,306
케이씨씨,2025,의무,제조업(10~34),3662.8,16178964843.0,1386864219.0,8.572020722327247,76.9,6.0,0.0,6.0,7.802340702210662,0.0,X,O,7.0,False,3060
한국수목원정원관리원,2025,자율,"공공 행정, 국방 및 사회보장 행정(84)",543.9,2631233457.0,233977215.0,8.892301607732255,11.4,2.0,0.0,2.0,17.543859649122805,0.0,X,O,3.0,False,3061
디와이에이,2025,의무,제조업(10~34),406.8,1405489425.0,137697888.0,9.797148633829101,3.0,1.0,0.0,1.0,33.33333333333333,0.0,X,O,4.0,False,3062
엔씨,2025,의무,정보통신업(58~63),4961.3,490807636828.0,18171930576.0,3.702454732253529,2680.4,79.1,22.5,101.6,3.790479032980152,22.145669291338585,O,O,0.0,False,3063
디지털리얼티코리아유한회사,2025,의무,정보통신업(58~63),,,,,,,,,,,O,X,0.0,False,3065
카카오페이,2025,자율,금융 및 보험업(64~66),1226.5,104422775047.0,11666200406.0,11.17208425149506,727.8,26.8,20.0,46.8,6.430338004946414,42.73504273504274,O,X,0.0,False,3066
롯데하이마트,2025,의무,도매 및 소매업(45~47),3379.2,38218011950.0,3669923400.0,9.602601529355583,143.6,4.9,5.9,10.8,7.520891364902507,54.629629629629626,O,X,0.0,False,3067
코리아써키트,2025,의무,제조업(10~34),1204.5,6337306540.0,1038664938.0,16.389690658706876,22.5,5.3,0.0,5.3,23.555555555555554,0.0,O,O,0.0,False,3068
신세계,2025,의무,도매 및 소매업(45~47),2639.1,47652321766.0,2691066989.0,5.647294589788656,177.3,4.0,7.4,11.4,6.429780033840947,64.91228070175438,O,X,0.0,False,3069
LX인터내셔널,2022,의무,도매 및 소매업(45~47),393.7,8645539359.0,626574317.0,7.247371054389297,34.6,1.0,0.2,1.2,3.4682080924855487,16.666666666666668,O,O,,False,307
한화갤러리아,2025,의무,도매 및 소매업(45~47),813.8,19131850254.0,1832360685.0,9.577540387746335,95.1,3.0,2.1,5.1,5.3627760252365935,41.1764705882353,O,X,1.0,False,3070
톱텍,2025,의무,제조업(10~34),494.1,665066674.0,55430536.0,8.334583308259406,3.7,0.0,0.7,0.7,18.918918918918916,100.0,O,O,0.0,False,3071
씨제이올리브영,2025,자율,도매 및 소매업(45~47),16999.6,114959902520.0,4887778732.0,4.251724840450048,454.9,8.8,2.9,11.7,2.571993844801055,24.786324786324787,X,O,0.0,False,3072
계명대학교동산병원,2025,의무,교육 서비스업(85),3092.2,8764862250.0,613767179.0,7.002587850139916,47.1,2.0,1.4,3.4,7.218683651804671,41.17647058823529,O,X,6.0,False,3074
팬오션,2025,의무,운수 및 창고업(49~52),374.3,8055898454.0,368546463.0,4.5748648037762365,26.8,0.0,0.0,0.0,0.0,,X,O,0.0,False,3075
코오롱이앤피,2025,의무,제조업(10~34),397.2,3520343693.0,245232217.0,6.966144171878163,7.9,0.0,0.5,0.5,6.329113924050632,100.0,O,O,0.0,False,3076
그린케미칼,2025,의무,제조업(10~34),205.0,616321494.0,40356264.0,6.547924158556119,1.0,0.0,0.0,0.0,0.0,,O,O,0.0,False,3077
아이디스파워텔,2025,의무,정보통신업(58~63),119.5,6251517360.0,195187722.0,3.122245540721013,22.1,0.0,0.4,0.4,1.8099547511312215,100.0,O,O,0.0,False,3078
DL건설,2022,의무,건설업(41~42),1793.4,5753935644.0,142398471.0,2.4748012457957898,21.8,0.8,0.0,0.8,3.669724770642202,0.0,O,O,,False,308
에스텍,2025,의무,제조업(10~34),331.3,1110839367.0,82196264.0,7.399473447001091,4.2,0.0,0.0,0.0,0.0,,O,O,0.0,False,3081
정보보호공시우수기업(고시성실성및다양한정보보호노력평가를통해공시연도에과학기술정보통신부장관표창을수여받은자)(주)에스에스지닷컴,2025,자율,도매 및 소매업(45~47),2738.7,87282442197.0,4035131718.0,4.623073800905507,491.0,9.7,5.5,15.2,3.095723014256619,36.18421052631579,O,O,0.0,False,3083
비에이치,2025,의무,제조업(10~34),1491.8,1462027365.0,131065820.0,8.964662573193355,7.3,0.0,0.0,0.0,0.0,,O,O,0.0,False,3084
대원전선,2025,의무,제조업(10~34),158.3,385341920.0,4130000.0,1.0717754247967624,3.0,0.0,0.0,0.0,0.0,,O,O,0.0,False,3085
케이티지니뮤직,2025,자율,정보통신업(58~63),242.0,14046888912.0,2810214030.0,20.00595325844206,94.7,4.8,2.8,7.6,8.025343189017951,36.84210526315789,X,O,0.0,False,3086
풍산,2025,의무,제조업(10~34),3593.7,13004861096.0,4324027125.0,33.24931418398596,34.3,10.1,6.5,16.6,48.396501457725954,39.1566265060241,O,O,0.0,False,3087
두나무,2025,의무,정보통신업(58~63),631.0,154293143357.0,14778747896.0,9.578356869563066,374.5,30.3,3.3,33.6,8.971962616822431,9.82142857142857,O,O,2.0,False,3088
알리바바코리아유한회사,2025,의무,정보통신업(58~63),,,,,,,,,,,O,O,0.0,False,3089
한섬,2022,의무,제조업(10~34),1487.5,13904118362.0,688142207.0,4.949196986704996,66.2,2.9,0.0,2.9,4.380664652567975,0.0,O,X,,False,309
이마트,2025,의무,도매 및 소매업(45~47),25888.2,153664392690.0,6089517480.0,3.9628682828850867,407.2,7.0,14.8,21.8,5.3536345776031435,67.88990825688074,O,O,0.0,False,3090
현대공업,2025,의무,제조업(10~34),207.8,383909224.0,13089081.0,3.4094208166251296,1.0,1.0,0.0,1.0,100.0,0.0,O,O,0.0,False,3091
지누스,2025,의무,도매 및 소매업(45~47),161.3,4799253763.0,99293660.0,2.06893956651152,17.3,0.0,0.0,0.0,0.0,,O,O,0.0,False,3092
쏘카,2025,의무,"사업시설 관리, 사업 지원 및 임대 서비스업(74~76)",451.9,28164765650.0,1197757503.0,4.25268052248111,328.9,8.8,10.2,19.0,5.776831863788385,53.68421052631579,O,O,6.0,False,3093
서연이화,2025,의무,제조업(10~34),931.7,5999171453.0,471797784.0,7.8643824017409685,37.7,4.9,5.0,9.9,26.25994694960212,50.505050505050505,O,O,2.0,False,3094
나무가,2025,의무,제조업(10~34),122.9,784530877.0,24807982.0,3.1621422084576536,4.0,0.0,0.0,0.0,0.0,,X,X,0.0,False,3095
광동제약,2025,의무,제조업(10~34),1042.0,5215076445.0,554893348.0,10.640176684888461,27.8,2.6,0.8,3.4,12.230215827338128,23.529411764705884,O,O,0.0,False,3096
영화금속,2025,의무,제조업(10~34),378.3,745048474.0,285044443.0,38.25850974093801,11.0,2.0,1.0,3.0,27.27272727272727,33.33333333333333,O,O,0.0,False,3097
대한제강,2025,의무,제조업(10~34),411.0,3821516422.0,136166511.0,3.5631538887575136,11.5,1.0,1.0,2.0,17.391304347826086,50.0,O,X,0.0,False,3098
포스코스틸리온,2025,의무,제조업(10~34),430.8,2907724663.0,405881340.0,13.958726737944927,9.8,1.0,0.0,1.0,10.20408163265306,0.0,O,O,0.0,False,3099
케이씨씨,2022,의무,제조업(10~34),3520.4,14900102761.0,1311545702.0,8.802259441007891,73.7,5.0,0.0,5.0,6.7842605156037985,0.0,X,X,,False,310
에스엠엔터테인먼트,2025,의무,정보통신업(58~63),734.7,8807816456.0,266617304.0,3.0270533602954086,34.7,0.0,2.7,2.7,7.780979827089338,100.0,O,O,0.0,False,3100
한화,2025,의무,제조업(10~34),4566.1,47996385878.0,2660592327.0,5.543318060994943,49.6,5.3,1.0,6.3,12.701612903225806,15.873015873015872,O,O,0.0,False,3102
문피아,2025,자율,정보통신업(58~63),141.7,2959790199.0,198475772.0,6.705737861658484,32.7,1.0,2.2,3.2,9.785932721712538,68.75,X,O,0.0,False,3103
경창산업,2025,의무,제조업(10~34),1403.1,2075236279.0,346878490.0,16.715132320602613,9.0,2.3,0.0,2.3,25.555555555555554,0.0,O,O,0.0,False,3104
현대리바트,2025,의무,제조업(10~34),863.7,5947456064.0,366819560.0,6.167671623845392,34.5,3.0,1.0,4.0,11.594202898550725,25.0,O,O,0.0,False,3105
하나투어,2025,의무,"사업시설 관리, 사업 지원 및 임대 서비스업(74~76)",1314.9,35343873073.0,2323884720.0,6.575070918798849,240.9,10.9,1.0,11.9,4.93980904939809,8.403361344537814,X,X,3.0,False,3106
카카오엔터테인먼트,2025,자율,정보통신업(58~63),1106.8,65686349647.0,2707700443.0,4.1221661084095045,297.2,12.9,3.2,16.1,5.417227456258413,19.875776397515526,X,X,5.0,False,3107
한성기업,2025,의무,제조업(10~34),724.7,689015211.0,44028985.0,6.390132510441776,5.0,0.0,0.0,0.0,0.0,,X,O,0.0,False,3108
한화엔진,2025,의무,제조업(10~34),845.0,6793106516.0,843481983.0,12.416734243947486,27.0,0.0,0.0,0.0,0.0,,X,O,1.0,False,3109
(학)성균관대학삼성창원병원,2022,의무,교육 서비스업(85),2083.8,7569484593.0,1206862817.0,15.943791181186437,17.8,4.0,0.0,4.0,22.47191011235955,0.0,O,O,,False,311
진인프라,2025,의무,도매 및 소매업(45~47),342.0,2375484176.0,241215818.0,10.154385385390166,12.0,12.0,0.0,12.0,100.0,0.0,X,O,0.0,False,3110
삼익THK,2025,의무,제조업(10~34),693.3,2394380240.0,141098661.0,5.892909515491157,10.0,0.0,0.0,0.0,0.0,,O,O,0.0,False,3111
이녹스첨단소재,2025,의무,제조업(10~34),780.9,3914982473.0,182090542.0,4.651120235040705,10.9,0.0,0.2,0.2,1.834862385321101,100.0,X,O,0.0,False,3112
일동제약,2025,의무,제조업(10~34),1067.0,7890510671.0,675379680.0,8.559391250584369,16.0,0.0,2.0,2.0,12.5,100.0,O,O,0.0,False,3113
유니퀘스트,2025,의무,도매 및 소매업(45~47),213.7,2716116389.0,68013488.0,2.5040711905958015,2.0,1.0,0.0,1.0,50.0,0.0,O,O,3.0,False,3114
에이스침대,2025,의무,제조업(10~34),571.8,904028761.0,32086306.0,3.549257212182876,8.4,0.0,0.0,0.0,0.0,,X,X,0.0,False,3115
일진전기,2025,의무,제조업(10~34),945.7,3705355052.0,491773.0,0.013271953513187919,0.0,0.0,0.0,0.0,,,X,X,0.0,False,3116
HD현대중공업,2025,의무,제조업(10~34),14540.4,62274409039.0,4030999332.0,6.472962801582821,94.5,12.9,13.1,26.0,27.513227513227513,50.38461538461539,O,O,0.0,False,3117
에스앤티모티브,2025,의무,제조업(10~34),591.0,3266551744.0,284422178.0,8.707107686949287,10.5,0.0,0.0,0.0,0.0,,O,O,0.0,False,3118
동성화인텍,2025,의무,제조업(10~34),569.6,1455487034.0,146778170.0,10.084471147545791,6.9,0.0,1.4,1.4,20.289855072463766,100.0,O,O,0.0,False,3119
씨제이올리브영,2022,자율,도매 및 소매업(45~47),8989.0,40372805209.0,2597118798.0,6.432842069198213,155.2,4.5,6.0,10.5,6.765463917525774,57.14285714285714,X,X,,False,312
아토리서치,2025,의무,정보통신업(58~63),80.0,36855500.0,6773800.0,18.379346366213998,42.0,6.0,0.0,6.0,14.285714285714285,0.0,O,O,0.0,False,3120
태광산업,2025,의무,제조업(10~34),975.3,11316745101.0,794810784.0,7.023316129385708,31.5,0.0,3.6,3.6,11.428571428571429,100.0,O,O,3.0,False,3121
카카오게임즈,2025,의무,정보통신업(58~63),492.8,66438079253.0,3645732411.0,5.487413922845125,219.5,19.6,1.0,20.6,9.38496583143508,4.854368932038835,O,X,0.0,False,3122
엘에스일렉트릭,2025,의무,제조업(10~34),3399.6,44699922278.0,2294529867.0,5.133185361553304,142.9,2.0,3.5,5.5,3.8488453463960814,63.63636363636363,O,O,1.0,False,3124
호스트웨이아이디씨,2025,의무,정보통신업(58~63),64.8,5037012974.0,195501082.0,3.8812900226609583,39.8,2.0,0.0,2.0,5.025125628140704,0.0,O,O,0.0,False,3125
넥스틸,2025,의무,제조업(10~34),413.2,646767444.0,34069459.0,5.2676521238134555,7.0,0.0,0.0,0.0,0.0,,O,O,0.0,False,3126
원일특강,2025,의무,제조업(10~34),153.9,508386565.0,14790000.0,2.909203550648511,2.9,0.0,0.0,0.0,0.0,,O,O,4.0,False,3127
앰진,2025,자율,정보통신업(58~63),24.0,1562659955.0,214641750.0,13.735665863402765,24.0,4.0,0.0,4.0,16.666666666666664,0.0,O,O,0.0,False,3128
애경산업,2022,의무,제조업(10~34),868.9,6336112461.0,486521382.0,7.678547137454289,17.3,1.0,0.8,1.8,10.404624277456648,44.44444444444445,O,O,,False,313
한국단자공업,2025,의무,제조업(10~34),1177.1,6101247907.0,785327252.0,12.871584042651163,11.1,2.0,0.0,2.0,18.01801801801802,0.0,O,O,0.0,False,3131
디비하이텍,2025,의무,제조업(10~34),2051.3,17293819345.0,659393632.0,3.8128860886397797,82.5,3.5,0.0,3.5,4.242424242424243,0.0,O,O,3.0,False,3132
네이블,2025,의무,정보통신업(58~63),118.5,1032857653.0,247486478.0,23.961334582859504,6.0,2.0,0.0,2.0,33.33333333333333,0.0,O,O,0.0,False,3133
계양전기,2025,의무,제조업(10~34),733.4,2007990755.0,99070376.0,4.933806380996012,8.0,0.0,0.0,0.0,0.0,,O,O,0.0,False,3134
조선내화,2025,의무,제조업(10~34),517.8,2478012346.0,149405450.0,6.02924558633333,4.5,0.0,0.4,0.4,8.88888888888889,100.0,O,O,0.0,False,3135
하이트진로,2025,의무,제조업(10~34),3028.6,15952528598.0,1155657470.0,7.244352911831714,33.3,1.0,0.0,1.0,3.0030030030030033,0.0,O,O,0.0,False,3136
현대글로비스,2025,의무,운수 및 창고업(49~52),1880.1,62855134745.0,5728864353.0,9.114393559478797,202.6,9.5,2.0,11.5,5.676209279368213,17.391304347826086,X,X,1.0,False,3137
LX인터내셔널,2025,의무,도매 및 소매업(45~47),401.8,10052703228.0,581372611.0,5.783246533934186,32.3,1.0,0.6,1.6,4.953560371517029,37.49999999999999,X,O,0.0,False,3138
미원스페셜티케미칼,2025,의무,제조업(10~34),513.0,675734914.0,38181223.0,5.650325624583607,1.7,0.0,0.0,0.0,0.0,,O,O,1.0,False,3139
컴투스,2022,의무,정보통신업(58~63),1201.4,65802826811.0,1892850513.0,2.87654893373605,514.5,4.0,17.1,21.1,4.1010689990281834,81.04265402843602,O,X,,False,314
에스케이하이닉스,2025,의무,제조업(10~34),31480.5,778076480212.0,62209055328.0,7.9952365750793675,1720.8,34.6,104.8,139.4,8.100883310088332,75.1793400286944,O,X,7.0,False,3141
한국석유공업,2025,의무,제조업(10~34),234.0,766487924.0,194329187.0,25.353196171163685,4.0,1.0,0.0,1.0,25.0,0.0,X,X,0.0,False,3142
지마켓,2025,의무,정보통신업(58~63),1047.1,135744038397.0,14999263564.0,11.049666520258388,570.3,17.4,43.6,61.0,10.69612484657198,71.47540983606558,O,O,3.0,True,3143
삼천리,2025,의무,"전기, 가스, 증기 및 공기 조절 공급업(35)",870.8,12249742954.0,549193649.0,4.483307536021951,55.1,1.0,1.3,2.3,4.174228675136115,56.52173913043479,O,O,0.0,False,3144
조일알미늄,2025,의무,제조업(10~34),391.2,537753332.0,17083000.0,3.176735314026841,4.0,0.0,0.0,0.0,0.0,,X,O,0.0,False,3145
한국아이비엠,2025,의무,도매 및 소매업(45~47),,,,,,,,,,,O,X,0.0,False,3146
스노우,2025,자율,정보통신업(58~63),367.8,37671906209.0,958736934.0,2.5449652817699815,181.8,3.0,0.9,3.9,2.145214521452145,23.076923076923077,X,O,0.0,False,3148
삼부토건,2025,의무,건설업(41~42),405.8,710387135.0,28840404.0,4.059815075339166,2.0,0.0,0.0,0.0,0.0,,O,O,0.0,False,3149
컴투스플랫폼,2022,자율,정보통신업(58~63),147.4,15816403243.0,973991609.0,6.1581106275288455,133.7,4.5,1.3,5.8,4.338070306656695,22.413793103448278,O,O,,False,315
HD현대미포,2025,의무,제조업(10~34),4107.4,11784414403.0,640741015.0,5.43719011474074,47.8,3.0,1.8,4.8,10.0418410041841,37.5,X,O,0.0,False,3150
네이트커뮤니케이션즈,2025,의무,정보통신업(58~63),189.5,11570388148.0,1174867148.0,10.154085869652366,114.5,6.0,3.0,9.0,7.860262008733625,33.33333333333333,O,O,2.0,True,3151
넷마블,2025,의무,정보통신업(58~63),786.0,109968720601.0,5685455582.0,5.170066134195163,716.0,33.9,4.0,37.9,5.293296089385475,10.554089709762533,O,O,1.0,False,3152
대구가톨릭대학교의료원,2025,의무,교육 서비스업(85),2121.0,4313744438.0,583879693.0,13.535333429968018,20.2,2.1,0.0,2.1,10.396039603960396,0.0,O,O,1.0,False,3154
엘지,2025,의무,금융 및 보험업(64~66),204.6,9971682399.0,2255771085.0,22.621770276460246,15.9,0.8,2.0,2.8,17.61006289308176,71.42857142857143,O,O,1.0,False,3155
에이치디한국조선해양,2025,의무,금융 및 보험업(64~66),1335.8,32867567297.0,2691161631.0,8.187894183594285,156.1,12.0,1.8,13.8,8.840486867392698,13.043478260869565,O,O,1.0,False,3156
에이피위성,2025,의무,제조업(10~34),153.2,1072073643.0,229864137.0,21.441077159286156,4.0,1.0,0.0,1.0,25.0,0.0,O,O,0.0,False,3157
프라이빗테크놀로지,2025,자율,정보통신업(58~63),33.7,2444968453.0,53511485.0,2.188637032692217,25.7,0.2,0.0,0.2,0.7782101167315176,0.0,X,X,0.0,False,3158
유성기업,2025,의무,제조업(10~34),544.8,715504769.0,45891447.0,6.413856201704786,3.1,0.0,0.1,0.1,3.225806451612903,100.0,X,O,0.0,False,3159
엘에스일렉트릭,2022,의무,제조업(10~34),3344.3,27442372873.0,1434277536.0,5.226506988435963,71.8,2.0,1.8,3.8,5.2924791086350975,47.36842105263158,O,O,2.0,False,316
케이씨씨건설,2025,의무,건설업(41~42),1144.1,7314511968.0,518806502.0,7.09283824087934,27.0,0.0,0.0,0.0,0.0,,X,X,0.0,False,3160
넥센,2025,의무,제조업(10~34),785.7,2284168405.0,199539321.0,8.735753483115007,17.2,0.0,0.8,0.8,4.651162790697675,100.0,X,X,0.0,False,3161
드림마크원,2025,의무,정보통신업(58~63),6.2,8223684866.0,142302416.0,1.7303972406376495,19.7,0.0,3.1,3.1,15.736040609137056,100.0,O,O,0.0,False,3162
와이어블,2025,의무,정보통신업(58~63),177.7,279602175.0,15219708.0,5.443343922485582,2.0,0.0,0.0,0.0,0.0,,O,O,0.0,False,3163
샘표식품,2025,의무,제조업(10~34),789.2,2936026095.0,177124699.0,6.032803976151309,29.9,1.0,0.0,1.0,3.3444816053511706,0.0,O,O,0.0,False,3164
드림마크원인천,2025,의무,건설업(41~42),2.4,2357567836.0,75068794.0,3.1841626295414054,15.5,0.9,1.2,2.1,13.548387096774196,57.14285714285714,O,O,0.0,False,3165
에이치디현대에너지솔루션,2025,의무,제조업(10~34),226.7,547815787.0,12227282.0,2.2320061396843243,6.4,0.0,0.4,0.4,6.25,100.0,X,O,0.0,False,3166
아이티엠반도체,2025,의무,제조업(10~34),368.3,1913032427.0,203858987.0,10.656326788965611,5.9,1.0,0.0,1.0,16.94915254237288,0.0,O,O,0.0,False,3167
네이버클라우드,2025,의무,정보통신업(58~63),1954.6,651237359588.0,33253348017.0,5.1061794179064695,1474.1,47.2,36.3,83.5,5.664473237907877,43.47305389221556,O,X,0.0,False,3168
동아오츠카,2025,자율,제조업(10~34),869.9,3241787769.0,167513735.0,5.1673257762852645,8.0,1.1,0.0,1.1,13.750000000000002,0.0,X,O,2.0,False,3169
영남대학교의료원,2022,의무,보건업 및 사회복지 서비스업(86~87),2724.2,5637203021.0,549242837.0,9.743179994652174,38.2,2.0,0.0,2.0,5.235602094240837,0.0,O,O,2.0,False,317
드림라인,2025,의무,정보통신업(58~63),140.4,21778641399.0,793335465.0,3.6427224750411993,37.9,4.0,1.1,5.1,13.456464379947228,21.568627450980397,O,O,0.0,True,3170
인천도시가스,2025,의무,"전기, 가스, 증기 및 공기 조절 공급업(35)",212.2,1587841307.0,120570907.0,7.593385212266682,7.1,0.0,0.0,0.0,0.0,,O,O,0.0,False,3171
가비아,2025,의무,정보통신업(58~63),393.0,33469128823.0,1878427963.0,5.61241965075931,250.6,13.4,0.0,13.4,5.347166799680767,0.0,O,O,0.0,False,3172
삼호개발,2025,의무,건설업(41~42),1365.2,583056519.0,15909860.0,2.728699445344852,2.0,0.0,0.0,0.0,0.0,,X,O,3.0,False,3173
대신증권,2025,자율,금융 및 보험업(64~66),1453.4,68656412723.0,5641484733.0,8.216981501438239,182.1,10.0,4.3,14.3,7.852828116419551,30.069930069930066,O,O,3.0,False,3174
캐논코리아,2025,자율,제조업(10~34),1292.0,6558523678.0,966816835.0,14.741379043017004,25.8,5.0,0.0,5.0,19.37984496124031,0.0,O,O,4.0,False,3175
코웨이,2025,의무,"사업시설 관리, 사업 지원 및 임대 서비스업(74~76)",6210.0,73656829279.0,3386492422.0,4.597662504820186,387.4,10.2,0.8,11.0,2.8394424367578734,7.272727272727273,O,O,0.0,False,3176
한미글로벌건축사사무소,2025,자율,"전문, 과학 및 기술 서비스업(70~73)",1177.0,2769816810.0,84261731.0,3.0421409349450803,13.0,0.0,0.0,0.0,0.0,,X,X,0.0,False,3177
포스코퓨처엠,2025,의무,제조업(10~34),3009.9,17954002009.0,1819641415.0,10.135018443731088,56.7,9.1,2.0,11.1,19.576719576719576,18.01801801801802,O,O,4.0,False,3178
아이에스동서,2025,의무,건설업(41~42),595.4,1410029880.0,82803947.0,5.872495907675375,6.6,0.0,0.0,0.0,0.0,,O,O,0.0,False,3179
인제대학교부산백병원,2022,의무,보건업 및 사회복지 서비스업(86~87),2289.4,4048308722.0,457680094.0,11.305464218002887,20.8,1.0,0.0,1.0,4.8076923076923075,0.0,O,O,2.0,False,318
파마리서치,2025,의무,제조업(10~34),423.3,2536749299.0,179697476.0,7.0837696129782195,3.5,0.6,0.0,0.6,17.142857142857142,0.0,O,O,0.0,False,3180
학교법인가톨릭학원가톨릭대학교인천성모병원,2025,의무,보건업 및 사회복지 서비스업(86~87),2447.9,5633483096.0,519761901.0,9.226297339368106,25.1,1.0,0.9,1.9,7.569721115537847,47.36842105263158,O,O,6.0,False,3181
휴비스,2025,의무,제조업(10~34),741.3,7045057782.0,464382920.0,6.591612650594439,19.0,0.0,3.0,3.0,15.789473684210526,100.0,O,O,11.0,False,3182
네이버웹툰유한회사,2025,의무,정보통신업(58~63),767.9,52433200075.0,3802154626.0,7.251425853393329,222.3,13.5,1.9,15.4,6.927575348627981,12.337662337662337,O,O,0.0,False,3183
토스뱅크,2025,자율,금융 및 보험업(64~66),599.3,96675749359.0,9476643559.0,9.80250333908353,324.3,25.6,1.6,27.2,8.387295713845203,5.882352941176471,O,O,8.0,False,3184
오씨아이홀딩스,2025,의무,제조업(10~34),,,,,,,,,,,X,O,0.0,False,3186
오씨아이,2025,의무,제조업(10~34),1672.2,13716522806.0,651974426.0,4.753204840769175,33.2,2.0,3.0,5.0,15.06024096385542,60.0,O,O,0.0,False,3187
세진중공업,2025,의무,제조업(10~34),327.6,959201683.0,56314830.0,5.871010341002498,7.3,0.0,0.0,0.0,0.0,,O,O,3.0,False,3188
크라운제과,2025,의무,제조업(10~34),1307.8,1613392107.0,258180731.0,16.00235490677283,9.0,1.0,0.0,1.0,11.11111111111111,0.0,X,O,0.0,False,3189
대원전선,2022,의무,제조업(10~34),157.8,345082976.0,2848000.0,0.8253087512494386,2.7,0.0,0.0,0.0,0.0,,O,O,,False,319
네이버제트,2025,자율,정보통신업(58~63),351.3,34886300307.0,621411766.0,1.7812486865375996,144.8,2.0,0.6,2.6,1.7955801104972375,23.076923076923077,X,O,0.0,False,3190
웅진씽크빅,2025,의무,정보통신업(58~63),1893.7,42011704230.0,1962433722.0,4.6711595208238474,194.8,3.4,1.1,4.5,2.3100616016427105,24.444444444444446,X,X,0.0,False,3191
크림,2025,자율,정보통신업(58~63),189.8,8291539589.0,253290369.0,3.054805036883965,62.4,1.0,0.2,1.2,1.9230769230769231,16.666666666666668,X,O,0.0,False,3192
성도이엔지,2025,의무,건설업(41~42),554.9,845524969.0,123464429.0,14.602103252612519,2.9,0.9,0.0,0.9,31.03448275862069,0.0,X,O,0.0,False,3193
파트론,2025,의무,제조업(10~34),541.0,995167710.0,37327000.0,3.750825074499252,8.0,0.0,1.0,1.0,12.5,100.0,X,O,0.0,False,3194
동아쏘시오홀딩스,2025,자율,금융 및 보험업(64~66),97.0,3139386676.0,270093344.0,8.603379318158257,9.9,1.8,0.2,2.0,20.2020202020202,10.0,O,O,2.0,False,3195
에스티팜,2025,자율,제조업(10~34),677.0,3316555753.0,92421743.0,2.7866784062471934,11.2,0.0,0.5,0.5,4.464285714285714,100.0,O,O,2.0,False,3196
현대건설,2025,의무,건설업(41~42),8139.0,37760501834.0,4208527555.0,11.145316800876286,88.3,7.6,8.1,15.7,17.780294450736125,51.59235668789809,X,X,6.0,False,3197
한국카본,2025,의무,제조업(10~34),800.9,1803485511.0,353763210.0,19.61552825582972,5.3,2.3,0.0,2.3,43.39622641509433,0.0,O,O,0.0,False,3198
엘앤에프,2025,의무,제조업(10~34),1715.1,6649527890.0,1526695204.0,22.95945259957395,27.6,9.3,0.0,9.3,33.69565217391305,0.0,X,O,1.0,False,3199
위대한상상,2022,자율,도매 및 소매업(45~47),1079.8,37402989163.0,1977829521.0,5.287891597061231,257.8,7.7,0.4,8.1,3.1419705197827774,4.938271604938272,O,O,,False,320
휴온스,2025,의무,제조업(10~34),1020.2,3486825066.0,277858506.0,7.96881118899241,15.3,0.0,3.1,3.1,20.26143790849673,100.0,O,O,0.0,False,3200
한국오라클유한회사,2025,의무,정보통신업(58~63),,,,,,,,,,,O,O,0.0,False,3201
인탑스,2025,자율,제조업(10~34),340.0,697320644.0,87349650.0,12.526468383173237,6.0,1.0,0.0,1.0,16.666666666666664,0.0,X,O,1.0,False,3202
엔에이치투자증권,2025,자율,금융 및 보험업(64~66),3095.4,132110735339.0,9988398211.0,7.560625701892794,309.2,27.8,5.0,32.8,10.608020698576972,15.243902439024392,O,O,3.0,False,3203
에스와이,2025,의무,제조업(10~34),307.0,412889676.0,54066201.0,13.094587765861213,2.0,0.0,0.0,0.0,0.0,,O,O,0.0,False,3204
동서,2025,의무,도매 및 소매업(45~47),282.0,1302358647.0,123902308.0,9.513685672177212,0.0,0.0,0.0,0.0,,,O,O,2.0,False,3205
헥토이노베이션,2025,의무,정보통신업(58~63),193.5,12165727490.0,1431270720.0,11.764777085270714,73.2,4.8,0.8,5.6,7.650273224043715,14.285714285714288,O,O,0.0,True,3206
한국제지,2025,의무,제조업(10~34),779.8,3638294422.0,62440732.0,1.7162088813492948,11.3,0.0,0.0,0.0,0.0,,O,O,0.0,True,3207
신라교역,2025,의무,"농업, 임업 및 어업(01~03)",527.1,791189811.0,26676667.0,3.3717151850429983,5.0,0.0,0.0,0.0,0.0,,O,O,0.0,False,3208
한양이엔지,2025,의무,건설업(41~42),2284.3,4559114656.0,299731387.0,6.574333168075516,9.0,0.0,0.0,0.0,0.0,,X,O,0.0,False,3209
아이마켓코리아,2022,의무,도매 및 소매업(45~47),444.7,10786133308.0,1181123072.0,10.950384519389996,47.0,1.0,0.2,1.2,2.553191489361702,16.666666666666668,O,O,,False,321
한국콜마,2025,의무,제조업(10~34),1194.9,10855221464.0,1074867073.0,9.901843795307757,14.1,2.4,0.0,2.4,17.02127659574468,0.0,O,X,0.0,False,3210
대한해운,2025,의무,운수 및 창고업(49~52),206.8,728656703.0,25006550.0,3.4318698911358263,3.0,0.0,0.0,0.0,0.0,,X,O,0.0,False,3211
솔브레인,2025,의무,제조업(10~34),1148.8,4979399290.0,1315791073.0,26.424694955523442,13.6,5.6,0.0,5.6,41.17647058823529,0.0,O,O,0.0,False,3212
제우스,2025,의무,제조업(10~34),610.5,2667072722.0,139740330.0,5.239464557802185,5.3,0.3,0.0,0.3,5.660377358490567,0.0,O,O,0.0,False,3213
강남제비스코,2025,의무,제조업(10~34),648.3,1026766631.0,93292990.0,9.086094851869023,2.2,0.0,0.1,0.1,4.545454545454546,100.0,O,O,0.0,False,3214
대림,2025,자율,도매 및 소매업(45~47),522.4,19842407246.0,1703856003.0,8.586942006965801,67.9,2.8,5.8,8.6,12.665684830633284,67.44186046511628,X,X,0.0,False,3215
주성엔지니어링,2025,의무,제조업(10~34),519.3,3241761531.0,518893196.0,16.006519635635716,3.8,1.0,0.0,1.0,26.31578947368421,0.0,O,O,0.0,False,3216
일신방직,2025,의무,제조업(10~34),592.5,427459219.0,22814759.0,5.3372948777132345,3.0,0.0,0.0,0.0,0.0,,X,X,0.0,False,3217
분당서울대학교병원,2025,자율,보건업 및 사회복지 서비스업(86~87),5378.5,24505460331.0,1532775189.0,6.254831242900597,95.9,4.7,1.0,5.7,5.943691345151199,17.543859649122805,X,X,4.0,False,3218
에이치제이중공업,2022,의무,건설업(41~42),2292.1,7533865438.0,640761458.0,8.505082328230456,36.9,0.0,0.0,0.0,0.0,,X,O,,False,322
롯데웰푸드,2025,의무,제조업(10~34),6899.0,43068656388.0,3583502654.0,8.320442183560788,92.4,2.1,2.3,4.4,4.761904761904763,52.27272727272726,O,O,1.0,False,3220
한세실업,2025,의무,제조업(10~34),441.3,4050164773.0,309398937.0,7.639169128687693,12.0,1.0,0.0,1.0,8.333333333333332,0.0,X,O,0.0,False,3221
사조대림,2025,의무,제조업(10~34),872.4,3915384607.0,242439681.0,6.1919761488197524,14.1,0.0,0.7,0.7,4.964539007092198,100.0,O,O,2.0,False,3222
씨엠비,2025,의무,정보통신업(58~63),315.7,18327284603.0,685541097.0,3.740549196730341,98.1,7.1,0.0,7.1,7.237512742099899,0.0,O,O,0.0,True,3223
에스케이케미칼,2025,의무,제조업(10~34),1447.4,26918045102.0,1796552733.0,6.674157525898925,89.3,3.0,6.4,9.4,10.526315789473685,68.08510638297872,O,O,1.0,False,3224
엔비티,2025,의무,"전문, 과학 및 기술 서비스업(70~73)",76.3,6416768684.0,259708212.0,4.047336358681182,28.5,2.0,0.5,2.5,8.771929824561402,20.0,O,O,0.0,True,3225
현대비앤지스틸,2025,의무,제조업(10~34),503.2,8673456990.0,617516131.0,7.1196079223308635,20.1,0.0,0.0,0.0,0.0,,O,O,1.0,False,3226
오뚜기,2025,의무,제조업(10~34),3346.3,17359005442.0,1373523289.0,7.912453818792921,88.6,2.5,3.5,6.0,6.772009029345373,58.333333333333336,X,X,0.0,False,3227
유진기업,2025,의무,제조업(10~34),680.7,8320229626.0,416608601.0,5.007176721398818,26.8,0.0,1.1,1.1,4.104477611940299,100.0,X,O,0.0,False,3228
동국씨엠,2025,의무,제조업(10~34),1401.5,10407562439.0,390723616.0,3.754227930796275,45.3,0.0,1.5,1.5,3.3112582781456954,100.0,X,O,0.0,False,3229
호텔롯데,2022,자율,숙박 및 음식점업(55~56),3634.0,80631414093.0,12962053146.0,16.07568624686355,334.0,13.7,10.9,24.6,7.365269461077845,44.30894308943089,O,X,3.0,False,323
선진,2025,의무,제조업(10~34),428.6,7274586342.0,476941786.0,6.556273629558358,41.7,2.9,0.0,2.9,6.954436450839328,0.0,O,O,0.0,False,3230
해태제과식품,2025,의무,제조업(10~34),1552.4,2816648787.0,225586498.0,8.009038934537207,18.7,1.0,0.0,1.0,5.347593582887701,0.0,X,O,0.0,False,3231
고신대학교복음병원,2025,의무,보건업 및 사회복지 서비스업(86~87),1819.0,3233935785.0,115823450.0,3.581501232560807,19.1,1.0,0.1,1.1,5.7591623036649215,9.090909090909092,O,O,0.0,False,3232
삼양패키징,2025,의무,제조업(10~34),534.6,3770492588.0,151190722.0,4.009840053291201,8.7,0.0,0.3,0.3,3.4482758620689653,100.0,O,O,0.0,False,3233
포스코이앤씨,2025,자율,건설업(41~42),6298.6,41627310595.0,3402626345.0,8.174023967353541,107.9,5.9,4.2,10.1,9.360518999073216,41.584158415841586,O,O,1.0,False,3234
아시아나항공,2025,의무,운수 및 창고업(49~52),7700.2,124876550455.0,3489051749.0,2.7940007441647747,213.4,8.0,7.5,15.5,7.2633552014995315,48.38709677419355,O,O,1.0,False,3235
세아제강,2025,의무,제조업(10~34),776.0,8935734033.0,111990925.0,1.2532929537340003,23.8,0.0,2.6,2.6,10.92436974789916,100.0,O,O,0.0,False,3236
코스콤,2025,의무,정보통신업(58~63),821.7,150560157355.0,11649550207.0,7.737472125199746,641.1,25.3,5.0,30.3,4.7262517547964435,16.5016501650165,O,O,0.0,False,3237
가온전선,2025,의무,제조업(10~34),475.3,2489311115.0,267329914.0,10.739112214183802,13.4,0.0,1.6,1.6,11.940298507462686,100.0,O,X,0.0,False,3239
씨제이씨지브이,2022,의무,정보통신업(58~63),1072.3,27797062263.0,1356906668.0,4.881475082372808,53.9,2.1,0.0,2.1,3.8961038961038965,0.0,X,X,,False,324
에이치제이중공업,2025,의무,건설업(41~42),2430.1,7515419674.0,498546937.0,6.633653989074623,36.5,0.0,0.0,0.0,0.0,,X,O,0.0,False,3240
CJ제일제당,2025,의무,제조업(10~34),8689.0,62649255030.0,5702459764.0,9.102198839027439,243.6,18.0,17.6,35.6,14.614121510673236,49.438202247191015,X,O,0.0,False,3241
패스트레인,2025,자율,"전문, 과학 및 기술 서비스업(70~73)",67.9,2690974530.0,231814380.0,8.614514088321751,18.7,2.0,0.3,2.3,12.29946524064171,13.043478260869565,O,O,5.0,False,3242
현대제철,2025,의무,제조업(10~34),11747.2,119125758863.0,7634424976.0,6.408710466037772,263.9,16.9,6.0,22.9,8.67752936718454,26.200873362445414,X,O,0.0,False,3243
한독,2025,의무,제조업(10~34),983.6,9306984636.0,664771815.0,7.142719591785088,20.3,0.0,0.3,0.3,1.477832512315271,100.0,O,O,0.0,False,3244
경남스틸,2025,의무,제조업(10~34),111.6,85544507.0,6420000.0,7.504865274400377,0.0,0.0,0.0,0.0,,,O,O,0.0,False,3245
지엔텔,2025,의무,건설업(41~42),251.9,1882194731.0,61862225.0,3.2867069480708264,17.8,0.0,0.0,0.0,0.0,,O,O,0.0,False,3246
빙그레,2025,의무,제조업(10~34),1937.4,7505382026.0,544483969.0,7.254580341331182,22.0,0.0,1.0,1.0,4.545454545454546,100.0,O,O,3.0,False,3247
도화엔지니어링,2025,의무,"전문, 과학 및 기술 서비스업(70~73)",2753.5,6122861052.0,266302064.0,4.349307647819542,10.0,0.0,0.0,0.0,0.0,,O,O,0.0,False,3248
경희의료원,2025,의무,보건업 및 사회복지 서비스업(86~87),3106.3,7376091760.0,653242888.0,8.856219652017995,33.0,2.0,0.0,2.0,6.0606060606060606,0.0,X,O,1.0,False,3249
가톨릭대학교서울성모병원,2022,의무,보건업 및 사회복지 서비스업(86~87),4601.3,23730225071.0,880803342.0,3.711736148159857,55.0,3.8,0.8,4.6,8.363636363636363,17.39130434782609,X,X,3.0,False,325
동원에프앤비,2025,의무,제조업(10~34),3234.1,8163731417.0,234566164.0,2.873271449273109,37.0,0.2,1.0,1.2,3.2432432432432434,83.33333333333334,O,O,0.0,False,3250
롯데지주,2025,의무,금융 및 보험업(64~66),311.0,14872271586.0,2065776498.0,13.890120860518826,44.2,3.9,2.1,6.0,13.574660633484163,35.0,O,O,0.0,False,3251
케이티씨에스,2025,의무,"사업시설 관리, 사업 지원 및 임대 서비스업(74~76)",9295.9,12243408285.0,716329355.0,5.850734847073672,48.3,3.0,0.0,3.0,6.211180124223603,0.0,O,O,0.0,False,3252
더본코리아,2025,의무,도매 및 소매업(45~47),732.0,2060109118.0,249290346.0,12.100832126893193,6.0,2.0,0.0,2.0,33.33333333333333,0.0,X,O,0.0,False,3253
씨티알모빌리티,2025,의무,제조업(10~34),159.9,2427022682.0,74732257.0,3.0791742308076215,26.5,0.0,5.0,5.0,18.867924528301888,100.0,O,O,0.0,False,3254
카카오,2025,의무,정보통신업(58~63),3976.3,722173576541.0,31327055042.0,4.337884417212746,3165.9,72.9,18.4,91.3,2.883856091474778,20.153340635268346,O,X,0.0,True,3256
국민은행,2025,자율,금융 및 보험업(64~66),16280.8,567282446843.0,42511775900.0,7.4939346592836635,1884.9,65.7,31.4,97.1,5.151466921322085,32.33779608650875,O,O,2.0,False,3257
덴티움,2025,의무,제조업(10~34),858.3,2947633772.0,116261653.0,3.94423669942943,30.6,1.9,2.0,3.9,12.745098039215685,51.28205128205129,X,X,0.0,False,3258
빗썸,2025,의무,정보통신업(58~63),448.5,95317527118.0,10642550668.0,11.165365898367115,311.9,28.0,3.8,31.8,10.195575504969542,11.949685534591193,X,O,0.0,True,3259
한화엔진,2022,의무,제조업(10~34),772.0,5718167758.0,130684445.0,2.2854251664296834,25.0,0.0,0.0,0.0,0.0,,X,O,0.0,False,326
남인천방송,2025,의무,정보통신업(58~63),89.0,2923339850.0,255256439.0,8.731671721301922,11.0,2.0,0.0,2.0,18.181818181818183,0.0,O,O,0.0,False,3260
엘지이노텍,2025,의무,제조업(10~34),14159.8,230378643647.0,8774106877.0,3.8085591346931507,540.5,8.2,7.9,16.1,2.9787234042553195,49.06832298136646,O,O,0.0,False,3261
애경산업,2025,의무,제조업(10~34),919.4,8147920757.0,622908112.0,7.644994724142971,67.0,1.0,2.0,3.0,4.477611940298507,66.66666666666666,X,X,0.0,False,3262
팜스코,2025,의무,제조업(10~34),501.1,2294046721.0,79821167.0,3.4794917762269937,11.0,0.0,2.0,2.0,18.181818181818183,100.0,O,O,0.0,False,3263
건양대학교병원,2025,의무,보건업 및 사회복지 서비스업(86~87),1796.0,2607216760.0,146654366.0,5.624939523632089,34.7,1.0,4.9,5.9,17.0028818443804,83.05084745762711,O,X,6.0,False,3264
롯데케미칼,2025,의무,제조업(10~34),4796.3,31359452024.0,2051488088.0,6.541849284961855,72.7,4.0,1.0,5.0,6.87757909215956,20.0,X,X,1.0,False,3265
에스케이이터닉스,2025,의무,"전기, 가스, 증기 및 공기 조절 공급업(35)",90.6,1678994208.0,22203665.0,1.3224384511992313,5.8,0.0,0.3,0.3,5.172413793103448,100.0,O,O,1.0,False,3266
고려제강,2025,의무,제조업(10~34),805.0,2016041804.0,490796835.0,24.34457628935159,8.0,2.0,0.0,2.0,25.0,0.0,X,O,0.0,False,3267
엘지디스플레이,2025,의무,제조업(10~34),26885.2,256976217343.0,11953461932.0,4.651582957984423,673.6,24.2,10.2,34.4,5.10688836104513,29.651162790697672,O,O,1.0,False,3268
하림,2025,의무,제조업(10~34),2420.0,4097966699.0,300594773.0,7.335217562245007,12.7,0.0,0.0,0.0,0.0,,X,O,0.0,False,3269
정보보호공시우수기업(고시성실성및다양한정보보호노력평가를통해공시연도에과학기술정보통신부장관표창을수여받은자)엔에이치엔,2022,의무,정보통신업(58~63),944.5,93327133672.0,7661810037.0,8.209627506538,604.1,31.8,0.3,32.1,5.313689786459196,0.9345794392523363,O,X,1.0,False,327
이엔에프테크놀로지,2025,의무,제조업(10~34),580.9,2294978956.0,182397793.0,7.947689129050123,11.5,0.8,0.1,0.9,7.82608695652174,11.111111111111112,O,O,4.0,False,3270
한솔로지스틱스,2025,의무,운수 및 창고업(49~52),267.0,4039778876.0,163744467.0,4.053302718443147,27.2,0.0,1.2,1.2,4.411764705882353,100.0,O,O,0.0,False,3271
벽산,2025,의무,제조업(10~34),342.5,2027850377.0,84394128.0,4.161753202169314,5.1,0.0,0.1,0.1,1.9607843137254906,100.0,X,O,0.0,False,3272
고려대학교의료원,2025,의무,보건업 및 사회복지 서비스업(86~87),4061.8,13874763696.0,378228413.0,2.726016970718144,66.5,3.2,0.4,3.6,5.413533834586466,11.111111111111112,O,X,4.0,False,3273
고려대학교구로병원,2025,의무,보건업 및 사회복지 서비스업(86~87),3038.1,4447290221.0,109223863.0,2.4559643641929974,14.6,0.0,0.4,0.4,2.7397260273972606,100.0,O,X,4.0,False,3274
고려대학교안산병원,2025,의무,보건업 및 사회복지 서비스업(86~87),2244.3,5829755348.0,111842024.0,1.9184685689832486,14.6,0.0,0.4,0.4,2.7397260273972606,100.0,O,X,4.0,False,3275
금호건설,2025,의무,건설업(41~42),1215.0,4847597201.0,289560020.0,5.973268982420142,14.0,0.5,0.5,1.0,7.142857142857142,50.0,O,O,0.0,False,3276
지엠비코리아,2025,의무,제조업(10~34),746.2,4175018093.0,217734050.0,5.215164225636807,12.0,0.0,0.0,0.0,0.0,,O,O,0.0,False,3277
에이치디씨랩스,2025,의무,건설업(41~42),5668.7,3975683959.0,80700665.0,2.0298561412889207,5.1,0.0,0.0,0.0,0.0,,O,O,0.0,False,3278
삼양식품,2025,의무,제조업(10~34),2227.8,8882063241.0,294688771.0,3.317796361094385,30.4,1.7,0.0,1.7,5.592105263157895,0.0,O,O,0.0,False,3279
경희의료원,2022,의무,보건업 및 사회복지 서비스업(86~87),3129.7,6654147086.0,548332259.0,8.240458948580565,29.7,2.0,0.0,2.0,6.7340067340067336,0.0,X,O,1.0,False,328
에스엘,2025,의무,제조업(10~34),4741.1,34324321021.0,1891084906.0,5.509460492584874,48.0,3.0,1.0,4.0,8.333333333333332,25.0,X,O,1.0,False,3280
정보보호공시우수기업(고시성실성및다양한정보보호노력평가를통해공시연도에과학기술정보통신부장관표창을수여받은자)(주)엘지씨엔에스,2025,의무,정보통신업(58~63),6904.2,428498225628.0,27366969829.0,6.386717188593119,3021.2,104.5,120.6,225.1,7.45068184827221,53.57618836072856,O,O,0.0,False,3282
동방,2025,의무,운수 및 창고업(49~52),848.0,7528878015.0,1196227194.0,15.888518735683089,18.4,0.0,4.0,4.0,21.73913043478261,100.0,X,O,0.0,False,3283
스튜디오드래곤,2025,의무,정보통신업(58~63),175.9,3079801351.0,131171721.0,4.259096806922598,20.7,0.0,1.2,1.2,5.797101449275362,100.0,X,O,0.0,False,3284
에스케이텔링크,2025,의무,정보통신업(58~63),164.0,22448979089.0,1866665107.0,8.315144753797139,83.6,3.0,2.9,5.9,7.0574162679425845,49.15254237288135,O,O,1.0,False,3286
에프앤에프,2025,의무,제조업(10~34),682.1,25651813661.0,859625401.0,3.3511291340266527,111.6,3.8,2.0,5.8,5.197132616487455,34.48275862068966,X,O,0.0,False,3287
위메이드,2025,의무,정보통신업(58~63),583.9,78940128296.0,3188756504.0,4.039462023729164,265.2,15.1,1.0,16.1,6.070889894419307,6.211180124223602,O,O,0.0,False,3288
국보디자인,2025,의무,건설업(41~42),344.0,1117673811.0,22710000.0,2.031898732572164,0.0,0.0,0.0,0.0,,,X,O,0.0,False,3289
토스페이먼츠,2025,자율,금융 및 보험업(64~66),373.0,35160559377.0,3593611950.0,10.220576730501998,189.0,12.0,1.0,13.0,6.878306878306878,7.6923076923076925,O,O,0.0,False,3290
피씨디렉트,2025,의무,도매 및 소매업(45~47),97.5,309250574.0,9166352.0,2.9640533504717115,2.0,0.0,0.0,0.0,0.0,,O,O,1.0,False,3292
코스모신소재,2025,의무,제조업(10~34),468.0,1339351024.0,106953022.0,7.985436236169257,4.0,0.0,0.0,0.0,0.0,,O,O,0.0,False,3293
한미반도체,2025,의무,제조업(10~34),673.6,2096975836.0,569016495.0,27.135100234888927,10.0,3.0,0.0,3.0,30.0,0.0,O,O,0.0,False,3294
자이에스앤디,2025,의무,건설업(41~42),2161.4,10896514762.0,515967783.0,4.7351634377568335,23.3,0.0,0.0,0.0,0.0,,O,O,0.0,False,3295
누리랩,2025,자율,정보통신업(58~63),31.3,1148865476.0,391391206.0,34.0676270787338,18.5,5.7,0.0,5.7,30.810810810810814,0.0,X,X,0.0,False,3296
제이더블유중외제약,2025,의무,도매 및 소매업(45~47),1136.8,9843399246.0,979509653.0,9.950928825710664,25.9,0.0,3.1,3.1,11.969111969111971,100.0,X,O,0.0,False,3297
효성,2025,의무,금융 및 보험업(64~66),641.0,2625723429.0,306925112.0,11.68916377902343,10.3,0.4,0.5,0.9,8.737864077669903,55.55555555555556,X,X,0.0,False,3298
남해화학,2025,의무,제조업(10~34),522.6,3163204353.0,39406400.0,1.2457747145746925,16.7,0.0,4.5,4.5,26.94610778443114,100.0,O,X,0.0,False,3299
깨끗한나라,2025,의무,제조업(10~34),621.9,6228143227.0,496981691.0,7.979612428396068,20.7,3.0,0.1,3.1,14.975845410628018,3.225806451612903,X,O,0.0,False,3301
(학)가톨릭학원가톨릭대학교성빈센트병원,2025,의무,보건업 및 사회복지 서비스업(86~87),2357.8,1739810676.0,147211816.0,8.461369850796341,52.2,1.0,0.0,1.0,1.9157088122605364,0.0,O,O,5.0,False,3302
디비아이엔씨(DBInc.),2025,의무,정보통신업(58~63),604.6,4239429806.0,723686929.0,17.070383568464255,23.0,4.1,0.2,4.3,18.695652173913043,4.651162790697675,O,O,0.0,False,3303
두올,2025,의무,제조업(10~34),643.8,720479329.0,92641249.0,12.858279935467795,4.3,0.0,0.0,0.0,0.0,,X,X,0.0,False,3304
쿠팡,2025,의무,도매 및 소매업(45~47),11302.8,1917113040619.0,88979772643.0,4.641341994850241,3076.9,162.7,48.9,211.6,6.877051577886833,23.109640831758032,O,X,1.0,True,3305
스푼랩스,2025,자율,정보통신업(58~63),121.8,8772125321.0,648981428.0,7.398223397998807,49.9,3.0,0.0,3.0,6.012024048096193,0.0,X,O,11.0,False,3306
(학)성균관대학삼성창원병원,2025,의무,교육 서비스업(85),2032.5,7963319222.0,1069628645.0,13.43194483582891,23.0,2.0,0.0,2.0,8.695652173913043,0.0,X,O,4.0,False,3307
아세아제지,2025,의무,제조업(10~34),285.8,728355753.0,50007668.0,6.865830027980846,6.0,0.0,0.0,0.0,0.0,,O,O,0.0,False,3308
원주세브란스기독병원,2025,의무,보건업 및 사회복지 서비스업(86~87),2173.9,4867904234.0,424782894.0,8.726196604959751,25.7,1.0,0.0,1.0,3.8910505836575875,0.0,O,O,1.0,False,3309
녹십자,2025,의무,제조업(10~34),2316.4,20975927362.0,1796891022.0,8.566443766654382,53.4,3.0,0.0,3.0,5.617977528089887,0.0,O,O,0.0,False,3310
서한,2025,의무,건설업(41~42),415.5,885019862.0,37144527.0,4.197027501287875,5.0,0.0,1.0,1.0,20.0,100.0,O,X,0.0,False,3311
케이지모빌리티,2025,의무,제조업(10~34),4176.5,19684791384.0,825810393.0,4.195169645898443,54.9,1.0,0.8,1.8,3.278688524590164,44.44444444444445,X,O,0.0,False,3313
제일약품,2025,의무,도매 및 소매업(45~47),1003.2,1210526414.0,207298374.0,17.124646897626473,6.8,0.0,1.5,1.5,22.058823529411764,100.0,X,X,0.0,False,3314
삼성물산,2025,의무,건설업(41~42),10485.3,191654933605.0,14622863453.0,7.629787127284529,744.6,22.5,14.1,36.6,4.915390813859791,38.52459016393443,O,X,0.0,False,3316
사조오양,2025,의무,제조업(10~34),896.8,1221912074.0,64487334.0,5.277575643302793,3.4,0.0,0.2,0.2,5.882352941176471,100.0,O,O,2.0,False,3317
지니언스,2025,자율,정보통신업(58~63),193.3,6984854009.0,920141560.0,13.17338284829426,72.7,9.0,0.0,9.0,12.379642365887207,0.0,O,O,0.0,False,3319
데이콤크로싱,2025,의무,정보통신업(58~63),16.0,18587272408.0,116308858.0,0.6257446248538351,7.0,0.0,0.2,0.2,2.857142857142857,100.0,O,O,0.0,False,3320
동성케미컬,2025,의무,제조업(10~34),620.7,2764866193.0,245441114.0,8.877142576425578,15.6,1.0,1.1,2.1,13.461538461538463,52.38095238095239,X,X,0.0,False,3321
케이티아이에스,2025,의무,"사업시설 관리, 사업 지원 및 임대 서비스업(74~76)",8154.4,18094716138.0,1071130939.0,5.919578571064512,55.2,3.5,0.0,3.5,6.340579710144927,0.0,O,O,0.0,False,3322
대우건설,2025,의무,건설업(41~42),5908.4,23357792441.0,1839593420.0,7.87571610051195,73.7,6.9,1.0,7.9,10.719131614654003,12.658227848101264,X,O,0.0,False,3323
이노피아테크,2025,의무,제조업(10~34),55.0,81918625.0,69471600.0,84.80562265296811,1.0,1.0,0.0,1.0,100.0,0.0,O,O,3.0,False,3324
인카금융서비스,2025,의무,금융 및 보험업(64~66),366.5,4669389233.0,230430983.0,4.934927706850263,22.4,1.0,0.0,1.0,4.464285714285714,0.0,X,O,0.0,False,3325
카카오헬스케어,2025,자율,정보통신업(58~63),208.5,19241948955.0,970774557.0,5.045094752461368,137.4,4.7,0.9,5.6,4.075691411935953,16.071428571428573,X,X,4.0,False,3326
효성ITX,2025,의무,"사업시설 관리, 사업 지원 및 임대 서비스업(74~76)",8455.9,9268169838.0,823896326.0,8.889525552520414,46.5,5.0,0.0,5.0,10.75268817204301,0.0,O,O,0.0,False,3327
국도화학,2025,의무,제조업(10~34),827.8,7684055107.0,993784709.0,12.933076287996487,15.8,2.0,1.0,3.0,18.987341772151897,33.33333333333333,O,O,0.0,False,3328
아모레퍼시픽,2025,의무,제조업(10~34),4711.6,132465474041.0,7820429300.0,5.903749151706854,647.1,13.7,22.8,36.5,5.640550146808839,62.465753424657535,O,O,2.0,False,3330
태웅로직스,2025,의무,운수 및 창고업(49~52),364.7,1418032077.0,135285371.0,9.540360418800315,10.0,0.0,0.0,0.0,0.0,,O,O,1.0,False,3331
에어부산,2025,의무,운수 및 창고업(49~52),1263.8,17154898136.0,1119823959.0,6.527721412988284,36.4,4.5,1.6,6.1,16.758241758241756,26.229508196721312,X,O,0.0,False,3332
인제대학교부산백병원,2025,의무,보건업 및 사회복지 서비스업(86~87),2304.0,4500772281.0,915036735.0,20.33066055936279,8.7,1.0,0.0,1.0,11.49425287356322,0.0,O,O,2.0,False,3333
에이치에스화성,2025,의무,건설업(41~42),430.1,1117692298.0,91574337.0,8.193161674627556,3.0,0.0,0.0,0.0,0.0,,O,O,0.0,False,3334
디와이덕양,2025,의무,제조업(10~34),879.3,2533228045.0,100738894.0,3.976700565858452,10.0,0.0,0.0,0.0,0.0,,X,X,0.0,False,3335
효성중공업,2025,의무,제조업(10~34),3989.0,38261158882.0,1913840176.0,5.002044454279109,104.7,5.3,2.6,7.9,7.545367717287488,32.91139240506329,X,X,0.0,False,3336
에코플라스틱,2025,의무,제조업(10~34),606.3,3281913674.0,106111809.0,3.2332297415571816,2.4,0.0,0.0,0.0,0.0,,O,O,1.0,False,3337
대한전선,2025,의무,제조업(10~34),1085.4,3688288979.0,312273087.0,8.466611178733238,17.9,0.0,2.1,2.1,11.731843575418996,100.0,O,O,0.0,False,3338
원익아이피에스,2025,의무,제조업(10~34),1578.5,8766566749.0,1327513640.0,15.142913731323942,14.7,3.0,0.0,3.0,20.408163265306122,0.0,O,O,0.0,False,3339
한국종합기술,2025,의무,"전문, 과학 및 기술 서비스업(70~73)",1793.8,4924064529.0,575819960.0,11.69399703453805,7.2,2.5,0.0,2.5,34.72222222222222,0.0,O,O,0.0,False,3341
원광대학교병원,2025,의무,보건업 및 사회복지 서비스업(86~87),2240.8,23164548985.0,327370754.0,1.4132403536627718,22.5,2.0,0.0,2.0,8.88888888888889,0.0,O,O,2.0,False,3342
동아에스티,2025,의무,제조업(10~34),1659.7,13023586090.0,953215375.0,7.319146726660137,45.9,1.0,6.0,7.0,15.250544662309368,85.71428571428571,O,O,2.0,False,3343
엘지생활건강,2025,의무,제조업(10~34),4568.3,58895413947.0,4780075080.0,8.116209327099035,223.9,6.9,10.5,17.4,7.771326485037963,60.344827586206904,O,O,0.0,False,3344
한샘,2025,의무,도매 및 소매업(45~47),2114.1,33937135342.0,1605118410.0,4.729681494399834,173.8,4.0,1.4,5.4,3.1070195627157653,25.925925925925924,X,O,0.0,False,3345
현대디에프,2025,자율,도매 및 소매업(45~47),395.4,10663678764.0,633437688.0,5.940142253144865,45.7,2.2,1.0,3.2,7.00218818380744,31.25,O,O,4.0,False,3347
골프존,2025,의무,정보통신업(58~63),548.8,41466274678.0,3013025600.0,7.266207594960456,526.3,8.9,53.0,61.9,11.761352840585218,85.62197092084006,O,O,1.0,False,3348
토비스,2025,의무,제조업(10~34),469.9,1718325770.0,79365094.0,4.618745489686743,4.0,0.0,0.0,0.0,0.0,,X,O,0.0,False,3349
진성티이씨,2025,자율,제조업(10~34),225.5,1576915748.0,316530161.0,20.07273764634888,7.9,1.0,0.8,1.8,22.78481012658228,44.44444444444445,O,O,0.0,False,3350
사조동아원,2025,의무,제조업(10~34),381.5,909371434.0,46741329.0,5.139960114471773,6.5,0.0,0.3,0.3,4.615384615384615,100.0,O,O,2.0,False,3351
에스씨케이컴퍼니,2025,의무,숙박 및 음식점업(55~56),21820.1,69188874507.0,4145794758.0,5.991996238615734,353.9,5.3,12.6,17.9,5.057925967787511,70.39106145251397,O,O,0.0,False,3353
티에이치엔,2025,의무,제조업(10~34),645.3,2422729582.0,92846716.0,3.8323185835438403,7.2,0.0,0.0,0.0,0.0,,X,X,0.0,False,3356
화승코퍼레이션,2025,의무,제조업(10~34),693.5,3848743315.0,324296619.0,8.426039162863736,8.3,0.0,0.0,0.0,0.0,,O,O,0.0,False,3357
에이피알,2025,의무,제조업(10~34),514.4,5708091086.0,483168127.0,8.464618376273753,34.4,2.3,0.0,2.3,6.686046511627906,0.0,O,O,0.0,False,3359
지에스리테일,2025,의무,도매 및 소매업(45~47),7457.6,188786963726.0,7829244017.0,4.14713169939167,499.4,14.2,6.0,20.2,4.044853824589508,29.7029702970297,X,X,2.0,False,3360
카카오모빌리티,2025,의무,정보통신업(58~63),924.7,81991217664.0,3994725488.0,4.87213826286906,370.2,13.9,2.0,15.9,4.294975688816856,12.578616352201259,O,O,0.0,True,3362
SK이노베이션,2025,의무,"전문, 과학 및 기술 서비스업(70~73)",1713.1,46587567998.0,3400445988.0,7.299041641637058,147.0,3.7,12.9,16.5,11.224489795918368,78.18181818181819,O,O,0.0,False,3363
SK에너지,2025,자율,제조업(10~34),2499.6,68174371705.0,4484757281.0,6.578362467946413,253.0,5.5,14.1,19.6,7.747035573122531,71.93877551020408,O,X,0.0,False,3364
에스케이지오센트릭,2025,자율,제조업(10~34),1328.3,26928335689.0,1860466833.0,6.908955883820124,113.0,2.9,5.7,8.6,7.610619469026549,66.27906976744187,O,X,0.0,False,3365
디엘이앤씨,2025,의무,건설업(41~42),5721.4,61238489727.0,2806186224.0,4.582389664588274,232.1,6.7,4.9,11.6,4.997845756139594,42.24137931034483,O,X,0.0,False,3366
SK엔무브,2025,자율,제조업(10~34),342.2,6805185164.0,537848888.0,7.90351584913906,28.5,0.6,1.9,2.5,8.771929824561402,76.0,X,O,0.0,False,3367
SK인천석유화학,2025,자율,제조업(10~34),624.9,8814960886.0,940292492.0,10.667006968724966,37.4,1.8,2.7,4.5,12.032085561497327,60.00000000000001,O,X,0.0,False,3368
에스피삼화,2025,의무,제조업(10~34),911.7,4380803814.0,674633605.0,15.399767568774308,20.4,0.0,1.0,1.0,4.901960784313726,100.0,X,O,0.0,False,3369
에스케이아이이테크놀로지,2025,자율,제조업(10~34),348.8,9703815333.0,1170330714.0,12.060521288157949,51.7,3.8,3.8,7.6,14.700193423597677,50.0,O,O,0.0,False,3370
한국쉘석유,2025,의무,제조업(10~34),118.9,1081452859.0,536658548.0,49.62385031708534,3.0,0.0,1.0,1.0,33.33333333333333,100.0,X,O,6.0,False,3371
에스케이어스온,2025,자율,광업(05~08),93.6,5161806167.0,290733165.0,5.6323921432518995,5.2,0.1,0.7,0.8,15.384615384615385,87.49999999999999,X,O,0.0,False,3372
아주스틸,2025,의무,제조업(10~34),892.0,826392590.0,421322004.0,50.98327466852044,11.5,0.0,0.0,0.0,0.0,,O,O,1.0,False,3373
와이지-원,2025,의무,제조업(10~34),1541.7,3052294172.0,264991773.0,8.681724567405164,9.9,0.0,0.0,0.0,0.0,,O,X,4.0,False,3374
한익스프레스,2025,의무,운수 및 창고업(49~52),444.0,4684198083.0,1029244014.0,21.97268338705308,49.7,4.6,0.0,4.6,9.255533199195169,0.0,X,O,0.0,False,3375
코오롱글로벌,2025,의무,건설업(41~42),2119.0,9110078266.0,835761194.0,9.174028692148232,36.0,1.0,1.7,2.7,7.500000000000001,62.962962962962955,O,O,0.0,False,3376
이수화학,2025,의무,제조업(10~34),307.3,3256837853.0,187909100.0,5.76967931722206,9.4,0.0,0.9,0.9,9.574468085106384,100.0,O,O,0.0,False,3377
정보보호공시우수기업(고시성실성및다양한정보보호노력평가를통해공시연도에과학기술정보통신부장관표창을수여받은자)SK,2025,의무,금융 및 보험업(64~66),4433.2,224166468114.0,19489712653.0,8.69430330815066,892.6,24.5,39.6,64.1,7.181268205243109,61.77847113884556,O,X,0.0,False,3378
에이피시스템,2025,의무,제조업(10~34),547.5,2245932949.0,201161045.0,8.95668079002834,11.3,0.0,0.0,0.0,0.0,,X,X,1.0,False,3379
한국무브넥스,2025,의무,제조업(10~34),495.1,1856628727.0,378466363.0,20.384601266594533,14.6,1.0,3.5,4.5,30.82191780821918,77.77777777777779,O,O,6.0,False,3380
케이티알파,2025,의무,도매 및 소매업(45~47),630.4,26404802946.0,2323215487.0,8.798457961421516,142.0,8.0,3.9,11.9,8.380281690140844,32.773109243697476,X,O,0.0,False,3381
한국항공우주산업,2025,의무,제조업(10~34),5259.6,66168281030.0,6007766332.0,9.079526078781074,167.4,22.5,5.0,27.5,16.42771804062127,18.181818181818183,O,O,6.0,False,3382
교촌에프앤비,2025,의무,도매 및 소매업(45~47),356.2,4748683430.0,999874232.0,21.05581992859861,16.7,2.1,0.2,2.3,13.77245508982036,8.695652173913045,O,O,1.0,False,3383
케이씨씨글라스,2025,의무,제조업(10~34),1909.4,19033409333.0,1147588669.0,6.029338459139416,35.3,2.0,0.0,2.0,5.6657223796034,0.0,X,X,4.0,False,3384
한솔테크닉스,2025,의무,제조업(10~34),571.0,3426994405.0,291440013.0,8.504245369493097,9.2,0.0,1.0,1.0,10.869565217391305,100.0,O,O,0.0,False,3385
멀티캠퍼스,2025,의무,교육 서비스업(85),907.4,32009849612.0,1029377762.0,3.215815676978695,169.8,2.0,1.4,3.4,2.002355712603062,41.17647058823529,O,O,0.0,False,3388
세아특수강,2025,의무,제조업(10~34),419.7,2259501421.0,2477896.0,0.10966560927867634,7.8,0.0,0.7,0.7,8.974358974358974,100.0,O,O,0.0,False,3389
디씨케이원,2025,자율,정보통신업(58~63),12.9,3871211736.0,639690037.0,16.52428440044386,8.9,1.7,0.0,1.7,19.101123595505616,0.0,O,X,0.0,False,3390
드림텍,2025,의무,제조업(10~34),460.8,2360243653.0,38890740.0,1.6477425943108766,11.0,0.0,0.0,0.0,0.0,,X,X,0.0,False,3391
씨제이이엔엠,2025,의무,정보통신업(58~63),2932.4,117157432290.0,5661679095.0,4.832539416693288,391.8,10.0,7.5,17.5,4.466564573762123,42.857142857142854,O,O,0.0,True,3392
비바리퍼블리카,2025,자율,금융 및 보험업(64~66),1056.0,148702516427.0,15980476607.0,10.746608054104467,490.1,38.0,10.4,48.4,9.875535604978575,21.487603305785125,O,X,3.0,False,3393
디지털엣지코리아유한회사,2025,의무,정보통신업(58~63),35.5,4739537647.0,758313973.0,15.999745744819485,18.5,2.2,0.0,2.2,11.891891891891893,0.0,O,O,0.0,False,3394
애경케미칼,2025,의무,제조업(10~34),755.3,7333479756.0,145045043.0,1.9778474588592019,24.8,1.0,0.4,1.4,5.64516129032258,28.571428571428577,O,O,0.0,False,3395
강릉아산병원,2025,의무,보건업 및 사회복지 서비스업(86~87),1764.8,7570167405.0,410492752.0,5.422505607060614,27.0,1.0,0.0,1.0,3.7037037037037033,0.0,O,O,6.0,False,3396
대원산업,2025,의무,제조업(10~34),567.4,2567037350.0,54126465.0,2.1085187950225968,4.7,0.0,0.2,0.2,4.25531914893617,100.0,X,O,2.0,False,3397
아마존웹서비시즈코리아유한책임회사,2025,의무,"사업시설 관리, 사업 지원 및 임대 서비스업(74~76)",,,,,,,,,,,O,O,0.0,False,3398
동양,2025,의무,제조업(10~34),523.4,2969215449.0,159453464.0,5.37022209195706,11.9,0.0,0.6,0.6,5.042016806722689,100.0,X,O,0.0,False,3399
부천도시공사,2025,의무,"사업시설 관리, 사업 지원 및 임대 서비스업(74~76)",638.0,204929000.0,49306150.0,24.060113502725333,5.0,5.0,0.0,5.0,100.0,0.0,O,X,0.0,False,3400
넛지헬스케어,2025,의무,정보통신업(58~63),241.5,11457414429.0,458732218.0,4.0038022613452595,118.1,4.2,0.0,4.2,3.556308213378493,0.0,O,O,1.0,True,3401
대창,2025,의무,제조업(10~34),343.3,683955397.0,17799170.0,2.602387535513518,7.0,0.0,1.2,1.2,17.142857142857142,100.0,O,O,0.0,False,3402
에스비에스,2025,의무,정보통신업(58~63),897.0,11347517545.0,700307605.0,6.1714608699466,33.0,3.0,1.0,4.0,12.121212121212121,25.0,O,O,4.0,False,3403
엘지에너지솔루션,2025,의무,제조업(10~34),11763.4,304626712750.0,21270208329.0,6.982384485255554,1408.5,30.9,22.8,53.7,3.812566560170394,42.45810055865922,O,O,2.0,False,3404
케이티샛,2025,의무,정보통신업(58~63),192.4,69112299399.0,590054323.0,0.853761672135217,71.7,2.0,0.9,2.9,4.04463040446304,31.03448275862069,O,X,2.0,False,3405
이수페타시스,2025,의무,제조업(10~34),1135.9,3715019164.0,592210550.0,15.940982370663217,16.3,0.6,0.9,1.5,9.202453987730062,60.0,O,O,0.0,False,3407
대성글로벌네트웍,2025,의무,"사업시설 관리, 사업 지원 및 임대 서비스업(74~76)",851.8,1619504311.0,597916497.0,36.91972246932784,4.0,0.0,0.0,0.0,0.0,,X,X,0.0,False,3408
십일번가,2025,의무,도매 및 소매업(45~47),1047.3,72310434695.0,4955899462.0,6.853643575652136,465.7,14.9,17.0,31.9,6.849903371269058,53.29153605015674,O,O,0.0,False,3409
케이티스카이라이프,2025,의무,정보통신업(58~63),371.5,19337315445.0,1696916336.0,8.775345992707418,108.2,7.0,1.6,8.6,7.948243992606284,18.6046511627907,O,X,0.0,False,3410
에스케이가스,2025,의무,도매 및 소매업(45~47),670.2,28617466091.0,1771696023.0,6.190960504211749,88.1,1.6,5.0,6.6,7.491486946651532,75.75757575757575,O,O,0.0,False,3411
엔에이치엔클라우드,2025,의무,정보통신업(58~63),411.8,93827992513.0,5944531087.0,6.3355624774518935,361.8,36.1,0.0,36.1,9.977888336097292,0.0,O,X,1.0,False,3412
(학)일송학원한림대성심병원,2025,의무,보건업 및 사회복지 서비스업(86~87),1910.0,3081635190.0,432534792.0,14.035885668867898,5.3,2.3,0.0,2.3,43.39622641509433,0.0,O,O,1.0,False,3413
서울아산병원,2025,의무,보건업 및 사회복지 서비스업(86~87),8787.8,53103017074.0,3929163178.0,7.399133598237255,143.3,6.2,0.0,6.2,4.326587578506629,0.0,O,O,2.0,False,3414
두산테스나,2025,의무,"전문, 과학 및 기술 서비스업(70~73)",742.1,8610803583.0,373845542.0,4.341587151495011,17.9,1.6,0.0,1.6,8.93854748603352,0.0,O,O,0.0,False,3415
엠씨넥스,2025,의무,도매 및 소매업(45~47),485.4,2887098070.0,337763410.0,11.69906258154923,5.7,0.0,0.0,0.0,0.0,,X,O,0.0,False,3416
원익큐엔씨,2025,의무,제조업(10~34),1156.3,6688920086.0,758670422.0,11.342195933659118,31.6,2.0,0.8,2.8,8.860759493670885,28.571428571428577,O,O,0.0,False,3417
우신시스템,2025,의무,제조업(10~34),272.0,785743834.0,79404392.0,10.105633485632927,4.0,1.0,0.0,1.0,25.0,0.0,O,O,2.0,False,3418
삼표시멘트,2025,의무,제조업(10~34),616.0,2640749000.0,158754000.0,6.011703497757644,11.5,0.0,0.6,0.6,5.217391304347826,100.0,O,O,0.0,False,3419
효성티앤씨,2025,의무,도매 및 소매업(45~47),1366.0,6972920694.0,481600649.0,6.906727756338943,34.2,1.1,0.7,1.8,5.263157894736842,38.888888888888886,X,O,0.0,False,3420
피에스케이,2025,의무,제조업(10~34),338.0,3558976067.0,665264719.0,18.692587600365002,5.5,1.5,1.1,2.6,47.27272727272727,42.30769230769231,O,O,0.0,False,3421
체리부로,2025,의무,제조업(10~34),314.3,723592678.0,83129848.0,11.488486620645434,2.8,0.0,0.0,0.0,0.0,,O,O,0.0,False,3422
한국특강,2025,의무,제조업(10~34),595.7,810400698.0,15818000.0,1.9518739358242756,3.0,0.0,0.0,0.0,0.0,,X,X,0.0,False,3423
삼진제약,2025,의무,제조업(10~34),795.2,1956815532.0,29447431.0,1.5048649460535863,4.6,0.0,0.0,0.0,0.0,,O,X,0.0,False,3424
우원개발,2025,의무,건설업(41~42),273.6,627736294.0,112116950.0,17.860517397453524,2.2,1.0,0.0,1.0,45.45454545454545,0.0,X,X,0.0,False,3425
호텔신라,2025,의무,도매 및 소매업(45~47),2056.9,56059082799.0,3895808497.0,6.949468850513364,227.9,7.8,5.3,13.1,5.748135146994295,40.458015267175576,O,O,0.0,False,3426
서희건설,2025,의무,건설업(41~42),805.8,947730190.0,182959044.0,19.304971597454333,3.0,0.5,0.8,1.3,43.333333333333336,61.53846153846154,X,X,0.0,False,3427
아세아시멘트,2025,의무,제조업(10~34),490.6,1552632227.0,42879166.0,2.7617078439014007,6.6,0.0,0.0,0.0,0.0,,O,O,0.0,False,3428
서경방송,2025,의무,정보통신업(58~63),131.4,5269503456.0,297980863.0,5.654818627373911,24.2,1.9,0.0,1.9,7.851239669421488,0.0,O,O,0.0,False,3429
동원시스템즈,2025,의무,제조업(10~34),1649.8,4931190630.0,145444827.0,2.949487008576669,10.8,0.0,0.5,0.5,4.62962962962963,100.0,O,O,0.0,False,3430
영풍,2025,의무,제조업(10~34),698.2,1045538977.0,61653884.0,5.896851801441736,13.1,0.0,0.4,0.4,3.053435114503817,100.0,O,O,0.0,False,3431
아바코,2025,의무,제조업(10~34),420.0,58008668.0,21492000.0,37.04963540965981,2.0,2.0,0.0,2.0,100.0,0.0,X,X,0.0,False,3432
케이지이니시스,2025,의무,정보통신업(58~63),217.0,9902105912.0,1205532772.0,12.174508965199603,91.0,6.0,0.0,6.0,6.593406593406594,0.0,X,X,0.0,False,3433
단국대학교의과대학부속병원,2025,의무,보건업 및 사회복지 서비스업(86~87),2154.5,6399787950.0,540688369.0,8.448535689373896,29.4,3.0,0.0,3.0,10.204081632653061,0.0,O,O,4.0,False,3434
유니드,2025,의무,제조업(10~34),237.9,4054989660.0,71713927.0,1.76853538511859,10.6,0.0,0.6,0.6,5.660377358490567,100.0,O,O,0.0,False,3435
에이치엠엠,2025,의무,운수 및 창고업(49~52),1814.9,53902300277.0,4066159025.0,7.543572359814525,163.3,2.0,5.0,7.0,4.286589099816289,71.42857142857143,O,O,0.0,False,3437
대한항공,2025,의무,운수 및 창고업(49~52),18756.6,259503678175.0,13926550759.0,5.366610160187569,718.7,13.9,25.0,38.9,5.412550438291359,64.26735218508998,O,O,0.0,False,3438
넥센타이어,2025,의무,제조업(10~34),4146.7,21206909682.0,871365572.0,4.108875762976431,144.4,3.5,2.0,5.5,3.8088642659279777,36.36363636363637,X,O,0.0,False,3439
화승알앤에이,2025,의무,제조업(10~34),655.7,2432439255.0,213809137.0,8.789906533554936,3.2,0.0,0.0,0.0,0.0,,O,O,0.0,False,3440
신성통상,2025,의무,제조업(10~34),1052.8,10156381043.0,624772189.0,6.151523720455591,54.0,3.0,0.5,3.5,6.481481481481481,14.285714285714285,O,X,0.0,False,3441
삼성중공업,2025,의무,제조업(10~34),9851.1,77082667020.0,4790812324.0,6.215161604043835,263.8,10.4,4.4,14.8,5.610310841546626,29.72972972972973,O,O,4.0,False,3443
이화의대부속목동병원,2025,의무,교육 서비스업(85),2080.2,6839401317.0,314495629.0,4.5982917864212824,47.0,1.8,2.3,4.1,8.723404255319148,56.09756097560976,O,O,8.0,False,3444
포스코엠텍,2025,의무,제조업(10~34),1049.0,2796791909.0,478678298.0,17.115263257864353,6.8,1.0,0.0,1.0,14.705882352941178,0.0,O,O,0.0,False,3445
삼립,2025,의무,제조업(10~34),3100.1,6897213788.0,481290662.0,6.978044711871413,33.9,1.0,2.2,3.2,9.439528023598822,68.75,O,O,3.0,False,3446
가톨릭대학교서울성모병원,2025,의무,보건업 및 사회복지 서비스업(86~87),4710.9,15153568809.0,1619454412.0,10.686950595018741,50.5,5.3,0.0,5.3,10.495049504950495,0.0,O,X,2.0,False,3447
동일고무벨트,2025,의무,제조업(10~34),566.5,5730770426.0,204140951.0,3.562190348331361,7.6,0.0,1.4,1.4,18.421052631578945,100.0,O,O,0.0,False,3448
엘에스네트웍스,2025,자율,도매 및 소매업(45~47),204.3,3016830794.0,361882170.0,11.995441398958354,8.0,0.0,0.0,0.0,0.0,,O,O,0.0,False,3449
한화에어로스페이스,2025,의무,제조업(10~34),7352.8,52443526538.0,10407854344.0,19.845832328721418,103.0,44.2,8.7,52.9,51.35922330097087,16.446124763705104,O,X,0.0,False,3450
셀트리온,2025,의무,제조업(10~34),2649.9,17739246549.0,2610107832.0,14.713746859486191,54.9,8.8,0.0,8.8,16.02914389799636,0.0,O,O,2.0,False,3451
한국지역난방공사,2025,자율,"전기, 가스, 증기 및 공기 조절 공급업(35)",2193.8,22345837097.0,3742207024.0,16.746774836653593,66.0,6.0,9.0,15.0,22.727272727272727,60.0,X,X,1.0,False,3452
코스맥스,2025,의무,제조업(10~34),1471.9,16172977175.0,698516897.0,4.319037178137859,78.7,0.0,5.2,5.2,6.607369758576874,100.0,O,O,0.0,False,3453
이루온,2025,의무,정보통신업(58~63),92.0,876430000.0,244039996.0,27.844778932715673,7.0,3.0,0.0,3.0,42.857142857142854,0.0,O,O,0.0,False,3454
에퀴닉스코리아유한회사,2025,의무,정보통신업(58~63),,,,,,,,,,,X,O,0.0,False,3455
엘엑스하우시스,2025,의무,제조업(10~34),2901.4,44724475091.0,2399474466.0,5.365014259234652,141.3,5.1,4.8,9.9,7.006369426751593,48.48484848484848,X,O,0.0,False,3456
한국케이블텔레콤,2025,의무,정보통신업(58~63),74.9,9285484876.0,920129479.0,9.909331513513523,30.6,3.0,0.0,3.0,9.803921568627452,0.0,O,O,0.0,True,3457
효성화학,2025,의무,제조업(10~34),1300.0,4518872059.0,363531898.0,8.044748628719695,22.1,0.5,0.6,1.1,4.97737556561086,54.54545454545454,X,O,0.0,False,3458
이구산업,2025,의무,제조업(10~34),238.6,413226474.0,2492000.0,0.6030591350737126,3.0,0.0,0.0,0.0,0.0,,X,O,0.0,False,3459
케이카,2025,의무,도매 및 소매업(45~47),1137.7,9313132422.0,1216355133.0,13.060644666950704,37.3,2.9,0.0,2.9,7.774798927613942,0.0,O,O,0.0,False,3460
한화시스템,2025,의무,제조업(10~34),4751.8,86977528164.0,7990189457.0,9.186498657370604,400.9,31.3,8.9,40.2,10.027438263906213,22.139303482587064,O,O,1.0,False,3461
피아이첨단소재,2025,자율,제조업(10~34),326.5,3661639775.0,382232403.0,10.438831411263005,6.2,0.0,1.0,1.0,16.129032258064516,100.0,O,O,0.0,False,3462
롯데칠성음료,2025,의무,제조업(10~34),5773.2,34417152490.0,2971074436.0,8.632539943167156,132.6,3.0,4.0,7.0,5.279034690799397,57.14285714285714,X,O,2.0,False,3463
이노션,2025,의무,"전문, 과학 및 기술 서비스업(70~73)",947.7,11060642055.0,413208220.0,3.735842982218269,20.9,0.3,1.0,1.3,6.220095693779905,76.92307692307692,O,O,0.0,False,3464
에스케이증권,2025,자율,금융 및 보험업(64~66),864.3,42448573550.0,3747224274.0,8.827680085848256,133.5,5.0,3.0,8.0,5.992509363295881,37.5,O,O,1.0,False,3465
유한양행,2025,의무,제조업(10~34),2105.1,10280416226.0,978399401.0,9.517118563016439,19.4,4.9,0.0,4.9,25.257731958762893,0.0,X,O,0.0,False,3466
안랩,2025,의무,정보통신업(58~63),1308.1,70290781486.0,9779360850.0,13.912721758468116,652.4,43.8,0.0,43.8,6.7136725935009185,0.0,O,O,0.0,True,3467
켐트로닉스,2025,의무,제조업(10~34),554.8,3528424874.0,1110909071.0,31.484560694092874,5.1,1.0,0.0,1.0,19.607843137254903,0.0,O,O,3.0,False,3468
에이치엘홀딩스,2025,의무,금융 및 보험업(64~66),300.2,10445564805.0,802523732.0,7.6829137244532175,76.8,4.7,1.2,5.9,7.682291666666667,20.338983050847457,O,O,0.0,False,3469
브이티,2025,의무,제조업(10~34),193.3,657343854.0,23022782.0,3.50239556662836,2.0,0.0,0.0,0.0,0.0,,X,X,0.0,False,3470
한전산업개발,2025,의무,"전기, 가스, 증기 및 공기 조절 공급업(35)",3424.0,2299048663.0,118385549.0,5.149327672147669,4.0,0.0,0.0,0.0,0.0,,O,O,0.0,False,3471
에스지씨이앤씨,2025,의무,건설업(41~42),998.3,5132523569.0,223044708.0,4.345712299251207,4.8,0.0,0.0,0.0,0.0,,X,X,0.0,False,3472
우아한형제들,2025,의무,정보통신업(58~63),2276.7,219994245676.0,8270162300.0,3.7592630091698,1015.3,23.7,4.0,27.7,2.7282576578351225,14.440433212996389,O,O,0.0,True,3473
디에이치오토웨어,2025,의무,제조업(10~34),264.3,1826200430.0,83980461.0,4.5986442462944765,5.9,2.7,0.0,2.7,45.76271186440678,0.0,X,X,0.0,False,3474
아름방송네트워크,2025,의무,정보통신업(58~63),39.0,4294791244.0,374377719.0,8.717017841624342,2.0,0.0,0.0,0.0,0.0,,O,O,0.0,False,3475
금호석유화학,2025,의무,제조업(10~34),1564.5,14259870116.0,826713958.0,5.797485890649188,54.6,2.0,0.0,2.0,3.6630036630036633,0.0,O,O,0.0,False,3477
정보보호공시우수기업(고시성실성및다양한정보보호노력평가를통해공시연도에과학기술정보통신부장관표창을수여받은자)(주)넥슨코리아,2025,의무,정보통신업(58~63),3909.0,514082384684.0,22751965981.0,4.4257431607942275,2917.3,144.3,19.2,163.5,5.604497309155726,11.743119266055045,O,O,0.0,False,3478
한국정보통신,2025,의무,정보통신업(58~63),283.0,26175058382.0,2520014931.0,9.627542732561611,123.9,3.8,2.0,5.8,4.681194511702986,34.48275862068966,O,O,1.0,False,3479
한국투자증권,2025,자율,금융 및 보험업(64~66),2938.7,126134094949.0,16683347854.0,13.226675833164384,422.5,15.0,26.7,41.7,9.8698224852071,64.02877697841726,O,O,2.0,False,3480
에이치디현대인프라코어,2025,의무,제조업(10~34),2636.2,59906259456.0,3575659620.0,5.9687579436106395,124.8,5.1,8.4,13.5,10.817307692307693,62.22222222222222,X,O,0.0,False,3481
액티스데이터센터안양,2025,의무,정보통신업(58~63),0.6,1247012366.0,142875875.0,11.457454544600724,10.6,0.0,9.0,9.0,84.90566037735849,100.0,O,X,0.0,False,3482
대원강업,2025,의무,제조업(10~34),714.8,1635021186.0,116060962.0,7.098437805808347,2.0,0.0,0.0,0.0,0.0,,O,O,0.0,False,3483
태양금속공업,2025,의무,제조업(10~34),510.3,627929596.0,93399450.0,14.874191405368956,5.7,1.0,0.0,1.0,17.543859649122805,0.0,X,O,2.0,False,3484
세보엠이씨,2025,의무,건설업(41~42),1807.2,1282875012.0,25420100.0,1.981494671127011,5.0,0.0,0.0,0.0,0.0,,O,O,0.0,False,3485
(의료)길의료재단,2025,의무,보건업 및 사회복지 서비스업(86~87),3122.4,7026618018.0,758334033.0,10.792304790973198,43.9,1.8,0.4,2.2,5.011389521640091,18.181818181818183,X,O,4.0,False,3486
에이치에스효성첨단소재,2025,의무,제조업(10~34),1148.0,6175763282.0,290275235.0,4.700232533945106,32.0,0.4,0.5,0.9,2.8125,55.55555555555556,X,O,0.0,False,3487
(의)삼성의료재단강북삼성병원,2025,의무,보건업 및 사회복지 서비스업(86~87),3469.7,15944219537.0,2518494189.0,15.795656746669895,118.6,3.0,0.0,3.0,2.5295109612141653,0.0,O,O,3.0,False,3488
중앙대학교병원,2025,의무,교육 서비스업(85),2082.9,6461652539.0,575871961.0,8.912146815760561,37.3,2.0,1.0,3.0,8.042895442359251,33.33333333333333,O,O,3.0,False,3489
디아이씨,2025,의무,제조업(10~34),709.3,648060993.0,5358000.0,0.8267740317461139,28.5,0.0,3.0,3.0,10.526315789473683,100.0,X,X,0.0,False,3490
비지에프리테일,2025,의무,도매 및 소매업(45~47),2566.0,56881769143.0,2812754916.0,4.944914615663187,92.3,5.0,0.8,5.8,6.28385698808234,13.793103448275861,O,O,0.0,False,3491
삼성서울병원,2025,의무,보건업 및 사회복지 서비스업(86~87),7053.3,51629218785.0,3812563097.0,7.38450665480082,186.4,7.7,0.0,7.7,4.130901287553648,0.0,O,O,3.0,False,3492
삼성에스디에스,2025,의무,정보통신업(58~63),11443.3,553084465798.0,65151562689.0,11.77967683380841,2766.4,302.9,77.2,380.1,13.739878542510123,20.310444619836883,O,X,0.0,False,3493
위즈코어,2025,의무,정보통신업(58~63),50.5,2267434065.0,1068481908.0,47.12295384871533,25.8,3.0,0.0,3.0,11.627906976744185,0.0,O,O,1.0,False,3494
대동,2025,의무,제조업(10~34),1182.0,10674969132.0,550321228.0,5.155248892948274,28.2,1.0,0.0,1.0,3.546099290780142,0.0,O,O,0.0,False,3495
한양대학교병원,2025,의무,보건업 및 사회복지 서비스업(86~87),2323.5,7844750236.0,582690440.0,7.427775550150733,30.3,1.0,0.0,1.0,3.3003300330033,0.0,O,O,3.0,False,3496
인하대학교의과대학부속병원,2025,의무,보건업 및 사회복지 서비스업(86~87),2585.9,11128551081.0,737064797.0,6.623187435949372,39.6,2.0,0.0,2.0,5.05050505050505,0.0,X,O,3.0,False,3497
율촌화학,2025,의무,제조업(10~34),721.5,3595132372.0,142008389.0,3.950018366667251,22.5,0.0,0.2,0.2,0.8888888888888888,100.0,O,O,0.0,False,3498
이니텍,2025,자율,정보통신업(58~63),160.1,10558859945.0,597701640.0,5.660664533040172,115.6,1.2,1.1,2.3,1.9896193771626298,47.82608695652175,O,O,0.0,False,3499
씨씨에스충북방송,2025,의무,정보통신업(58~63),40.3,1057343243.0,99520267.0,9.412295170831294,5.0,0.0,0.0,0.0,0.0,,X,X,0.0,False,3500
씨제이대한통운,2025,의무,운수 및 창고업(49~52),6931.8,148372307245.0,10502362602.0,7.078384637274635,307.6,10.0,0.0,10.0,3.2509752925877757,0.0,X,X,0.0,False,3501
TikTokPte.Ltd.,2025,의무,"사업시설 관리, 사업 지원 및 임대 서비스업(74~76)",,,,,,,,,,,X,O,0.0,False,3502
태림포장,2025,의무,제조업(10~34),895.9,1724215349.0,165147940.0,9.578150437866215,6.0,0.0,0.0,0.0,0.0,,X,X,0.0,False,3503
정보보호공시우수기업(고시성실성및다양한정보보호노력평가를통해공시연도에과학기술정보통신부장관표창을수여받은자)위버스컴퍼니,2025,자율,도매 및 소매업(45~47),414.5,39686533185.0,3160378617.0,7.963352712789998,220.4,11.5,5.2,16.7,7.577132486388384,31.137724550898206,O,O,0.0,False,3504
엔피씨,2025,의무,제조업(10~34),209.1,2047233834.0,124555014.0,6.084063868592747,23.9,0.0,2.0,2.0,8.368200836820085,100.0,X,X,2.0,False,3505
한국마이크로소프트유한회사,2025,의무,정보통신업(58~63),,,,,,,,,,,O,O,0.0,False,3506
KCTV제주방송,2025,의무,정보통신업(58~63),134.4,2892966120.0,42987430.0,1.4859292579617214,20.4,0.0,0.0,0.0,0.0,,O,O,0.0,False,3507
동원산업,2025,의무,"농업, 임업 및 어업(01~03)",750.3,3715716807.0,337516657.0,9.083487104403542,10.0,0.4,0.0,0.4,4.0,0.0,O,O,0.0,False,3508
엔투비,2025,자율,도매 및 소매업(45~47),179.7,3823809300.0,528413804.0,13.8190417602677,19.9,1.0,0.9,1.9,9.547738693467336,47.36842105263158,O,O,1.0,False,3509
동국제강,2025,의무,제조업(10~34),1931.2,21906271905.0,1579648383.0,7.2109411854759875,92.3,1.0,2.2,3.2,3.4669555796316365,68.75,X,O,2.0,False,3510
동아지질,2025,의무,건설업(41~42),283.1,296387945.0,13010000.0,4.389517259212415,2.3,0.0,0.0,0.0,0.0,,O,O,0.0,False,3511
일지테크,2025,의무,제조업(10~34),462.4,784786953.0,62359512.0,7.9460434149190045,4.9,0.0,0.0,0.0,0.0,,X,X,0.0,False,3512
대성에너지,2025,의무,"전기, 가스, 증기 및 공기 조절 공급업(35)",405.5,6106811253.0,307234657.0,5.031016094513639,21.9,0.0,0.3,0.3,1.3698630136986303,100.0,X,O,0.0,False,3513
케이에스에스해운,2025,의무,운수 및 창고업(49~52),752.1,2470473148.0,1189378234.0,48.14374262528921,8.8,2.0,4.6,6.6,74.99999999999999,69.69696969696969,X,O,0.0,False,3514
롯데건설,2025,자율,건설업(41~42),6022.4,21921623886.0,1482726500.0,6.763762154257773,60.1,4.0,2.7,6.7,11.148086522462561,40.298507462686565,X,X,7.0,False,3515
자화전자,2025,의무,제조업(10~34),1475.2,5994036821.0,624213186.0,10.413903094707065,30.0,1.0,4.0,5.0,16.666666666666664,80.0,O,O,0.0,False,3516
인터지스,2025,의무,운수 및 창고업(49~52),513.0,4422660516.0,203778200.0,4.607593082552574,2.0,0.0,0.0,0.0,0.0,,X,X,0.0,False,3517
대상,2025,의무,제조업(10~34),5599.9,25366022305.0,1813016937.0,7.147423096930057,97.9,3.7,3.8,7.5,7.6608784473953015,50.66666666666666,O,O,1.0,False,3518
삼기,2025,의무,제조업(10~34),594.7,1763418387.0,180395827.0,10.229893729694902,5.0,1.0,0.0,1.0,20.0,0.0,X,O,1.0,False,3519
인지컨트롤스,2025,의무,제조업(10~34),576.7,2492856764.0,201240280.0,8.07267721540057,4.0,0.0,0.0,0.0,0.0,,X,X,0.0,False,3520
제이에스코퍼레이션,2025,의무,제조업(10~34),106.0,245340131.0,12508000.0,5.098228304117112,2.0,1.0,0.0,1.0,50.0,0.0,O,O,1.0,False,3521
유니크,2025,의무,제조업(10~34),605.9,932483760.0,144184426.0,15.462406122761859,3.8,0.6,0.0,0.6,15.789473684210526,0.0,O,O,0.0,False,3522
삼성전기,2025,의무,제조업(10~34),12132.3,199607016097.0,11802231286.0,5.9127336888121445,788.9,21.6,5.0,26.6,3.371783496007099,18.796992481203006,O,X,0.0,False,3523
한진정보통신,2025,의무,정보통신업(58~63),422.3,33406246406.0,1307873735.0,3.9150574389737383,145.1,6.0,2.5,8.5,5.85802894555479,29.411764705882355,X,O,0.0,False,3524
더블유씨피,2025,의무,제조업(10~34),1175.5,1062720469.0,329282443.0,30.984859387327752,2.6,0.0,0.0,0.0,0.0,,O,O,0.0,False,3525
KC코트렐,2025,자율,제조업(10~34),225.7,827802858.0,17014604.0,2.0553932419498846,2.0,0.0,0.0,0.0,0.0,,X,O,0.0,False,3526
STX,2025,의무,도매 및 소매업(45~47),73.6,1010136624.0,66348560.0,6.568275857306209,5.8,0.0,0.3,0.3,5.172413793103448,100.0,X,O,0.0,False,3527
두산,2025,의무,제조업(10~34),1830.8,44114154416.0,5957077685.0,13.503778467165622,209.0,24.6,7.3,31.9,15.263157894736842,22.884012539184955,O,O,4.0,False,3528
케이씨티시,2025,의무,운수 및 창고업(49~52),478.2,4350509479.0,186474331.0,4.286264215722675,11.2,0.0,0.0,0.0,0.0,,O,O,0.0,False,3529
삼양사,2025,의무,제조업(10~34),1278.0,17258866385.0,583684897.0,3.3819422665401206,36.3,0.0,0.9,0.9,2.4793388429752072,100.0,O,O,0.0,False,3530
포스코홀딩스,2025,의무,금융 및 보험업(64~66),764.9,18491901654.0,1351106192.0,7.3064751115401965,46.9,2.0,3.4,5.4,11.513859275053306,62.962962962962955,O,O,2.0,True,3531
한일시멘트,2025,의무,제조업(10~34),687.0,6885918826.0,394786180.0,5.733238947130162,22.0,0.0,0.5,0.5,2.272727272727273,100.0,O,O,5.0,False,3532
한일현대시멘트,2025,의무,제조업(10~34),385.5,2662991140.0,186663490.0,7.009542284845905,9.0,0.0,0.3,0.3,3.3333333333333335,100.0,O,O,5.0,False,3533
연세대학교의과대학강남세브란스병원,2025,의무,보건업 및 사회복지 서비스업(86~87),2307.8,8391194037.0,516571191.0,6.156110664611485,32.9,0.1,0.0,0.1,0.30395136778115506,0.0,O,O,2.0,False,3534
두산에너빌리티,2025,의무,건설업(41~42),6044.0,73373057919.0,5152743088.0,7.022663678115143,115.0,6.4,2.2,8.6,7.478260869565218,25.581395348837212,O,O,0.0,False,3535
엘지화학,2025,의무,제조업(10~34),14240.7,287409329231.0,15208847224.0,5.291702696183591,330.7,11.3,8.0,19.3,5.836105231327488,41.45077720207254,O,O,1.0,False,3536
보령,2025,의무,제조업(10~34),1666.7,9063338240.0,787813707.0,8.692312767530565,16.7,3.5,0.0,3.5,20.95808383233533,0.0,O,O,0.0,False,3537
세방,2025,의무,운수 및 창고업(49~52),848.3,5867193093.0,263063355.0,4.483632136018401,17.2,0.0,1.1,1.1,6.395348837209303,100.0,O,O,1.0,False,3538
신성이엔지,2025,의무,제조업(10~34),619.8,4135584287.0,1398934800.0,33.8267752007251,28.0,4.0,2.0,6.0,21.428571428571427,33.33333333333333,O,O,2.0,False,3539
더네이쳐홀딩스,2025,의무,제조업(10~34),445.6,2768739089.0,219795734.0,7.938477658412543,16.5,1.5,1.5,3.0,18.181818181818183,50.0,O,X,0.0,False,3540
KCTV광주방송,2025,의무,정보통신업(58~63),24.0,1189279309.0,120624343.0,10.142642025902765,8.0,1.0,0.0,1.0,12.5,0.0,O,O,0.0,False,3541
퍼시스,2025,의무,제조업(10~34),241.7,3444876299.0,193209138.0,5.608594365379272,13.0,0.0,1.0,1.0,7.6923076923076925,100.0,O,O,0.0,False,3542
에이치디현대,2025,의무,금융 및 보험업(64~66),60.7,3388507445.0,186965703.0,5.517641794645666,2.7,0.0,0.2,0.2,7.4074074074074066,100.0,O,O,1.0,False,3543
동국산업,2025,의무,제조업(10~34),395.0,1490308490.0,101802665.0,6.830979336365453,4.7,0.0,0.6,0.6,12.76595744680851,100.0,O,O,0.0,False,3544
TCC스틸,2025,의무,제조업(10~34),292.0,3508350970.0,202865735.0,5.782367178617822,23.3,0.0,7.5,7.5,32.18884120171674,100.0,O,O,0.0,False,3545
넷플릭스서비시스코리아(유),2025,의무,정보통신업(58~63),120.0,3187036917.0,0.0,0.0,8.0,0.0,0.0,0.0,0.0,,O,O,2.0,False,3546
케이티지디에이치,2025,의무,정보통신업(58~63),17.0,1067922343.0,193723542.0,18.140227449103946,13.0,3.0,0.0,3.0,23.076923076923077,0.0,O,O,0.0,False,3547
다우기술,2025,의무,정보통신업(58~63),712.3,38350787086.0,2025347784.0,5.281111387514014,254.4,5.4,0.0,5.4,2.1226415094339623,0.0,O,X,0.0,False,3548
서진시스템,2025,의무,제조업(10~34),167.2,1046149337.0,191788080.0,18.332763135900166,7.1,2.0,0.0,2.0,28.169014084507044,0.0,O,X,3.0,False,3549
동아대학교병원,2025,의무,보건업 및 사회복지 서비스업(86~87),2351.7,2877673415.0,335055053.0,11.64326192310464,16.0,1.0,0.0,1.0,6.25,0.0,O,O,5.0,False,3550
사조산업,2025,의무,"농업, 임업 및 어업(01~03)",520.1,2455024450.0,77967999.0,3.175854277133574,8.0,0.0,0.3,0.3,3.75,100.0,O,O,2.0,False,3551
정보보호공시우수기업(고시성실성및다양한정보보호노력평가를통해공시연도에과학기술정보통신부장관표창을수여받은자)케이티클라우드,2025,의무,정보통신업(58~63),676.3,292671044851.0,16264014099.0,5.55709708395652,688.7,25.4,25.3,50.7,7.361695948889212,49.90138067061144,O,O,0.0,False,3552
엠케이전자,2025,의무,제조업(10~34),301.6,629721160.0,21311472.0,3.384271222520139,3.0,0.0,0.0,0.0,0.0,,X,O,0.0,False,3553
농심,2025,의무,제조업(10~34),5603.3,29720953140.0,1647226420.0,5.542306844066442,106.2,0.0,2.9,2.9,2.7306967984934083,100.0,O,O,0.0,False,3554
파워로직스,2025,의무,제조업(10~34),320.4,1572280349.0,318278864.0,20.243136931809357,4.9,0.0,0.0,0.0,0.0,,O,O,6.0,False,3555
동부건설,2025,의무,건설업(41~42),1159.1,2354579008.0,72296463.0,3.070462394948864,12.1,0.0,1.0,1.0,8.264462809917356,100.0,O,O,0.0,False,3556
제일기획,2025,의무,"전문, 과학 및 기술 서비스업(70~73)",1347.3,16723570938.0,1750291772.0,10.466016967840961,59.7,3.1,0.7,3.8,6.365159128978223,18.421052631578945,O,X,0.0,False,3557
노브랜드,2025,의무,제조업(10~34),338.0,1472959539.0,355518970.0,24.13637038810745,15.5,3.0,2.5,5.5,35.483870967741936,45.45454545454545,X,X,0.0,False,3558
KPX케미칼,2025,의무,제조업(10~34),367.1,3182138183.0,475756832.0,14.950853942850287,2.6,0.0,0.1,0.1,3.8461538461538463,100.0,O,O,0.0,False,3559
실리콘투,2025,의무,도매 및 소매업(45~47),238.3,2026669738.0,13110959.0,0.646921338695195,18.4,1.0,0.0,1.0,5.434782608695652,0.0,X,O,0.0,False,3560
정보보호공시우수기업(고시성실성및다양한정보보호노력평가를통해공시연도에과학기술정보통신부장관표창을수여받은자)현대홈쇼핑,2025,의무,도매 및 소매업(45~47),1055.8,39806149706.0,3267776213.0,8.209224547300153,166.6,6.7,6.4,13.1,7.86314525810324,48.85496183206107,O,O,0.0,False,3561
한화솔루션,2025,의무,제조업(10~34),5761.6,97927004244.0,4918412580.0,5.022529401333496,177.0,6.7,7.8,14.5,8.192090395480225,53.79310344827586,O,O,0.0,False,3562
포스코인터내셔널,2025,의무,도매 및 소매업(45~47),1851.3,32428739193.0,3560597265.0,10.979758552465041,74.1,5.0,5.8,10.8,14.574898785425102,53.703703703703695,O,O,1.0,False,3563
정보보호공시우수기업(고시성실성및다양한정보보호노력평가를통해공시연도에과학기술정보통신부장관표창을수여받은자)한화오션,2025,의무,제조업(10~34),9443.5,78161442699.0,4605480964.0,5.892267088436077,224.9,14.9,14.9,29.8,13.250333481547354,50.0,O,O,0.0,False,3564
영원무역,2025,의무,제조업(10~34),309.9,4050655928.0,313644616.0,7.743057459705326,11.5,0.0,1.2,1.2,10.434782608695652,100.0,X,O,0.0,False,3565
상신브레이크,2025,의무,제조업(10~34),606.2,2661696704.0,437060473.0,16.420370974017633,10.7,0.0,0.0,0.0,0.0,,O,O,0.0,False,3566
성신양회,2025,의무,제조업(10~34),635.0,2141686741.0,275096319.0,12.844843913613227,8.0,0.0,0.0,0.0,0.0,,O,O,3.0,False,3567
티맵모빌리티,2025,의무,정보통신업(58~63),372.3,74884368219.0,2927384502.0,3.909206382617582,426.0,6.1,8.6,14.7,3.450704225352112,58.50340136054422,O,O,0.0,True,3568
심텍,2025,의무,제조업(10~34),2793.7,8528949285.0,1024080031.0,12.007106582296908,45.0,3.0,6.0,9.0,20.0,66.66666666666666,O,X,1.0,False,3569
롯데렌탈,2025,의무,"사업시설 관리, 사업 지원 및 임대 서비스업(74~76)",1273.0,50807638931.0,2886291718.0,5.680822369879788,153.7,6.6,3.9,10.5,6.831489915419649,37.142857142857146,X,O,0.0,False,3570
지에스,2025,의무,금융 및 보험업(64~66),93.5,3162141706.0,173299998.0,5.480462740527163,12.0,0.0,0.0,0.0,0.0,,O,O,7.0,False,3571
화신,2025,의무,제조업(10~34),972.8,5220186929.0,597713871.0,11.450047270903008,9.0,0.0,0.0,0.0,0.0,,X,X,0.0,False,3572
크리스에프앤씨,2025,의무,제조업(10~34),344.8,805536248.0,49830134.0,6.18595800297245,4.0,0.0,0.0,0.0,0.0,,O,O,0.0,False,3573
셀트리온제약,2025,의무,제조업(10~34),935.1,3277499001.0,271200666.0,8.274622384850575,8.1,0.0,0.0,0.0,0.0,,O,O,0.0,False,3574
에이치디현대마린솔루션,2025,의무,"전문, 과학 및 기술 서비스업(70~73)",549.6,10672942330.0,255461460.0,2.393542962205812,28.3,0.0,0.9,0.9,3.180212014134275,100.0,X,O,0.0,False,3575
코텍,2025,의무,제조업(10~34),342.6,1091268353.0,26748833.0,2.4511691305319108,5.0,0.0,0.0,0.0,0.0,,O,O,0.0,False,3576
에스원,2025,의무,"사업시설 관리, 사업 지원 및 임대 서비스업(74~76)",6992.8,57280690561.0,4189159965.0,7.313389423157936,228.7,6.0,1.9,7.9,3.4543069523393095,24.050632911392402,O,O,1.0,False,3577
숲,2025,의무,정보통신업(58~63),794.1,59144469228.0,1567989796.0,2.6511182135314297,302.1,5.9,0.0,5.9,1.9529956967891429,0.0,O,X,0.0,False,3578
에이치케이이노엔,2025,의무,제조업(10~34),1731.3,8240396155.0,905839279.0,10.992666638367462,30.8,2.0,1.8,3.8,12.337662337662337,47.36842105263158,O,O,0.0,False,3580
한미약품,2025,의무,제조업(10~34),2412.2,29088139520.0,1388234292.0,4.77250974076736,43.7,0.0,5.4,5.4,12.356979405034325,100.0,O,O,0.0,False,3581
신한투자증권,2025,자율,금융 및 보험업(64~66),2700.0,149739819634.0,13816836829.0,9.227229512344586,591.6,22.3,28.4,50.7,8.56997971602434,56.01577909270217,O,O,2.0,False,3582
미원상사,2025,의무,제조업(10~34),739.5,886218440.0,45110253.0,5.090195708407963,1.9,0.0,0.0,0.0,0.0,,O,O,0.0,False,3583
두산밥캣,2025,의무,제조업(10~34),149.3,3085287079.0,600862962.0,19.475107068310514,4.8,2.8,0.0,2.8,58.333333333333336,0.0,X,O,2.0,False,3584
케이티앤지,2025,의무,제조업(10~34),4345.8,56242657859.0,6496840416.0,11.551446292398804,218.5,11.0,18.0,29.0,13.272311212814644,62.06896551724138,O,O,1.0,False,3585
현대모비스,2025,의무,제조업(10~34),11791.8,283131829217.0,18866700633.0,6.6635745917990885,494.2,21.4,23.5,44.9,9.085390530149736,52.338530066815146,O,X,0.0,False,3587
엘지헬로비전,2025,의무,정보통신업(58~63),1091.7,94385437308.0,3016669978.0,3.196118028415715,427.9,8.5,10.8,19.3,4.5103996260808605,55.95854922279793,O,O,1.0,False,3588
티와이엠(TYMCORPORATION),2025,의무,제조업(10~34),1037.0,7814555113.0,179608335.0,2.2983820883316866,14.9,2.0,0.0,2.0,13.422818791946309,0.0,X,X,0.0,False,3589
엔에이치엔,2025,의무,정보통신업(58~63),890.3,64505556363.0,4161552006.0,6.451462851635896,410.1,12.7,2.4,15.1,3.682028773469885,15.894039735099339,O,X,7.0,False,3590
하이브,2025,의무,"전문, 과학 및 기술 서비스업(70~73)",832.3,20376767002.0,3152776970.0,15.472410170320696,67.7,6.4,1.4,7.8,11.521418020679468,17.94871794871795,O,O,0.0,False,3591
SIMPAC,2025,의무,제조업(10~34),445.3,3261161094.0,627742226.0,19.249040691517582,8.0,5.0,1.0,6.0,75.0,16.666666666666664,O,O,1.0,False,3592
현대코퍼레이션,2025,의무,도매 및 소매업(45~47),249.0,3000003764.0,215655594.0,7.18851078081514,13.0,0.0,1.0,1.0,7.6923076923076925,100.0,X,O,0.0,False,3593
아주대학교의료원,2025,의무,교육 서비스업(85),4851.0,15498089701.0,734298930.0,4.737996386436065,59.0,1.0,0.0,1.0,1.694915254237288,0.0,O,O,3.0,False,3594
평화산업,2025,의무,제조업(10~34),800.2,1295501567.0,274283727.0,21.172010438795557,1.0,1.0,0.0,1.0,100.0,0.0,O,O,0.0,False,3595
드림어스컴퍼니,2025,자율,제조업(10~34),334.8,8735610444.0,620358849.0,7.10149397087744,86.8,4.5,0.6,5.1,5.875576036866359,11.76470588235294,O,O,0.0,False,3596
디엔오토모티브,2025,의무,제조업(10~34),1320.0,4390345107.0,778910842.0,17.741449089232155,18.5,4.0,0.0,4.0,21.62162162162162,0.0,O,O,0.0,False,3597
평화홀딩스,2025,자율,금융 및 보험업(64~66),91.5,1900311096.0,296395050.0,15.597185672592632,13.4,2.4,0.3,2.7,20.149253731343283,11.11111111111111,O,O,0.0,False,3598
코리아에프티,2025,의무,제조업(10~34),581.3,869053729.0,115813956.0,13.326443709442964,4.9,0.0,0.0,0.0,0.0,,O,O,0.0,False,3599
동원개발,2025,의무,건설업(41~42),315.2,627825554.0,33210012.0,5.28968784217407,3.0,0.0,0.0,0.0,0.0,,O,O,0.0,False,3600
경동나비엔,2025,의무,제조업(10~34),1753.0,26203539086.0,1035149500.0,3.9504186690303165,197.5,4.4,3.0,7.4,3.7468354430379747,40.54054054054054,O,O,0.0,False,3601
삼성바이오로직스,2025,의무,제조업(10~34),4649.5,96525242832.0,9214706789.0,9.546421763515259,197.9,8.0,1.0,9.0,4.547751389590702,11.11111111111111,O,O,4.0,False,3602
동화기업,2025,의무,제조업(10~34),753.3,11231344472.0,713499648.0,6.352753668795138,72.1,0.4,0.1,0.5,0.6934812760055479,20.0,O,O,0.0,False,3603
한국철강,2025,의무,제조업(10~34),347.0,2207367385.0,204224963.0,9.251969762160819,10.5,0.0,0.0,0.0,0.0,,O,O,0.0,False,3604
메가존클라우드,2025,의무,정보통신업(58~63),1727.0,71894500629.0,2167689378.0,3.0150976208681275,700.6,25.2,0.0,25.2,3.596916928347131,0.0,O,X,3.0,True,3605
레드캡투어,2025,의무,"사업시설 관리, 사업 지원 및 임대 서비스업(74~76)",380.6,12504525155.0,461301007.0,3.6890725659866135,73.7,2.6,0.7,3.3,4.477611940298507,21.21212121212121,O,O,0.0,False,3606
삼성에스디아이,2025,의무,제조업(10~34),12713.5,179388662637.0,11298946829.0,6.298584683617305,405.4,9.9,14.8,24.7,6.092747903305377,59.91902834008097,O,X,0.0,False,3607
한국앤컴퍼니,2025,의무,금융 및 보험업(64~66),1130.3,3844784607.0,123343339.0,3.208068893519683,14.9,0.0,0.4,0.4,2.684563758389262,100.0,O,O,0.0,True,3608
한솔피엔에스,2025,의무,도매 및 소매업(45~47),295.3,4803771281.0,256864484.0,5.347142255001961,171.3,1.3,0.0,1.3,0.7589025102159953,0.0,O,X,1.0,False,3609
현대오토에버,2025,의무,정보통신업(58~63),5172.4,307308495812.0,28716961653.0,9.344668970872833,1558.2,88.6,78.5,167.1,10.72391220639199,46.97785757031718,O,O,4.0,False,3610
순천향대학교부속부천병원,2025,의무,보건업 및 사회복지 서비스업(86~87),2142.9,4853856708.0,77885436.0,1.6046092970077024,23.6,1.0,0.3,1.3,5.508474576271186,23.076923076923077,O,O,2.0,False,3611
이수스페셜티케미컬,2025,의무,제조업(10~34),240.0,2839448445.0,90259181.0,3.1787575209874954,6.1,0.0,0.6,0.6,9.836065573770492,100.0,O,O,0.0,False,3612
동아제약,2025,자율,제조업(10~34),1008.3,7038865700.0,780018003.0,11.081586668147397,33.7,2.7,3.2,5.9,17.50741839762611,54.23728813559322,O,O,2.0,False,3613
엔브이에이치코리아,2025,의무,제조업(10~34),450.0,6004439964.0,208450877.0,3.4716123110528283,16.0,0.0,0.0,0.0,0.0,,O,O,0.0,False,3614
한국타이어앤테크놀로지,2025,의무,제조업(10~34),6348.5,36220973850.0,690698045.0,1.9069008134909657,122.2,2.6,0.4,3.0,2.454991816693944,13.333333333333334,O,O,0.0,True,3615
클리오,2025,의무,도매 및 소매업(45~47),370.8,2395494352.0,119935365.0,5.006706231632977,14.0,1.0,0.0,1.0,7.142857142857142,0.0,O,O,0.0,False,3616
진에어,2025,의무,운수 및 창고업(49~52),2372.4,20698978730.0,706803717.0,3.414679179198325,59.5,4.0,1.5,5.5,9.243697478991598,27.27272727272727,X,O,0.0,False,3617
에스케이디앤디,2025,의무,부동산업(68),200.6,13267221318.0,944741345.0,7.120868208614593,48.4,1.2,2.2,3.4,7.024793388429752,64.70588235294117,O,O,0.0,False,3618
에이치엘디앤아이한라,2025,의무,건설업(41~42),1153.3,6284769150.0,210359578.0,3.3471329332756796,17.8,0.1,0.0,0.1,0.5617977528089888,0.0,O,O,0.0,False,3619
네이버,2025,의무,정보통신업(58~63),4446.0,1236340415854.0,55265213959.0,4.470064494399437,3038.5,55.0,75.8,130.8,4.304755636004607,57.95107033639143,O,O,4.0,False,3620
현대백화점,2025,의무,도매 및 소매업(45~47),2808.6,63078348894.0,2616424382.0,4.147896113128722,312.3,5.0,8.0,13.0,4.1626641050272175,61.53846153846154,O,X,0.0,False,3621
대교,2025,의무,교육 서비스업(85),2350.1,36134952877.0,1746573911.0,4.833474992883412,182.5,2.6,2.0,4.6,2.5205479452054793,43.47826086956522,O,O,0.0,False,3622
대성산업,2025,의무,도매 및 소매업(45~47),405.3,3385450343.0,84378759.0,2.4923939343688075,22.2,0.0,0.0,0.0,0.0,,O,O,0.0,False,3623
리드코프,2025,의무,도매 및 소매업(45~47),250.6,3130952436.0,565240178.0,18.053298143427945,17.9,1.4,0.0,1.4,7.82122905027933,0.0,O,O,0.0,False,3624
신세계아이앤씨,2025,의무,정보통신업(58~63),1408.4,57548742604.0,4107623304.0,7.137642141488761,297.0,16.1,0.4,16.5,5.555555555555555,2.4242424242424243,X,O,0.0,False,3625
우리은행,2025,자율,금융 및 보험업(64~66),13770.0,359567117043.0,44402570417.0,12.348896301240465,1080.1,32.5,41.3,73.8,6.832700675863346,55.96205962059621,O,O,2.0,False,3626
두산퓨얼셀,2025,의무,제조업(10~34),492.5,7225462043.0,471306545.0,6.522856838706945,9.2,0.0,0.0,0.0,0.0,,O,O,2.0,False,3627
아이즈비전,2025,의무,정보통신업(58~63),50.1,1295241217.0,526068466.0,40.615482204810036,5.0,1.0,0.0,1.0,20.0,0.0,X,X,1.0,False,3628
엘엑스세미콘,2025,의무,제조업(10~34),1508.6,24525238699.0,1264439444.0,5.15566620785451,86.5,5.0,1.1,6.1,7.052023121387283,18.032786885245905,X,O,0.0,False,3629
제이와이피엔터테인먼트,2025,의무,정보통신업(58~63),401.1,3788221170.0,388456497.0,10.254324643880283,18.0,1.6,1.4,3.0,16.666666666666664,46.666666666666664,X,O,0.0,False,3631
씨제이프레시웨이,2025,의무,도매 및 소매업(45~47),8059.1,33076413114.0,2424696408.0,7.330590531818329,92.7,2.1,0.0,2.1,2.26537216828479,0.0,X,O,0.0,False,3632
케이티에이치씨엔,2025,의무,정보통신업(58~63),399.3,6222410196.0,360835122.0,5.798960702268687,18.1,2.0,1.0,3.0,16.574585635359114,33.33333333333333,X,O,0.0,False,3633
연세대학교의료원,2025,의무,보건업 및 사회복지 서비스업(86~87),8664.5,25607732753.0,2345013787.0,9.157444001852436,163.1,7.0,1.0,8.0,4.904966278356836,12.5,O,O,0.0,False,3634
포스코,2025,자율,제조업(10~34),17309.5,283773758475.0,21039001281.0,7.414005225170777,709.2,16.0,51.0,67.0,9.447264523406655,76.11940298507463,O,O,3.0,True,3635
티케이케미칼,2025,의무,제조업(10~34),243.7,642730430.0,39840216.0,6.198588730270636,4.0,0.0,0.0,0.0,0.0,,O,O,0.0,False,3637
알리익스프레스코리아,2025,의무,도매 및 소매업(45~47),,,,,,,,,,,O,O,0.0,False,3638
현대엘리베이터,2025,의무,제조업(10~34),2857.2,31971272472.0,2110638226.0,6.601671009023703,94.4,2.0,0.0,2.0,2.11864406779661,0.0,O,O,0.0,False,3639
현대로템,2025,의무,제조업(10~34),4043.1,30883729346.0,4379238000.0,14.179757732422916,69.4,18.6,0.0,18.7,26.945244956772328,0.0,O,O,1.0,False,3640
티피,2025,의무,제조업(10~34),298.4,1996385368.0,100636117.0,5.040916378826115,7.9,0.7,0.0,0.7,8.860759493670885,0.0,O,O,1.0,False,3641
티케이지휴켐스,2025,의무,제조업(10~34),305.0,2479862120.0,328508259.0,13.247037258668238,7.8,0.0,0.0,0.0,0.0,,O,O,0.0,False,3642
한솔케미칼,2025,의무,제조업(10~34),691.9,2448212598.0,229685499.0,9.381762808819596,6.1,2.0,0.0,2.0,32.786885245901644,0.0,X,O,0.0,False,3643
엣지디엑스,2025,자율,정보통신업(58~63),10.5,805578360.0,153845871.0,19.097567491758344,8.8,1.6,0.0,1.6,18.181818181818183,0.0,X,X,0.0,False,3644
에이치에스애드,2025,의무,"전문, 과학 및 기술 서비스업(70~73)",801.8,10504803804.0,558602893.0,5.317594725446431,22.1,0.4,0.0,0.4,1.8099547511312215,0.0,O,O,0.0,False,3645
오리온,2025,의무,제조업(10~34),1463.4,8188869561.0,192504561.0,2.3508075145904748,25.0,0.0,0.5,0.5,2.0,100.0,X,O,0.0,False,3646
우리산업,2025,의무,제조업(10~34),368.0,750312036.0,43369478.0,5.780192229250072,3.0,0.0,0.0,0.0,0.0,,O,O,0.0,False,3647
피씨엔,2025,의무,정보통신업(58~63),250.6,745511708.0,424813158.0,56.982761429683684,2.0,2.0,0.0,2.0,100.0,0.0,O,O,3.0,False,3648
코오롱인더스트리,2025,의무,제조업(10~34),3795.8,66214942195.0,2141110335.0,3.23357578217697,155.5,7.7,7.7,15.4,9.903536977491962,50.0,X,O,0.0,False,3649
엘지전자,2025,의무,제조업(10~34),36565.1,652663801281.0,29596736227.0,4.534759882332945,1345.9,86.8,30.4,117.2,8.70792778066721,25.938566552901023,O,O,20.0,False,3650
롯데이노베이트,2025,의무,정보통신업(58~63),2927.3,83113978253.0,8254663667.0,9.93173933014336,681.7,60.9,4.3,65.2,9.56432448291037,6.595092024539877,X,X,0.0,False,3651
가이온,2025,의무,정보통신업(58~63),71.5,80090269.0,12446400.0,15.5404647223747,0.0,0.0,0.0,0.0,,,X,O,0.0,False,3652
제주항공,2025,의무,운수 및 창고업(49~52),2944.1,55430818362.0,2389473719.0,4.310731447973855,132.7,9.7,6.8,16.5,12.434061793519218,41.21212121212121,O,O,2.0,False,3653
에스알,2025,자율,운수 및 창고업(49~52),772.0,32525923941.0,2220053285.0,6.825488767135527,59.2,4.0,8.2,12.2,20.608108108108105,67.21311475409836,X,X,1.0,False,3654
정보보호공시우수기업(고시성실성및다양한정보보호노력평가를통해공시연도에과학기술정보통신부장관표창을수여받은자)(주)모베이스전자,2025,의무,제조업(10~34),1088.0,29113982290.0,2889442158.0,9.924585820032112,290.0,28.0,0.0,28.0,9.655172413793103,0.0,X,X,0.0,False,3655
아이티센씨티에스,2025,의무,정보통신업(58~63),607.0,2915516869.0,82352509.0,2.824628108848716,6.5,0.0,0.6,0.6,9.23076923076923,100.0,O,O,0.0,False,3656
뉴젠스,2025,의무,정보통신업(58~63),453.8,2007147884.0,4101111.0,0.2043253032171694,19.1,0.0,0.0,0.0,0.0,,O,O,0.0,False,3657
충북대학교병원,2025,자율,보건업 및 사회복지 서비스업(86~87),2563.0,15843106445.0,985535585.0,6.220595616278459,36.7,1.3,0.6,1.9,5.177111716621253,31.57894736842105,O,O,5.0,False,3658
기아,2025,의무,제조업(10~34),36165.5,385153670876.0,25447192881.0,6.607023327370209,1562.1,27.6,70.7,98.3,6.292810959605659,71.92268565615464,O,X,0.0,False,3659
화승인더스트리,2025,의무,도매 및 소매업(45~47),41.0,162658187.0,11946702.0,7.344666887256035,0.0,0.0,0.0,0.0,,,O,O,0.0,False,3660
에스앤티다이내믹스,2025,의무,제조업(10~34),403.3,2562865072.0,482784607.0,18.83769115567392,9.0,0.0,0.0,0.0,0.0,,O,O,0.0,False,3661
동진쎄미켐,2025,의무,제조업(10~34),1429.5,4454336688.0,444191357.0,9.972110060666344,18.0,2.0,0.0,2.0,11.11111111111111,0.0,O,O,1.0,False,3662
케이비아이동국실업,2025,의무,제조업(10~34),422.0,946060240.0,52189687.0,5.5165289474589905,9.8,0.0,0.0,0.0,0.0,,X,O,0.0,False,3663
한온시스템,2025,의무,제조업(10~34),2200.8,20644336472.0,2423238617.0,11.738031010522661,48.9,3.0,0.4,3.4,6.952965235173824,11.764705882352942,O,O,0.0,False,3664
코스메카코리아,2025,의무,제조업(10~34),445.3,1345443413.0,349516917.0,25.9778236396182,16.0,4.0,1.0,5.0,31.25,20.0,O,O,0.0,False,3665
서울도시가스,2025,의무,"전기, 가스, 증기 및 공기 조절 공급업(35)",517.0,11558427991.0,718954164.0,6.22017254041653,32.0,0.0,1.0,1.0,3.125,100.0,O,O,1.0,False,3667
정보보호공시우수기업(고시성실성및다양한정보보호노력평가를통해공시연도에과학기술정보통신부장관표창을수여받은자)현대자동차,2025,의무,제조업(10~34),73237.4,647607792223.0,36688550249.0,5.665242248408047,3054.3,67.1,97.2,164.3,5.37930131290312,59.160073037127205,O,X,5.0,False,3668
해성디에스,2025,의무,제조업(10~34),1410.2,9127694333.0,992144147.0,10.869603109002357,45.8,4.3,0.0,4.3,9.388646288209607,0.0,X,X,0.0,False,3669
피에이치에이,2025,의무,제조업(10~34),638.0,3949770059.0,344843320.0,8.730718873475567,9.8,1.0,0.5,1.5,15.30612244897959,33.33333333333333,X,X,0.0,False,3670
에스케이오앤에스,2025,의무,"사업시설 관리, 사업 지원 및 임대 서비스업(74~76)",2326.0,3186000000.0,299000000.0,9.38480853735091,16.0,2.0,0.0,2.0,12.5,0.0,O,O,0.0,False,3671
세종텔레콤,2025,의무,정보통신업(58~63),148.8,12307982840.0,661708660.0,5.376255951946062,49.9,1.8,1.4,3.2,6.412825651302606,43.74999999999999,O,O,0.0,False,3672
조선대학교병원,2025,의무,보건업 및 사회복지 서비스업(86~87),1826.0,2635013722.0,408839795.0,15.515660946527701,18.0,1.0,0.0,1.0,5.555555555555555,0.0,O,O,2.0,False,3673
에이치엘만도,2025,의무,제조업(10~34),3669.9,40784664384.0,1389053240.0,3.405822411388854,130.6,2.0,2.0,4.0,3.0627871362940278,50.0,O,O,1.0,False,3674
정보보호공시우수기업(고시성실성및다양한정보보호노력평가를통해공시연도에과학기술정보통신부장관표창을수여받은자)신한은행,2025,자율,금융 및 보험업(64~66),13116.0,428838305656.0,37035182262.0,8.636164674083105,1303.0,55.7,35.4,91.1,6.99155794320798,38.85839736553238,O,O,6.0,False,3675
에스에프에이,2025,의무,제조업(10~34),768.0,7233697551.0,775148170.0,10.715794578567113,12.0,2.0,0.0,2.0,16.666666666666664,0.0,O,X,0.0,False,3676
핸즈코퍼레이션,2025,의무,제조업(10~34),867.0,251110000.0,70110000.0,27.92003504440285,4.0,0.0,0.0,0.0,0.0,,O,O,0.0,False,3677
삼목에스폼,2025,의무,제조업(10~34),328.5,543039683.0,9062167.0,1.6687854099237163,1.6,0.0,0.0,0.0,0.0,,O,O,0.0,False,3678
엘에스,2025,의무,금융 및 보험업(64~66),98.1,2498944719.0,345648262.0,13.831769041226238,4.8,0.0,0.6,0.6,12.5,100.0,O,O,0.0,True,3679
파라다이스,2025,의무,"예술, 스포츠 및 여가관련 서비스업(90~91)",1370.9,8304595119.0,1039165123.0,12.51313409154053,58.6,4.7,3.2,7.8,13.310580204778155,41.02564102564103,O,O,0.0,False,3680
케이비아이메탈,2025,의무,제조업(10~34),210.0,246625674.0,37592468.0,15.242722864287034,0.0,0.0,0.0,0.0,,,X,X,0.0,False,3681
크몽,2025,자율,정보통신업(58~63),146.3,6178863114.0,647805977.0,10.484226063079603,47.8,2.8,0.0,2.8,5.857740585774058,0.0,X,O,0.0,False,3682
Google,2025,의무,,,,,,,,,,,,O,X,0.0,False,3683
대한제분,2025,의무,제조업(10~34),388.9,3161595303.0,96607090.0,3.0556437728867665,15.9,0.0,0.0,0.0,0.0,,O,X,3.0,False,3684
금호타이어,2025,의무,제조업(10~34),5452.8,19824846521.0,1455479159.0,7.341691939245252,103.6,2.0,0.0,2.0,1.9305019305019304,0.0,X,X,0.0,False,3685
에스지씨에너지,2025,의무,"전기, 가스, 증기 및 공기 조절 공급업(35)",235.1,999135278.0,102235201.0,10.232368253941285,2.0,0.0,0.0,0.0,0.0,,O,O,0.0,False,3686
유신,2025,의무,"전문, 과학 및 기술 서비스업(70~73)",1761.6,4234456911.0,179169988.0,4.231238899481152,9.3,0.5,0.0,0.5,5.376344086021505,0.0,O,O,0.0,True,3687
씨제이씨지브이,2025,의무,정보통신업(58~63),4473.8,48223285477.0,3363191335.0,6.974206136585338,248.3,3.3,0.0,3.3,1.3290374546919048,0.0,X,X,0.0,False,3688
솔루엠,2025,의무,제조업(10~34),460.3,7318768570.0,852493126.0,11.648040484493691,6.9,0.0,1.2,1.2,17.391304347826086,100.0,X,X,0.0,False,3689
세방전지,2025,의무,제조업(10~34),848.3,5867193093.0,263063355.0,4.483632136018401,17.2,0.0,1.1,1.1,6.395348837209303,100.0,O,O,0.0,False,3690
에스제이지세종,2025,의무,제조업(10~34),589.1,3981619898.0,303139983.0,7.613483726868797,13.3,1.0,0.0,1.0,7.518796992481203,0.0,X,X,1.0,False,3691
케이티엠오에스남부,2025,의무,"사업시설 관리, 사업 지원 및 임대 서비스업(74~76)",1047.8,69986397085.0,39268680.0,0.05610901780285579,981.7,0.0,0.0,0.0,0.0,,O,X,0.0,False,3692
가온그룹,2025,자율,제조업(10~34),300.0,10360431667.0,650979898.0,6.283327943501603,3.0,0.0,0.0,0.0,0.0,,O,X,0.0,False,3693
도이치모터스,2025,의무,도매 및 소매업(45~47),1243.2,2629120050.0,430144281.0,16.360769870512378,3.2,0.8,0.0,0.8,25.0,0.0,O,O,0.0,False,3694
한국공항,2025,의무,운수 및 창고업(49~52),3201.9,6150025160.0,111644600.0,1.8153519228854669,12.4,0.0,0.0,0.0,0.0,,X,O,0.0,False,3695
카카오엔터프라이즈,2025,의무,정보통신업(58~63),527.3,133739253518.0,6570599515.0,4.912992515032739,524.1,14.5,12.8,27.3,5.208929593589009,46.88644688644688,X,X,0.0,False,3696
교보디티에스,2025,의무,정보통신업(58~63),432.8,6116650665.0,200694456.0,3.28111685613159,67.7,2.0,0.0,2.0,2.954209748892171,0.0,O,O,0.0,False,3697
한화비전,2025,자율,제조업(10~34),876.9,17688543305.0,1169428990.0,6.611222698419936,24.8,1.0,3.0,4.0,16.129032258064516,75.0,O,O,0.0,False,3698
에스에프에이반도체,2025,의무,제조업(10~34),564.0,2740990295.0,343013082.0,12.514202718109221,15.6,0.0,0.0,0.0,0.0,,O,X,0.0,False,3699
아진산업,2025,의무,제조업(10~34),682.2,2169289789.0,30617000.0,1.4113835853214354,7.2,0.0,0.0,0.0,0.0,,X,X,0.0,False,3700
숙명여자대학교,2025,자율,교육 서비스업(85),1894.5,5450867076.0,490782810.0,9.003756708008925,15.0,1.0,1.4,2.4,16.0,58.333333333333336,O,O,0.0,False,3701
토스증권,2025,자율,금융 및 보험업(64~66),354.5,70849861641.0,8192623231.0,11.563358122719357,221.4,19.5,2.2,21.7,9.801264679313459,10.138248847926267,O,O,3.0,False,3702
대원제약,2025,의무,제조업(10~34),1280.0,4564815236.0,404841140.0,8.86873003768602,11.2,1.0,0.2,1.2,10.714285714285715,16.666666666666668,O,O,0.0,False,3703
디에이피,2025,의무,제조업(10~34),1139.9,876358548.0,65905508.0,7.5203817148138326,5.7,0.0,0.0,0.0,0.0,,O,O,0.0,False,3704
피엔티,2025,의무,제조업(10~34),574.4,673498899.0,150687000.0,22.373755951752493,1.8,0.1,0.0,0.1,5.555555555555556,0.0,X,O,4.0,False,3705
케이지스틸,2025,의무,제조업(10~34),1140.0,11624599805.0,625373149.0,5.379739169438015,51.7,0.0,0.3,0.3,0.5802707930367504,100.0,X,X,0.0,False,3706
동화약품,2025,의무,제조업(10~34),814.0,2606313171.0,144079002.0,5.5280771168692375,7.1,0.0,0.0,0.0,0.0,,O,O,0.0,False,3707
매일유업,2025,의무,제조업(10~34),2024.7,17503983538.0,1274837845.0,7.283129821462701,91.2,0.0,5.0,5.0,5.482456140350877,100.0,O,O,0.0,False,3708
쿠쿠홈시스,2025,의무,"사업시설 관리, 사업 지원 및 임대 서비스업(74~76)",820.6,2073967827.0,147298200.0,7.102241321316312,7.0,0.0,0.0,0.0,0.0,,O,O,0.0,False,3709
지니뮤직,2022,자율,정보통신업(58~63),244.3,18401902521.0,2583731759.0,14.040568664307838,92.6,5.0,1.4,6.4,6.911447084233262,21.874999999999996,O,O,0.0,False,371
디와이피,2025,의무,제조업(10~34),597.2,963123516.0,64010307.0,6.646116093794972,3.8,0.0,0.0,0.0,0.0,,O,O,1.0,False,3710
트리니티항공,2025,의무,운수 및 창고업(49~52),2922.8,31785597052.0,1010944476.0,3.180511205581994,91.9,6.0,0.2,6.2,6.746463547334058,3.225806451612903,X,X,0.0,False,3711
화신정공,2025,의무,제조업(10~34),230.0,302229678.0,179656927.0,59.443840257143776,2.0,0.0,2.0,2.0,100.0,100.0,X,X,0.0,False,3712
한솔제지,2025,의무,제조업(10~34),1655.4,14044692265.0,793038292.0,5.64653377259313,25.7,1.5,1.0,2.5,9.72762645914397,40.0,O,O,0.0,False,3713
원익홀딩스,2025,자율,제조업(10~34),412.6,3948200691.0,375148126.0,9.501749160197388,11.0,0.0,0.0,0.0,0.0,,X,O,0.0,False,3714
"MetaPlatforms,Inc.",2025,의무,,,,,,,,,,,,O,X,0.0,False,3715
에코프로비엠,2025,의무,제조업(10~34),1261.2,9233510161.0,945676898.0,10.241791924313885,19.8,0.0,3.8,3.8,19.19191919191919,100.0,O,O,0.0,False,3716
대웅제약,2025,의무,제조업(10~34),1879.4,12948272286.0,915620507.0,7.071372046987243,50.4,0.0,4.3,4.3,8.531746031746032,100.0,O,O,5.0,False,3717
팜스토리,2025,의무,제조업(10~34),426.0,218872634.0,126184371.0,57.65196347022533,8.6,0.0,0.3,0.3,3.488372093023256,100.0,O,O,4.0,False,3718
대한제당,2025,의무,제조업(10~34),310.3,1322505241.0,114910000.0,8.688812447587118,6.1,0.0,0.0,0.0,0.0,,X,O,0.0,False,3719
동방,2022,의무,운수 및 창고업(49~52),788.0,5448497347.0,858159521.0,15.750388893416856,16.5,1.0,4.0,5.0,30.303030303030305,80.0,X,O,7.0,False,372
딜라이브,2025,의무,정보통신업(58~63),1034.0,43708014871.0,2134290156.0,4.88306358067085,215.6,9.0,4.0,13.0,6.029684601113173,30.76923076923077,O,X,2.0,True,3720
평화이즈,2025,자율,정보통신업(58~63),191.5,18917335172.0,1712878143.0,9.054542447052858,34.2,2.5,0.1,2.6,7.602339181286549,3.8461538461538463,O,O,1.0,False,3721
케이티,2025,의무,정보통신업(58~63),19278.8,1980374629580.0,125028445062.0,6.313373398876361,6178.9,172.3,117.9,290.2,4.696628849795271,40.62715368711234,O,O,0.0,False,3722
종근당,2025,의무,제조업(10~34),2344.1,11772759569.0,1486350165.0,12.625333561672775,26.0,0.0,6.5,6.5,25.0,100.0,O,O,1.0,False,3723
딜라이브경기동부케이블티브이,2025,의무,정보통신업(58~63),11.0,1414307922.0,34190407.0,2.4174655651826296,7.0,0.0,1.0,1.0,14.285714285714285,100.0,O,X,0.0,False,3725
한국케이블티브이푸른방송,2025,의무,정보통신업(58~63),104.4,2162868617.0,208539478.0,9.64180054030531,6.0,0.0,0.0,0.0,0.0,,O,O,0.0,False,3726
마이크로소프트5673코리아,2025,자율,,,,,,,,,,,,O,O,0.0,False,3727
대덕전자,2025,의무,제조업(10~34),2390.6,15505295641.0,1697974062.0,10.95092993589957,30.1,7.0,0.0,7.0,23.25581395348837,0.0,O,O,0.0,False,3728
비누랩스,2025,자율,정보통신업(58~63),69.4,3806895468.0,371012277.0,9.745796282526136,29.6,2.5,0.0,2.5,8.445945945945946,0.0,O,O,1.0,False,3729
서울도시가스,2022,의무,"전기, 가스, 증기 및 공기 조절 공급업(35)",490.0,11955968566.0,1099170882.0,9.193490898979,28.0,1.0,1.0,2.0,7.142857142857142,50.0,O,O,0.0,False,373
진흥기업,2025,의무,건설업(41~42),586.0,1431547329.0,152078729.0,10.623381142852875,10.4,0.0,0.0,0.0,0.0,,O,O,0.0,False,3730
로그프레소,2025,자율,정보통신업(58~63),64.9,3488793607.0,99651192.0,2.8563223631245322,51.5,3.3,0.0,3.3,6.407766990291262,0.0,O,O,0.0,False,3731
텐센트코리아유한회사,2025,의무,정보통신업(58~63),,,,,,,,,,,X,O,0.0,False,3732
아모에스넷,2025,의무,정보통신업(58~63),2.0,256140764.0,166667.0,0.0650685183401733,2.0,0.0,0.0,0.0,0.0,,O,O,0.0,False,3733
딜라이브강남케이블티브이,2025,의무,정보통신업(58~63),82.1,2418451001.0,163986344.0,6.780635370830075,10.0,1.0,0.0,1.0,10.0,0.0,O,X,0.0,False,3734
제주은행,2025,자율,금융 및 보험업(64~66),451.3,35063710260.0,3793738212.0,10.819557268381331,77.0,4.7,8.1,12.8,16.623376623376622,63.281249999999986,O,O,3.0,False,3735
한진,2025,의무,운수 및 창고업(49~52),1618.0,31655554124.0,1487814135.0,4.700009765022554,136.8,4.1,2.2,6.3,4.605263157894736,34.920634920634924,O,X,0.0,False,3736
미창석유공업,2025,의무,제조업(10~34),82.7,318341476.0,7868000.0,2.471559816478328,1.3,0.0,0.0,0.0,0.0,,X,O,0.0,False,3737
예스이십사,2025,의무,도매 및 소매업(45~47),463.0,14619557906.0,1665823784.0,11.394488087196745,112.6,7.7,2.4,10.1,8.969804618117228,23.762376237623762,O,O,0.0,False,3738
티머니,2025,의무,정보통신업(58~63),261.0,57114754803.0,6390841673.0,11.189475810660953,250.2,6.0,5.5,11.5,4.596322941646683,47.82608695652174,O,O,0.0,False,3739
롯데정밀화학,2022,의무,제조업(10~34),891.1,8643654481.0,842200047.0,9.743564470922308,21.3,1.0,0.3,1.3,6.103286384976526,23.076923076923077,O,O,0.0,False,374
유니트론텍,2025,의무,도매 및 소매업(45~47),113.0,158939629.0,24350432.0,15.3205541960841,1.0,0.0,0.0,0.0,0.0,,X,X,0.0,False,3740
제이씨엔울산중앙방송,2025,의무,정보통신업(58~63),157.0,2143539902.0,111497882.0,5.201577161963184,6.0,0.0,0.0,0.0,0.0,,O,O,2.0,False,3741
티빙,2025,자율,정보통신업(58~63),230.4,26384712218.0,1765098496.0,6.6898531294035735,132.7,4.1,3.4,7.5,5.651846269781462,45.33333333333333,X,O,1.0,False,3742
정보보호공시우수기업(고시성실성및다양한정보보호노력평가를통해공시연도에과학기술정보통신부장관표창을수여받은자)호텔롯데,2025,자율,숙박 및 음식점업(55~56),5346.4,159048817165.0,8552071064.0,5.377010163570052,365.1,19.6,9.3,28.9,7.915639550807997,32.17993079584775,O,O,8.0,False,3743
케이아이엔엑스,2025,의무,정보통신업(58~63),162.3,48800603675.0,416334859.0,0.8531346492610781,117.4,2.0,0.0,2.0,1.7035775127768313,0.0,O,O,0.0,False,3744
서울이동통신,2025,의무,정보통신업(58~63),9.0,217402919.0,0.0,0.0,4.0,4.0,0.0,4.0,100.0,0.0,O,X,0.0,False,3745
씨제이올리브네트웍스,2025,의무,정보통신업(58~63),1480.3,60458222134.0,8221048361.0,13.597899625263235,203.8,20.1,5.7,25.8,12.659470068694798,22.093023255813954,X,O,0.0,True,3746
XCorp.,2025,의무,,,,,,,,,,,,X,O,0.0,False,3747
GS글로벌,2025,의무,도매 및 소매업(45~47),273.3,3606161860.0,91136513.0,2.527244104345333,11.5,0.0,0.0,0.0,0.0,,X,X,0.0,False,3748
SK네트웍스,2025,의무,도매 및 소매업(45~47),1624.0,37716398501.0,3572985561.0,9.473294649024528,179.6,4.3,9.6,13.9,7.739420935412027,69.06474820143885,O,X,1.0,False,3749
지에스건설,2022,의무,건설업(41~42),6399.0,36071308160.0,1236002444.0,3.4265528672193297,121.8,3.3,2.0,5.3,4.351395730706075,37.735849056603776,O,X,0.0,False,375
에스케이바이오팜,2025,의무,"전문, 과학 및 기술 서비스업(70~73)",266.3,10049994660.0,902998330.0,8.985062784103013,17.8,0.0,2.4,2.4,13.48314606741573,100.0,O,O,0.0,False,3750
케이티엠오에스북부,2025,의무,"사업시설 관리, 사업 지원 및 임대 서비스업(74~76)",1045.2,57324194110.0,102749608.0,0.17924300479974076,872.8,1.0,0.0,1.0,0.1145737855178735,0.0,O,O,0.0,False,3751
에스케이텔레콤,2025,의무,정보통신업(58~63),5709.0,1543260621095.0,65231474703.0,4.226860571140335,3187.5,51.1,168.1,219.2,6.876862745098039,76.68795620437956,O,O,0.0,False,3752
포스코디엑스,2025,의무,정보통신업(58~63),2203.8,16562054512.0,3693620142.0,22.30170260171403,30.3,3.0,3.3,6.3,20.792079207920793,52.38095238095239,O,O,3.0,True,3753
삼성이앤에이,2025,의무,건설업(41~42),5866.8,129310558268.0,5845904841.0,4.520825614938718,306.3,6.0,5.7,11.7,3.819784524975514,48.71794871794872,O,O,0.0,False,3754
아이마켓코리아,2025,의무,도매 및 소매업(45~47),429.8,45168986144.0,1598043605.0,3.5379222369645227,44.2,4.0,0.2,4.2,9.502262443438914,4.761904761904762,O,X,0.0,False,3755
한신공영,2025,의무,건설업(41~42),956.8,2212327227.0,167668495.0,7.578828889041196,8.0,0.0,0.4,0.4,5.0,100.0,X,O,0.0,False,3756
건국대학교병원,2025,의무,보건업 및 사회복지 서비스업(86~87),2049.1,11391231145.0,439767497.0,3.860579171839814,44.3,2.0,0.0,2.0,4.514672686230249,0.0,O,O,3.0,False,3757
남양유업,2025,의무,제조업(10~34),2041.7,8716729224.0,374978830.0,4.3018295092563035,21.2,3.0,0.8,3.8,17.92452830188679,21.05263157894737,X,X,0.0,False,3758
글로벌스탠다드테크놀로지,2025,의무,제조업(10~34),730.5,3596812048.0,265491683.0,7.381305429835459,10.6,1.2,0.0,1.2,11.320754716981133,0.0,O,O,0.0,False,3759
세종네트웍스,2025,의무,정보통신업(58~63),199.0,19682006432.0,642677539.0,3.2653049942870784,139.5,4.0,3.5,7.5,5.376344086021505,46.666666666666664,O,O,0.0,False,3760
삼성전자,2025,의무,제조업(10~34),124335.3,6659819611072.0,347798797553.0,5.222345616911033,12612.1,902.6,112.4,1015.0,8.047827086686594,11.073891625615765,O,X,11.0,True,3761
에스에프에이넥셀,2025,의무,제조업(10~34),376.2,475952863.0,58794500.0,12.353008999548765,3.0,3.0,0.0,3.0,100.0,0.0,O,O,0.0,False,3762
SK오션플랜트,2025,의무,제조업(10~34),674.2,2823119951.0,480026677.0,17.003410600033693,21.4,2.1,5.3,7.4,34.57943925233645,71.62162162162161,O,O,3.0,False,3763
네패스,2025,의무,제조업(10~34),1066.5,5753214035.0,466794518.0,8.113630314468216,48.3,1.0,0.0,1.0,2.070393374741201,0.0,X,O,0.0,False,3764
에스케이바이오사이언스,2025,자율,제조업(10~34),1128.7,19336077288.0,3441150310.0,17.79652748975917,63.3,6.2,4.6,10.8,17.061611374407583,42.59259259259259,O,O,0.0,False,3765
동일산업,2025,의무,제조업(10~34),252.8,482121275.0,39272754.0,8.145824720139139,3.5,0.5,0.0,0.5,14.285714285714285,0.0,O,O,0.0,False,3766
현대위아,2025,의무,제조업(10~34),2900.8,29187733364.0,3522887742.0,12.069754434392332,51.7,13.0,0.0,13.0,25.145067698259187,0.0,O,X,2.0,False,3767
롯데쇼핑,2025,의무,도매 및 소매업(45~47),20307.6,180233625536.0,7220413026.0,4.006140921000221,951.0,22.6,9.8,32.4,3.406940063091483,30.246913580246915,O,X,4.0,False,3768
삼원강재,2025,의무,제조업(10~34),290.0,680832073.0,25668720.0,3.770198411319556,3.0,0.0,0.0,0.0,0.0,,O,O,0.0,False,3769
지누스,2022,의무,도매 및 소매업(45~47),155.0,1514955228.0,112687409.0,7.438332626421353,5.0,2.0,1.0,3.0,60.0,33.33333333333333,X,X,1.0,False,377
서울반도체,2025,의무,제조업(10~34),242.3,5891623740.0,339822400.0,5.767890398241895,48.3,1.3,1.0,2.3,4.761904761904762,43.47826086956522,O,O,6.0,False,3770
에쓰-오일(S-OIL),2025,의무,제조업(10~34),3451.7,38682449815.0,4372605722.0,11.30384901398986,165.0,7.6,12.0,19.6,11.87878787878788,61.22448979591836,O,O,0.0,False,3771
당근마켓,2025,의무,정보통신업(58~63),502.6,85278519002.0,4631455940.0,5.430976046724475,259.7,7.6,1.8,9.4,3.6195610319599543,19.148936170212767,X,O,0.0,False,3772
원익머트리얼즈,2025,자율,제조업(10~34),520.2,3414424267.0,432191834.0,12.657824576081014,14.1,1.0,0.2,1.2,8.51063829787234,16.666666666666668,O,O,0.0,False,3773
아시아나IDT,2025,의무,정보통신업(58~63),439.4,10349495446.0,1269403720.0,12.265368168171085,66.1,8.7,3.0,11.7,17.700453857791228,25.641025641025646,O,O,0.0,False,3774
금강방송,2025,의무,정보통신업(58~63),55.0,2338291067.0,166819736.0,7.134258790717092,8.0,0.0,0.0,0.0,0.0,,O,O,0.0,False,3775
일성건설,2025,의무,건설업(41~42),462.3,694658918.0,54335065.0,7.82183364987765,1.3,0.0,0.0,0.0,0.0,,O,X,0.0,False,3776
AJ네트웍스,2025,의무,"사업시설 관리, 사업 지원 및 임대 서비스업(74~76)",624.7,8363648209.0,186472006.0,2.2295534357762703,45.6,1.8,0.0,1.8,3.9473684210526314,0.0,O,O,3.0,False,3777
호전실업,2025,의무,제조업(10~34),163.0,620468327.0,28520400.0,4.596592405916636,4.0,1.0,0.0,1.0,25.0,0.0,O,O,0.0,False,3778
에스케이브로드밴드,2025,의무,정보통신업(58~63),2635.4,576689112612.0,28115186705.0,4.875276139280277,2283.6,28.3,89.7,118.0,5.167279733753722,76.01694915254238,O,X,0.0,False,3779
엔에스쇼핑,2022,의무,도매 및 소매업(45~47),426.4,26503250854.0,1420230121.0,5.358701575228278,119.1,3.9,2.7,6.6,5.541561712846348,40.909090909090914,O,X,0.0,False,378
서흥,2025,의무,제조업(10~34),799.2,2769315377.0,383905260.0,13.862821951896453,7.0,0.0,0.0,0.0,0.0,,X,O,0.0,False,3780
LG유플러스,2025,의무,정보통신업(58~63),10883.4,1112576572415.0,82831649529.0,7.445029095768442,4898.5,130.1,162.8,292.9,5.979381443298968,55.58210993513145,O,O,1.0,False,3781
순천향대학교부속천안병원,2025,자율,보건업 및 사회복지 서비스업(86~87),2289.0,5171689077.0,604106822.0,11.681035209302085,21.4,1.8,1.0,2.8,13.084112149532709,35.714285714285715,O,O,2.0,False,3782
숭실대학교,2026,자율,교육 서비스업(85),1939.0,4005754541.0,376549434.0,9.400212373122539,18.0,1.7,0.7,2.4,13.333333333333334,29.166666666666668,O,O,0.0,False,3786
성균관대학교,2026,자율,교육 서비스업(85),3511.1,9217930840.0,324220000.0,3.5172752500278035,49.0,1.5,1.0,2.5,5.1020408163265305,40.0,O,O,0.0,False,3787
에이아이브,2026,자율,정보통신업(58~63),8.1,274867370.0,25055400.0,9.115450844529127,4.0,0.4,0.0,0.4,10.0,0.0,O,O,1.0,False,3788
라포랩스,2026,자율,정보통신업(58~63),275.0,11950707330.0,310766488.0,2.6004024650480666,74.0,1.0,0.0,1.0,1.3513513513513513,0.0,O,O,0.0,False,3790
아마존웹서비시즈코리아유한책임회사,2026,의무,"사업시설 관리, 사업 지원 및 임대 서비스업(74~76)",,,,,,,,,,,O,O,0.0,False,3791
디어유,2026,자율,정보통신업(58~63),100.3,8790420641.0,510322871.0,5.805443127713005,30.3,1.5,0.2,1.7,5.6105610561056105,11.764705882352942,O,O,0.0,False,3793
LB세미콘,2026,의무,제조업(10~34),1525.0,9456028124.0,2562337774.0,27.09740009652281,24.0,6.0,0.0,6.0,25.0,0.0,O,O,0.0,True,3794
다자키,2026,자율,정보통신업(58~63),2.0,14053260.0,14053260.0,100.0,2.0,1.0,1.0,2.0,100.0,50.0,O,O,0.0,False,3795
나이스평가정보,2026,자율,정보통신업(58~63),777.0,59197153075.0,4728594954.0,7.9878756128847845,194.0,15.0,1.0,16.0,8.24742268041237,6.25,O,O,0.0,False,3796
쿠도커뮤니케이션,2026,자율,제조업(10~34),304.0,7259508481.0,7259508481.0,100.0,14.0,4.0,0.0,4.0,28.57142857142857,0.0,X,O,0.0,False,3797
(학)단국대학교,2026,자율,교육 서비스업(85),3915.0,5098986667.0,437828491.0,8.586578463394911,38.0,2.0,0.0,2.0,5.263157894736842,0.0,O,O,3.0,False,3798
고려아연,2026,의무,제조업(10~34),2027.8,20869035532.0,2829972249.0,13.560627872143872,62.5,9.0,2.0,11.0,17.599999999999998,18.181818181818183,O,X,3.0,False,3799
비에이치아이,2026,의무,제조업(10~34),633.9,2581904117.0,349362970.0,13.53121394786482,7.1,0.0,0.0,0.0,0.0,,X,O,3.0,False,3800
스트리미,2026,자율,정보통신업(58~63),69.0,5322765955.0,710778243.0,13.353550560161723,30.0,4.0,0.0,4.0,13.333333333333334,0.0,O,X,0.0,False,3801
노루페인트,2026,의무,제조업(10~34),800.3,7707593382.0,629509206.0,8.167389933544369,33.8,0.0,3.1,3.1,9.171597633136095,100.0,O,O,0.0,False,3802
STX엔진,2026,의무,제조업(10~34),904.3,6146312121.0,805362758.0,13.103186791447358,23.3,1.0,0.0,1.0,4.291845493562231,0.0,O,O,0.0,False,3803
백패커,2026,자율,도매 및 소매업(45~47),154.6,7918427229.0,511999199.0,6.465920367682146,52.0,2.9,0.0,2.9,5.576923076923077,0.0,X,O,0.0,False,3804
남광토건,2026,의무,건설업(41~42),552.0,562386448.0,60223900.0,10.708632865207306,5.0,1.0,0.0,1.0,20.0,0.0,O,O,0.0,False,3805
엘아이지디펜스앤에어로스페이스,2026,의무,제조업(10~34),5270.5,54471427708.0,7745030051.0,14.218518546123068,219.3,31.4,16.5,47.9,21.8422252621979,34.44676409185804,O,X,5.0,False,3806
아이파크현대산업개발,2026,의무,건설업(41~42),1766.2,12892905357.0,1176337149.0,9.123910526197466,30.2,1.0,4.0,5.0,16.55629139072848,80.0,X,O,0.0,False,3807
에스에이엠티,2026,의무,도매 및 소매업(45~47),131.0,72462150.0,42888000.0,59.18676164038743,4.0,1.0,0.0,1.0,25.0,0.0,O,O,1.0,False,3808
이랜텍,2026,의무,제조업(10~34),377.0,1781300631.0,136803258.0,7.679964606715507,5.0,0.0,0.0,0.0,0.0,,O,X,0.0,False,3809
신원,2026,의무,제조업(10~34),813.1,4331573849.0,545015340.0,12.582385964072248,32.3,0.0,0.0,0.0,0.0,,X,O,0.0,False,3810
롯데캐피탈,2026,자율,금융 및 보험업(64~66),430.5,27937208566.0,2638013476.0,9.442652331451976,73.2,7.0,0.0,7.0,9.562841530054644,0.0,O,O,2.0,False,3812
에스티아이,2026,의무,제조업(10~34),420.6,2150356698.0,70530294.0,3.2799346297104424,3.0,0.0,0.0,0.0,0.0,,O,O,0.0,False,3813
한화엔진,2026,의무,제조업(10~34),865.0,9875605026.0,1466126607.0,14.845942128508128,25.0,0.0,0.0,0.0,0.0,,X,O,1.0,False,3814
미래나노텍,2026,의무,제조업(10~34),420.0,793949051.0,181305806.0,22.835949708818283,5.0,1.0,0.0,1.0,20.0,0.0,O,O,0.0,False,3816
알리바바코리아유한회사,2026,의무,정보통신업(58~63),,,,,,,,,,,O,O,0.0,False,3817
모티브앤,2026,자율,"전문, 과학 및 기술 서비스업(70~73)",5.0,0.0,0.0,,0.0,0.0,0.0,0.0,,,X,X,0.0,False,3818
코오롱베니트,2026,자율,정보통신업(58~63),567.8,3362788031.0,188995137.0,5.620191794955273,20.4,0.8,0.4,1.3,6.3725490196078445,30.76923076923077,O,O,0.0,False,3819
제우스,2026,자율,제조업(10~34),625.5,2388380933.0,322153133.0,13.488348049879528,5.3,1.3,0.0,1.3,24.528301886792455,0.0,O,O,3.0,False,3820
충북대학교병원,2026,자율,보건업 및 사회복지 서비스업(86~87),2546.0,12095829934.0,1052949523.0,8.705062230085419,36.5,2.0,0.6,2.6,7.123287671232877,23.076923076923077,O,O,5.0,False,3821
에스에스지닷컴,2026,의무,도매 및 소매업(45~47),2494.7,88633432750.0,4639073022.0,5.233999043098103,447.9,10.0,7.6,17.6,3.929448537620005,43.18181818181818,O,O,2.0,False,3822
코나아이,2026,의무,정보통신업(58~63),405.2,20206864299.0,4161852511.0,20.59623130742736,99.9,13.7,0.0,13.7,13.713713713713712,0.0,O,O,3.0,False,3823
신도리코,2026,자율,제조업(10~34),310.1,2513143234.0,59055086.0,2.3498495907854013,17.0,0.0,0.0,0.0,0.0,,O,O,0.0,False,3824
디에이치오토웨어,2026,의무,제조업(10~34),290.8,1018318190.0,90591139.0,8.896152488447644,7.4,0.0,0.0,0.0,0.0,,X,X,0.0,False,3825
세진중공업,2026,의무,제조업(10~34),349.9,1042000767.0,67740122.0,6.500966615891176,7.0,0.0,0.0,0.0,0.0,,O,O,3.0,False,3826
태영건설,2026,의무,건설업(41~42),1208.4,3278586929.0,229470415.0,6.999064535098072,16.3,1.0,0.0,1.0,6.134969325153374,0.0,X,O,0.0,False,3827
토스페이먼츠,2026,자율,금융 및 보험업(64~66),479.6,41183136718.0,4436495983.0,10.772603391962933,161.9,18.0,1.0,19.0,11.735639283508338,5.263157894736842,O,O,0.0,False,3828
에이피위성,2026,의무,제조업(10~34),169.2,1372461505.0,204118542.0,14.872442050751724,4.0,1.0,0.0,1.0,25.0,0.0,O,O,0.0,False,3829
영진약품,2026,자율,제조업(10~34),627.0,1284290000.0,340000000.0,26.47377150020634,5.0,1.0,0.0,1.0,20.0,0.0,X,O,0.0,False,3830
LF,2026,의무,제조업(10~34),943.3,32493006557.0,2269264687.0,6.983855689128681,130.4,2.0,7.4,9.4,7.208588957055214,78.72340425531915,O,O,6.0,False,3831
롯데건설,2026,자율,건설업(41~42),5800.0,22777221907.0,1939846564.0,8.516607389261276,67.2,5.6,2.4,8.0,11.904761904761903,30.0,X,X,8.0,False,3832
디에스단석,2026,의무,제조업(10~34),439.3,886623383.0,110073600.0,12.414921838351741,3.0,0.0,0.0,0.0,0.0,,X,O,0.0,False,3833
디에이피,2026,의무,제조업(10~34),1159.8,984436660.0,88867795.0,9.02727403508114,6.1,0.0,0.0,0.0,0.0,,O,O,0.0,False,3835
웰컴저축은행,2026,자율,금융 및 보험업(64~66),617.3,23713502573.0,3751816947.0,15.821437324369736,102.5,6.0,1.8,7.8,7.609756097560975,23.076923076923077,O,X,2.0,False,3837
토스증권,2026,자율,금융 및 보험업(64~66),451.2,91524610443.0,8289265336.0,9.056870382597712,298.0,19.9,2.3,22.2,7.4496644295302,10.36036036036036,O,O,4.0,False,3838
비에이치,2026,의무,제조업(10~34),1556.3,1529057272.0,136343258.0,8.916818257674786,8.3,0.0,0.0,0.0,0.0,,O,O,0.0,False,3839
독립기념관,2026,자율,"예술, 스포츠 및 여가관련 서비스업(90~91)",155.8,2979176261.0,285627646.0,9.587470527981628,4.9,1.5,0.0,1.5,30.61224489795918,0.0,X,X,0.0,False,3840
울산대학교병원,2026,의무,보건업 및 사회복지 서비스업(86~87),3217.3,7869094453.0,662734911.0,8.421997155560131,36.5,1.0,1.0,2.0,5.47945205479452,50.0,O,O,4.0,False,3841
SK네트웍스서비스,2026,의무,"협회 및 단체, 수리 및 기타 개인 서비스업(94~96)",637.5,3740861102.0,860628245.0,23.006153437236065,12.0,2.0,0.0,2.0,16.666666666666664,0.0,O,O,0.0,False,3842
한글과컴퓨터,2026,자율,정보통신업(58~63),425.2,37802954894.0,876360896.0,2.3182338482727816,271.3,2.0,1.8,3.8,1.4006634721710283,47.36842105263158,O,O,0.0,False,3843
신한저축은행,2026,자율,금융 및 보험업(64~66),218.2,11742167983.0,1151266761.0,9.804550255683393,38.8,3.0,3.1,6.1,15.721649484536082,50.81967213114754,X,O,0.0,False,3844
대창스틸,2026,의무,제조업(10~34),102.0,63475000.0,27599892.0,43.481515557306025,0.0,0.0,0.0,0.0,,,O,O,0.0,False,3845
KG파이낸셜,2026,자율,정보통신업(58~63),155.8,7103662022.0,1336425366.0,18.81318905461857,62.9,3.7,2.0,5.7,9.06200317965024,35.08771929824561,O,O,1.0,False,3847
콜마비앤에이치,2026,의무,제조업(10~34),488.6,3042879759.0,120565824.0,3.9622276773638365,7.3,0.0,0.0,0.0,0.0,,O,O,0.0,False,3848
케이티지니뮤직,2026,자율,정보통신업(58~63),234.1,13446065379.0,1123763065.0,8.35756061959276,87.1,4.5,1.9,6.4,7.347876004592424,29.687499999999993,O,O,0.0,False,3849
케이씨씨,2026,의무,제조업(10~34),3609.6,16572309674.0,1449097831.0,8.744090953558898,78.5,6.0,0.0,6.0,7.643312101910828,0.0,X,O,7.0,False,3850
신세계,2026,의무,도매 및 소매업(45~47),2584.4,58721792029.0,3388386280.0,5.770236504919045,175.1,4.2,6.6,10.8,6.167904054825814,61.11111111111111,O,X,0.0,False,3851
액티스데이터센터안양,2026,의무,정보통신업(58~63),2.0,1017845743.0,494842299.0,48.616630015222256,12.0,2.0,9.0,11.0,91.66666666666666,81.81818181818183,O,X,0.0,False,3852
액티스데이터센터서울,2026,의무,정보통신업(58~63),1.5,365372036.0,182117440.0,49.844383821426334,9.0,1.5,7.5,9.0,100.0,83.33333333333334,O,X,0.0,False,3853
삼진제약,2026,의무,제조업(10~34),825.4,2317448218.0,21927380.0,0.9461864057926493,5.5,3.0,0.0,3.0,54.54545454545454,0.0,O,X,0.0,False,3854
에스텍,2026,의무,제조업(10~34),337.3,1183256465.0,164038455.0,13.863305196477418,5.6,0.4,0.0,0.4,7.142857142857144,0.0,O,O,0.0,False,3855
롯데정밀화학,2026,의무,제조업(10~34),976.4,11969267960.0,1004276853.0,8.390461775575455,21.7,1.0,0.2,1.2,5.529953917050691,16.666666666666668,O,O,3.0,False,3856
카카오헬스케어,2026,자율,정보통신업(58~63),213.6,20922632275.0,1218843043.0,5.825476579523739,134.2,4.7,0.7,5.4,4.023845007451565,12.962962962962962,X,X,0.0,False,3857
케이비아이동국실업,2026,의무,제조업(10~34),427.4,575410415.0,90169726.0,15.670506415842333,8.6,0.0,0.0,0.0,0.0,,X,O,0.0,False,3858
무림페이퍼,2026,의무,제조업(10~34),447.0,3544140754.0,131999765.0,3.7244504144205326,7.0,0.0,0.0,0.0,0.0,,O,O,0.0,False,3859
무림피앤피,2026,의무,제조업(10~34),727.0,4392609088.0,156589310.0,3.564835997534593,8.0,0.0,0.0,0.0,0.0,,O,O,0.0,False,3860
케이비아이메탈,2026,의무,제조업(10~34),205.0,315423786.0,49968253.0,15.841624892550113,0.0,0.0,0.0,0.0,,,X,X,0.0,False,3861
두산에너빌리티,2026,의무,건설업(41~42),6061.8,79877601764.0,5601161057.0,7.012179801728078,125.1,6.6,2.2,8.8,7.034372501998402,25.0,O,O,0.0,False,3862
아주스틸,2026,의무,제조업(10~34),824.0,1184798939.0,667994569.0,56.3804158673373,11.5,0.0,0.0,0.0,0.0,,O,O,1.0,False,3863
태림포장,2026,의무,제조업(10~34),963.0,2534357892.0,141102718.0,5.567592424314158,5.0,0.0,0.0,0.0,0.0,,O,X,0.0,False,3864
경남스틸,2026,의무,제조업(10~34),113.8,68881443.0,12940000.0,18.78590145099022,0.0,0.0,0.0,0.0,,,O,O,0.0,False,3865
힐링페이퍼,2026,자율,정보통신업(58~63),193.8,15752818481.0,507251869.0,3.2200705518940205,96.6,2.0,0.3,2.3,2.380952380952381,13.043478260869565,X,X,2.0,False,3866
크레이버코퍼레이션,2026,자율,도매 및 소매업(45~47),245.3,4978014263.0,181171367.0,3.6394304521501533,15.9,1.4,1.0,2.4,15.09433962264151,41.66666666666667,X,X,0.0,False,3867
케이씨텍,2026,의무,제조업(10~34),788.1,4605619154.0,1238003466.0,26.880283076050453,14.0,2.0,1.4,3.4,24.285714285714285,41.17647058823529,X,O,0.0,False,3868
스마일서브,2026,의무,정보통신업(58~63),69.7,5898473740.0,438196749.0,7.428985332737957,50.8,7.0,0.0,7.0,13.779527559055119,0.0,O,O,0.0,True,3869
신세계푸드,2022,의무,제조업(10~34),4139.9,14984520943.0,976296501.0,6.51536678892678,33.5,1.0,3.0,4.0,11.940298507462686,75.0,O,O,0.0,False,387
피엔티,2026,의무,제조업(10~34),593.9,1797183391.0,402020569.0,22.369479431718162,2.6,1.0,0.0,1.0,38.46153846153846,0.0,X,O,4.0,False,3870
카카오엔터테인먼트,2026,자율,정보통신업(58~63),1093.1,75316879508.0,3561634128.0,4.728865761919532,298.8,12.1,3.5,15.6,5.220883534136546,22.435897435897438,X,X,4.0,False,3871
엘지에너지솔루션,2026,의무,제조업(10~34),12004.8,394613622124.0,16149208235.0,4.09241022853626,1292.8,28.7,40.5,69.2,5.352722772277228,58.52601156069363,O,O,2.0,False,3872
아토리서치,2026,의무,정보통신업(58~63),36.0,6161435.0,5389162.0,87.46602049684854,14.0,2.0,0.0,2.0,14.285714285714285,0.0,O,O,0.0,False,3873
동국제약,2026,의무,제조업(10~34),1281.1,8233420526.0,1160048905.0,14.089513602963999,15.7,1.7,0.0,1.7,10.828025477707007,0.0,X,X,0.0,False,3874
그립컴퍼니,2026,자율,정보통신업(58~63),153.8,8983676865.0,565130871.0,6.290641120471779,56.5,2.2,1.1,3.3,5.84070796460177,33.333333333333336,O,O,0.0,False,3875
모요,2026,자율,정보통신업(58~63),53.4,4201730329.0,648848419.0,15.442409869136558,29.5,3.4,0.0,3.4,11.525423728813559,0.0,X,X,0.0,False,3876
한섬,2026,의무,제조업(10~34),1564.3,19907889746.0,793657997.0,3.986650554760411,134.5,3.0,1.7,4.7,3.494423791821562,36.170212765957444,O,X,0.0,False,3877
유진기업,2026,의무,제조업(10~34),661.5,7647846917.0,589811459.0,7.71212428021982,24.7,0.0,1.2,1.2,4.8582995951417,100.0,X,O,0.0,True,3878
호스트웨이아이디씨,2026,의무,정보통신업(58~63),63.8,4570964429.0,219417460.0,4.800244311855265,40.5,2.0,0.0,2.0,4.938271604938271,0.0,O,O,0.0,False,3879
콜마비앤에이치,2022,의무,제조업(10~34),450.0,4692201940.0,133686720.0,2.8491254577163403,4.9,0.0,0.0,0.0,0.0,,X,X,0.0,False,388
한익스프레스,2026,의무,운수 및 창고업(49~52),419.7,5198911700.0,1305493569.0,25.110900979526157,20.6,5.4,0.3,5.7,27.669902912621357,5.263157894736842,X,X,0.0,False,3880
한양디지텍,2026,의무,제조업(10~34),80.3,3729698745.0,294896705.0,7.90671647127897,11.0,2.0,0.0,2.0,18.181818181818183,0.0,X,X,0.0,False,3881
토스플레이스,2026,자율,제조업(10~34),165.6,18213538663.0,1190505760.0,6.536378141708727,72.7,3.3,0.0,3.3,4.539202200825309,0.0,O,O,3.0,False,3882
영남대학교의료원,2026,의무,보건업 및 사회복지 서비스업(86~87),2598.4,5576892120.0,505537182.0,9.064854960830765,26.1,2.0,0.0,2.0,7.662835249042145,0.0,O,O,2.0,False,3883
미래반도체,2026,의무,도매 및 소매업(45~47),37.4,77235876.0,5690000.0,7.367042745783061,0.0,0.0,0.0,0.0,,,X,O,0.0,False,3884
녹십자,2026,의무,제조업(10~34),2381.9,23171432638.0,2493939459.0,10.762992077192772,59.1,3.0,0.0,3.0,5.0761421319796955,0.0,O,O,0.0,False,3885
대한유화,2026,의무,제조업(10~34),866.0,1902460127.0,121910000.0,6.408018663299954,7.0,0.0,0.0,0.0,0.0,,X,X,0.0,False,3887
경상국립대학교병원,2026,자율,보건업 및 사회복지 서비스업(86~87),2364.3,5833269771.0,586000588.0,10.045833829138022,26.2,3.0,0.0,3.0,11.450381679389313,0.0,O,O,3.0,False,3888
미래나노텍,2022,의무,제조업(10~34),372.3,1132465333.0,89291500.0,7.884700520011415,2.5,0.0,0.0,0.0,0.0,,O,O,1.0,False,389
인천도시가스,2026,의무,"전기, 가스, 증기 및 공기 조절 공급업(35)",214.2,1911566910.0,102697006.0,5.372399232418184,7.1,0.0,0.0,0.0,0.0,,O,O,0.0,False,3890
심텍,2026,의무,제조업(10~34),2758.2,7219628352.0,3850088025.0,53.32806395683012,45.3,3.0,11.3,14.3,31.567328918322303,79.02097902097903,X,O,1.0,False,3891
계룡건설산업,2026,의무,건설업(41~42),1859.0,1780181228.0,478803014.0,26.896307323604695,14.0,3.0,0.0,3.0,21.428571428571427,0.0,X,O,0.0,False,3892
세방전지,2026,의무,제조업(10~34),1282.4,5797021113.0,214905947.0,3.70717895986383,16.3,0.0,1.3,1.3,7.975460122699387,100.0,O,O,0.0,False,3893
현대그린푸드,2026,의무,숙박 및 음식점업(55~56),6889.0,14706205504.0,760386142.0,5.170512147359695,47.7,3.0,2.0,5.0,10.482180293501047,40.0,O,X,0.0,False,3894
유한양행,2026,의무,제조업(10~34),2152.4,10789801701.0,1268846853.0,11.759686490646098,20.9,4.7,0.0,4.7,22.488038277511965,0.0,X,O,0.0,False,3895
그린케미칼,2026,의무,제조업(10~34),209.0,470387032.0,26158127.0,5.560979623264784,1.0,0.0,0.0,0.0,0.0,,O,O,0.0,False,3896
톱텍,2026,자율,제조업(10~34),475.4,995910419.0,94818452.0,9.520781205924909,3.9,0.0,0.8,0.8,20.512820512820515,100.0,O,O,0.0,False,3897
팬오션,2026,의무,운수 및 창고업(49~52),382.9,7697897931.0,376200576.0,4.887055912822807,30.3,0.0,0.0,0.0,0.0,,X,O,0.0,False,3898
아이티엠반도체,2026,의무,제조업(10~34),360.8,1577591517.0,94605404.0,5.996825095757662,5.8,0.0,0.0,0.0,0.0,,O,O,0.0,True,3899
에스앤티모티브,2022,의무,제조업(10~34),700.0,2721217854.0,176304155.0,6.4788695525000035,10.0,2.0,0.0,2.0,20.0,0.0,O,O,0.0,False,390
에퀴닉스코리아유한회사,2026,의무,정보통신업(58~63),,,,,,,,,,,X,O,0.0,False,3900
원티드랩,2026,자율,정보통신업(58~63),170.2,8669515263.0,415123709.0,4.788315106516699,61.6,2.0,0.0,2.0,3.2467532467532463,0.0,X,X,0.0,False,3901
극동유화,2026,의무,제조업(10~34),118.6,534770745.0,40503500.0,7.573993225826143,2.0,0.0,0.0,0.0,0.0,,O,O,0.0,False,3902
엔투비,2026,자율,도매 및 소매업(45~47),190.8,3385628527.0,575177585.0,16.988797808531697,20.3,1.0,0.9,1.9,9.35960591133005,47.36842105263158,O,O,1.0,False,3903
이루온,2026,의무,정보통신업(58~63),90.0,899000000.0,212358403.0,23.621624360400446,7.0,5.0,0.0,5.0,71.42857142857143,0.0,O,O,0.0,False,3904
디와이에이,2026,의무,제조업(10~34),545.2,1341790076.0,178142443.0,13.276476416568759,2.7,1.0,0.0,1.0,37.03703703703704,0.0,X,O,4.0,False,3905
동국대학교,2026,자율,교육 서비스업(85),2688.2,8376191394.0,236627950.0,2.825006484086555,24.7,0.0,0.5,0.5,2.0242914979757085,100.0,X,O,0.0,False,3906
에이치에스화성,2026,의무,건설업(41~42),465.8,1495119313.0,112515534.0,7.5255220785178905,3.0,0.0,0.0,0.0,0.0,,O,O,0.0,False,3907
대구가톨릭대학교의료원,2026,의무,교육 서비스업(85),2198.8,4369868612.0,494596923.0,11.31834768765812,17.6,2.0,0.0,2.0,11.363636363636363,0.0,X,O,1.0,False,3908
에스앤티모티브,2026,의무,제조업(10~34),542.0,3483314471.0,390769734.0,11.218330623126791,10.5,0.0,0.0,0.0,0.0,,O,O,0.0,False,3909
한미약품,2022,의무,제조업(10~34),2330.3,10735743531.0,722479088.0,6.729660464725199,70.7,4.0,7.0,11.0,15.558698727015557,63.63636363636363,O,O,2.0,False,391
하이트진로,2026,의무,제조업(10~34),2972.3,13814364196.0,1201884498.0,8.700252005430768,34.2,1.0,1.0,2.0,5.847953216374268,50.0,X,O,1.0,False,3910
포스코퓨처엠,2026,의무,제조업(10~34),3066.5,20544020315.0,2250982242.0,10.956873131382512,69.4,8.6,2.0,10.6,15.273775216138327,18.867924528301888,O,O,4.0,False,3911
산일전기,2026,의무,제조업(10~34),318.1,1664544868.0,158764820.0,9.538031869982612,6.5,1.2,0.0,1.2,18.46153846153846,0.0,X,O,0.0,False,3912
동원시스템즈,2026,의무,제조업(10~34),1645.8,4923598253.0,247481329.0,5.026432220565661,10.6,0.0,0.5,0.5,4.716981132075472,100.0,O,O,0.0,False,3913
서경방송,2026,의무,정보통신업(58~63),125.9,5167944191.0,362830647.0,7.0207926709400486,25.2,1.8,0.0,1.8,7.142857142857144,0.0,O,O,10.0,False,3914
넷플릭스서비시스코리아(유),2026,의무,정보통신업(58~63),145.0,4713178997.0,0.0,0.0,15.0,0.0,0.0,0.0,0.0,,O,O,0.0,False,3915
한화,2026,의무,제조업(10~34),3520.3,38811075072.0,2630414493.0,6.777484231292773,39.3,4.1,1.0,5.1,12.977099236641221,19.607843137254903,O,O,1.0,False,3916
지니언스,2026,자율,정보통신업(58~63),217.4,9438169979.0,505791133.0,5.358995802421329,87.4,5.0,0.0,5.0,5.720823798627002,0.0,O,O,1.0,False,3917
엠씨넥스,2026,의무,도매 및 소매업(45~47),509.2,2844211496.0,354361161.0,12.459029910341098,7.0,0.0,0.0,0.0,0.0,,X,O,3.0,False,3918
엔에이치엔,2026,의무,정보통신업(58~63),886.8,65905446892.0,5146840638.0,7.809431360710119,375.2,14.2,2.3,16.5,4.3976545842217485,13.939393939393938,O,X,7.0,False,3919
해태제과식품,2022,의무,제조업(10~34),1631.8,2220303471.0,341961232.0,15.40155372751746,14.5,2.5,0.0,2.5,17.24137931034483,0.0,X,X,0.0,False,392
하나투어,2026,의무,"사업시설 관리, 사업 지원 및 임대 서비스업(74~76)",1352.1,35942187297.0,2454565321.0,6.829204079087519,232.1,12.2,1.0,13.2,5.687203791469194,7.575757575757576,X,X,1.0,False,3920
가온그룹,2026,의무,제조업(10~34),300.0,20063112997.0,1846849825.0,9.20520073468238,3.0,0.0,0.0,0.0,0.0,,O,X,0.0,False,3921
유성기업,2026,의무,제조업(10~34),538.7,958450666.0,50974947.0,5.318473741871238,4.5,0.0,1.0,1.0,22.22222222222222,100.0,X,O,0.0,False,3922
컴투스,2026,의무,정보통신업(58~63),1546.3,108662330327.0,8689435929.0,7.99673254093731,693.0,8.8,18.1,26.9,3.881673881673881,67.28624535315986,O,O,0.0,False,3923
컴투스플랫폼,2026,자율,정보통신업(58~63),207.3,25093384679.0,2145979299.0,8.551972268595213,174.2,6.9,1.2,8.1,4.649827784156142,14.814814814814813,O,O,0.0,False,3924
대한제강,2026,의무,제조업(10~34),410.8,3585570399.0,167877852.0,4.682040326047438,11.6,2.0,1.3,3.3,28.448275862068968,39.3939393939394,O,X,0.0,False,3925
파마리서치,2026,의무,제조업(10~34),486.9,3884874281.0,311735898.0,8.024349707392759,5.2,1.0,0.0,1.0,19.23076923076923,0.0,O,O,0.0,False,3926
동성화인텍,2026,의무,제조업(10~34),640.1,2006398215.0,141900182.0,7.072383783993748,8.8,0.0,1.6,1.6,18.181818181818183,100.0,X,O,0.0,False,3927
한국오라클유한회사,2026,의무,정보통신업(58~63),,,,,,,,,,,O,O,0.0,False,3928
롯데물산,2026,자율,부동산업(68),266.4,4680028935.0,405007900.0,8.653961452484053,17.1,2.0,1.5,3.5,20.46783625730994,42.857142857142854,O,X,4.0,False,3929
신라교역,2022,의무,"농업, 임업 및 어업(01~03)",428.1,678334235.0,104213371.0,15.363130094709138,4.6,1.0,0.0,1.0,21.73913043478261,0.0,O,O,0.0,False,393
조흥,2026,의무,제조업(10~34),522.3,992599729.0,40508926.0,4.081093800097139,34.3,0.0,4.3,4.3,12.536443148688047,100.0,X,O,0.0,True,3930
코리아써키트,2026,의무,제조업(10~34),1234.2,6129483948.0,1444862458.0,23.57233447803459,26.8,2.6,1.7,4.4,16.417910447761194,38.63636363636363,O,O,0.0,False,3931
아이디스파워텔,2026,의무,정보통신업(58~63),115.8,6002922252.0,185044606.0,3.0825754229675137,22.0,0.0,0.4,0.4,1.8181818181818183,100.0,O,O,0.0,False,3932
라인게임즈,2026,자율,정보통신업(58~63),149.9,17142350757.0,174993470.0,1.0208253960066838,77.7,1.4,1.0,2.4,3.0888030888030884,41.66666666666667,O,O,0.0,False,3933
넛지헬스케어,2026,의무,정보통신업(58~63),240.3,13448301846.0,379741148.0,2.82371077291776,137.0,4.2,0.0,4.2,3.065693430656934,0.0,O,O,1.0,False,3934
샘표식품,2026,의무,제조업(10~34),821.3,3478516827.0,203593003.0,5.852868136779607,36.9,1.0,0.0,1.0,2.710027100271003,0.0,O,O,0.0,True,3935
크래프톤,2026,의무,정보통신업(58~63),1890.8,277243730922.0,13430860071.0,4.844423362192687,939.3,40.9,1.3,42.2,4.492707335249654,3.080568720379147,O,O,4.0,False,3936
건양대학교병원,2026,의무,보건업 및 사회복지 서비스업(86~87),1838.8,2298560381.0,381994600.0,16.618862969952147,17.1,4.1,2.3,6.4,37.42690058479532,35.93749999999999,O,O,9.0,False,3937
인하대학교의과대학부속병원,2026,의무,보건업 및 사회복지 서비스업(86~87),2735.2,10997481210.0,824533098.0,7.497472214367167,51.1,2.0,0.6,2.6,5.088062622309197,23.076923076923077,X,O,2.0,False,3939
케이씨씨글라스,2022,의무,제조업(10~34),1798.6,11645990348.0,740296688.0,6.356665821272411,31.8,0.0,3.2,3.2,10.062893081761008,100.0,X,O,0.0,False,394
에스케이하이닉스,2026,의무,제조업(10~34),33236.5,852839685153.0,68464021093.0,8.027771489165342,1960.1,50.8,121.4,172.2,8.78526605785419,70.49941927990709,O,X,7.0,False,3940
피에이치에이,2026,의무,제조업(10~34),636.0,3849236159.0,410657213.0,10.668537757545263,8.8,1.0,0.5,1.5,17.045454545454543,33.33333333333333,X,X,0.0,False,3941
강릉아산병원,2026,의무,보건업 및 사회복지 서비스업(86~87),1845.9,7615382266.0,381591791.0,5.01080284181758,25.8,1.0,0.0,1.0,3.875968992248062,0.0,O,O,6.0,False,3942
인제대학교부산백병원,2026,의무,보건업 및 사회복지 서비스업(86~87),2363.0,4094616219.0,596089861.0,14.557893319378756,7.0,1.0,0.0,1.0,14.285714285714285,0.0,O,O,4.0,False,3943
카카오,2026,의무,정보통신업(58~63),3991.0,821984683935.0,34043394692.0,4.141609370265596,3001.1,71.9,20.3,92.2,3.0722068574855887,22.017353579175705,O,X,1.0,False,3944
이노션,2026,의무,"전문, 과학 및 기술 서비스업(70~73)",1013.1,12577323073.0,1036013826.0,8.237156825716216,25.4,3.3,1.0,4.3,16.92913385826772,23.25581395348837,O,O,0.0,False,3945
네오위즈,2026,의무,정보통신업(58~63),922.3,66456154742.0,2659033820.0,4.001185187922861,468.8,12.0,0.5,12.5,2.666382252559727,4.0,O,O,3.0,False,3946
이니텍,2026,자율,정보통신업(58~63),147.2,12622751420.0,325609294.0,2.5795429472221993,102.7,0.0,0.0,0.0,0.0,,O,O,0.0,False,3947
에스케이텔링크,2026,의무,정보통신업(58~63),163.1,24139852140.0,2315205457.0,9.59080214565059,88.7,3.5,3.0,6.5,7.328072153325817,46.15384615384615,O,O,1.0,False,3948
삼성서울병원,2026,의무,보건업 및 사회복지 서비스업(86~87),7129.3,57853409068.0,5018556344.0,8.674607814556385,212.9,8.7,0.0,8.7,4.086425551902302,0.0,O,O,2.0,False,3949
(학)일송학원한림대성심병원,2022,의무,보건업 및 사회복지 서비스업(86~87),1824.4,1705411146.0,259983952.0,15.244649515149822,6.2,1.9,0.0,1.9,30.645161290322577,0.0,O,O,1.0,False,395
일진전기,2026,의무,제조업(10~34),1084.0,5737883760.0,14641175.0,0.2551668108382872,0.0,0.0,0.0,0.0,,,X,X,0.0,False,3950
선진,2026,의무,제조업(10~34),435.7,7113607721.0,212478000.0,2.986923208778383,43.0,1.0,0.0,1.0,2.3255813953488373,0.0,O,O,0.0,True,3951
카카오게임즈,2026,의무,정보통신업(58~63),489.8,65119380336.0,3769368248.0,5.788396984969737,205.3,19.4,0.3,19.7,9.595713589868485,1.5228426395939088,O,X,0.0,False,3952
피엠인터내셔널코리아,2026,자율,도매 및 소매업(45~47),145.2,2917925754.0,321843809.0,11.029883421769888,26.4,1.5,8.0,9.5,35.984848484848484,84.21052631578947,O,O,2.0,False,3953
한국단자공업,2026,의무,제조업(10~34),1148.6,5971532067.0,655372091.0,10.974940495115657,16.1,0.9,0.0,0.9,5.590062111801242,0.0,O,O,0.0,False,3954
네이블,2026,의무,정보통신업(58~63),118.4,1203092288.0,131859197.0,10.960023459147965,6.0,2.0,0.0,2.0,33.33333333333333,0.0,O,O,0.0,False,3955
지엠비코리아,2026,의무,제조업(10~34),770.3,4724141708.0,230828290.0,4.886142378182869,11.1,0.0,0.0,0.0,0.0,,O,O,0.0,False,3956
유신,2026,의무,"전문, 과학 및 기술 서비스업(70~73)",1921.6,4662998542.0,399796089.0,8.57379828449451,10.3,1.0,0.0,1.0,9.70873786407767,0.0,O,O,0.0,False,3957
디지털리얼티코리아유한회사,2026,의무,정보통신업(58~63),,,,,,,,,,,O,X,0.0,False,3958
이엔에프테크놀로지,2026,의무,제조업(10~34),633.6,2674181795.0,247341658.0,9.249246197938461,13.6,1.0,0.1,1.1,8.088235294117647,9.090909090909092,X,O,2.0,False,3959
현대건설,2022,의무,건설업(41~42),6772.4,26619294986.0,2498277114.0,9.385211423946162,89.7,6.9,5.9,13.0,14.492753623188406,45.38461538461539,X,X,6.0,False,396
동아쏘시오홀딩스,2026,자율,금융 및 보험업(64~66),89.3,2864213930.0,344375624.0,12.02339044555935,8.9,1.8,0.3,2.1,23.595505617977526,14.285714285714285,X,O,1.0,False,3960
현대공업,2026,의무,제조업(10~34),212.1,512051087.0,33327708.0,6.5086685383796485,1.0,1.0,0.0,1.0,100.0,0.0,O,O,0.0,False,3961
지엔텔,2026,의무,건설업(41~42),251.2,1566626314.0,40472036.0,2.5833879871878622,14.9,0.0,0.0,0.0,0.0,,O,O,0.0,False,3962
숲,2026,의무,정보통신업(58~63),802.9,64052780975.0,2089376706.0,3.2619609550059816,319.4,6.6,0.0,6.6,2.0663744520976834,0.0,O,X,0.0,False,3963
지누스,2026,의무,도매 및 소매업(45~47),161.0,9154933544.0,167880923.0,1.8337754413305003,13.6,0.0,0.0,0.0,0.0,,O,O,0.0,False,3964
에이치디건설기계,2026,의무,제조업(10~34),3617.9,108420675024.0,1435166832.0,1.3237021736696544,123.9,4.0,5.5,9.5,7.667473769168684,57.89473684210527,X,O,0.0,False,3965
(학)가톨릭학원가톨릭대학교성빈센트병원,2026,의무,보건업 및 사회복지 서비스업(86~87),2411.8,2447173913.0,340011642.0,13.894053062341548,120.9,1.0,2.1,3.1,2.564102564102564,67.74193548387098,O,O,5.0,False,3966
신한은행,2026,자율,금융 및 보험업(64~66),12702.0,463406837900.0,36898407940.0,7.962421984796526,1304.5,54.3,43.5,97.8,7.497125335377539,44.47852760736196,O,O,9.0,False,3967
테스,2026,의무,제조업(10~34),429.0,1412354741.0,27308570.0,1.933548931245454,2.8,0.0,0.0,0.0,0.0,,O,O,0.0,False,3968
학교법인가톨릭학원가톨릭대학교인천성모병원,2026,의무,보건업 및 사회복지 서비스업(86~87),2506.6,5410672667.0,447385270.0,8.26857024134223,25.2,1.0,1.1,2.1,8.333333333333334,52.38095238095239,O,O,6.0,False,3969
피에이치에이,2022,의무,제조업(10~34),688.3,4134274925.0,244964928.0,5.925221047073932,9.8,1.0,0.2,1.2,12.244897959183671,16.666666666666668,X,X,0.0,False,397
수산아이앤티,2026,자율,정보통신업(58~63),140.2,8586059025.0,754632837.0,8.789047860057076,89.1,5.1,0.0,5.1,5.723905723905724,0.0,O,X,0.0,False,3970
한세실업,2026,의무,제조업(10~34),436.0,5846309713.0,358159208.0,6.12624417080724,14.1,1.0,0.0,1.0,7.092198581560284,0.0,X,O,0.0,False,3971
해태제과식품,2026,의무,제조업(10~34),1531.6,3196206465.0,230248499.0,7.203805558912791,19.1,1.0,0.0,1.0,5.235602094240837,0.0,X,O,0.0,False,3972
효성화학,2026,의무,제조업(10~34),961.0,3591361234.0,301351900.0,8.391021686903914,14.1,0.4,0.5,0.9,6.382978723404256,55.55555555555556,X,O,0.0,False,3973
씨엠비,2026,의무,정보통신업(58~63),310.5,22715882513.0,937322810.0,4.126288333563895,104.7,9.7,0.0,9.7,9.264565425023877,0.0,O,O,0.0,False,3974
동아오츠카,2026,자율,제조업(10~34),869.1,3904324777.0,298065233.0,7.634232550423917,10.8,1.7,1.9,3.6,33.33333333333333,52.77777777777778,O,O,1.0,False,3975
LX인터내셔널,2026,의무,도매 및 소매업(45~47),421.6,10605119014.0,725820560.0,6.844058600774133,56.5,1.0,0.5,1.5,2.6548672566371683,33.33333333333333,X,O,0.0,False,3976
원주세브란스기독병원,2026,의무,보건업 및 사회복지 서비스업(86~87),2295.5,4432063934.0,246193513.0,5.554827652899107,25.9,1.0,0.0,1.0,3.861003861003861,0.0,O,O,1.0,False,3977
대원강업,2026,의무,제조업(10~34),679.7,2211096730.0,123071276.0,5.5660738098961415,2.0,0.0,0.0,0.0,0.0,,O,O,0.0,False,3978
신세계푸드,2026,의무,제조업(10~34),3311.0,13794518842.0,1000361042.0,7.251873395933268,45.3,1.0,2.0,3.0,6.622516556291391,66.66666666666666,X,O,0.0,False,3979
대한전선,2022,의무,제조업(10~34),876.0,4937640683.0,327340127.0,6.629484565918545,17.8,0.0,2.0,2.0,11.235955056179774,100.0,O,O,0.0,False,398
픽셀플러스,2026,자율,제조업(10~34),122.3,1568632817.0,65936803.0,4.203456811907308,2.0,0.0,0.0,0.0,0.0,,O,O,0.0,False,3980
원익피앤이,2026,의무,제조업(10~34),603.7,3294528770.0,317778308.0,9.645637667325637,7.0,2.0,0.0,2.0,28.57142857142857,0.0,X,X,0.0,False,3981
경창산업,2026,의무,제조업(10~34),1321.2,1859437940.0,375902611.0,20.215926700947062,9.0,3.0,0.0,3.0,33.33333333333333,0.0,O,O,0.0,False,3982
해성디에스,2026,의무,제조업(10~34),1390.0,11552901380.0,1255316414.0,10.865810870446468,46.7,5.0,0.0,5.0,10.70663811563169,0.0,O,O,0.0,False,3983
큐비콤,2026,의무,"전문, 과학 및 기술 서비스업(70~73)",43.9,3511065863.0,2408000.0,0.06858316232047282,39.4,0.0,0.0,0.0,0.0,,O,O,0.0,False,3984
와이어블,2026,의무,정보통신업(58~63),129.6,295543029.0,15106041.0,5.111283135695277,2.0,0.0,0.0,0.0,0.0,,O,O,0.0,False,3985
성우하이텍,2026,의무,제조업(10~34),1767.7,8215409112.0,352541897.0,4.291227523715802,34.3,1.0,0.2,1.2,3.498542274052478,16.666666666666668,O,O,2.0,False,3986
HDC현대EP,2026,의무,제조업(10~34),401.8,2092132517.0,71573673.0,3.4210869731441584,5.7,0.0,0.0,0.0,0.0,,O,O,0.0,False,3987
삼기,2026,의무,제조업(10~34),595.0,2304585915.0,172066021.0,7.466244581296072,6.0,1.0,0.0,1.0,16.666666666666664,0.0,X,O,0.0,False,3988
디비하이텍,2026,의무,제조업(10~34),2205.4,19559794970.0,795209476.0,4.065530733934886,84.4,3.0,0.0,3.0,3.5545023696682465,0.0,O,O,3.0,False,3989
우리에프아이에스,2022,자율,정보통신업(58~63),1182.0,254937672000.0,18915611000.0,7.419700215980633,1123.0,40.0,19.0,59.0,5.253784505788068,32.20338983050847,O,O,3.0,False,399
일신방직,2026,자율,제조업(10~34),587.9,365793043.0,35087829.0,9.592262529716837,3.0,0.0,0.0,0.0,0.0,,X,X,0.0,False,3990
송원산업,2026,의무,제조업(10~34),615.9,3908411508.0,368940120.0,9.439643682473775,6.5,0.0,0.5,0.5,7.6923076923076925,100.0,O,O,0.0,False,3991
디와이피엔에프,2026,의무,제조업(10~34),266.0,1186820911.0,145892700.0,12.292730828029706,4.0,3.0,1.0,4.0,100.0,25.0,O,O,6.0,False,3993
고신대학교복음병원,2026,의무,보건업 및 사회복지 서비스업(86~87),1888.5,4120819144.0,292951933.0,7.109070375644712,18.5,2.4,0.2,2.6,14.054054054054054,7.6923076923076925,O,O,1.0,True,3994
롯데하이마트,2026,의무,도매 및 소매업(45~47),3790.3,36663358111.0,3437148060.0,9.374886090886374,133.9,4.8,5.4,10.2,7.617625093353247,52.941176470588246,O,X,0.0,False,3995
현대위아,2026,의무,제조업(10~34),2881.0,30095775825.0,4192577104.0,13.930782606764716,67.7,11.2,4.0,15.2,22.4519940915805,26.31578947368421,O,X,1.0,False,3996
E1,2026,의무,도매 및 소매업(45~47),333.2,9892703499.0,1556080784.0,15.729580737533432,28.1,2.0,1.5,3.5,12.455516014234874,42.857142857142854,X,O,0.0,False,3997
현대이지웰,2026,자율,정보통신업(58~63),364.1,11114018824.0,1086331735.0,9.774427704352428,215.0,8.0,1.3,9.3,4.325581395348838,13.978494623655912,O,O,0.0,False,3998
엔비티,2026,의무,"전문, 과학 및 기술 서비스업(70~73)",86.2,6504000260.0,303236972.0,4.662314881272776,35.9,2.0,0.5,2.5,6.963788300835655,20.0,O,O,0.0,False,3999
효성ITX,2022,의무,"사업시설 관리, 사업 지원 및 임대 서비스업(74~76)",8774.3,3821038450.0,461036820.0,12.065746682030902,47.0,4.5,0.0,4.5,9.574468085106384,0.0,O,O,3.0,False,400
에스피삼화,2026,의무,제조업(10~34),913.8,4527191435.0,663068218.0,14.646348128196616,24.1,0.0,2.7,2.7,11.20331950207469,100.0,X,O,0.0,False,4000
포스코스틸리온,2026,의무,제조업(10~34),433.2,2968838692.0,309158307.0,10.413442395273123,10.5,0.0,0.0,0.0,0.0,,X,O,0.0,False,4001
대원전선,2026,의무,제조업(10~34),157.3,358059895.0,6350000.0,1.7734463112658847,3.0,0.0,0.0,0.0,0.0,,O,O,0.0,False,4002
세보엠이씨,2026,의무,건설업(41~42),1591.6,1311110684.0,35797000.0,2.7302805504405456,5.0,0.0,0.0,0.0,0.0,,O,O,0.0,False,4003
와이지-원,2026,의무,제조업(10~34),1560.9,2147052764.0,275189707.0,12.817091019566579,9.6,0.0,0.0,0.0,0.0,,O,X,0.0,False,4004
미원스페셜티케미칼,2026,의무,제조업(10~34),515.4,946277546.0,43455367.0,4.592243278273878,1.9,0.0,0.0,0.0,0.0,,O,O,0.0,False,4005
삼양식품,2026,의무,제조업(10~34),2785.8,14676770870.0,360503459.0,2.4562859377799904,44.8,2.0,0.0,2.0,4.464285714285714,0.0,X,O,0.0,False,4006
에이피시스템,2026,의무,제조업(10~34),579.6,2543830496.0,416084325.0,16.35660574296378,13.1,0.0,0.0,0.0,0.0,,O,O,1.0,False,4007
에프앤에프,2026,의무,제조업(10~34),653.5,33706485173.0,1258803643.0,3.7346037017480036,122.9,3.8,2.3,6.1,4.963384865744507,37.704918032786885,O,O,0.0,False,4008
원익홀딩스,2026,자율,제조업(10~34),431.8,3902515515.0,443439220.0,11.36290729135,12.0,3.0,0.0,3.0,25.0,0.0,X,O,0.0,False,4009
대한해운,2022,의무,운수 및 창고업(49~52),172.0,936001722.0,9233333.0,0.9864653860113305,3.0,0.0,0.0,0.0,0.0,,X,O,0.0,False,401
피씨디렉트,2026,의무,도매 및 소매업(45~47),96.3,342036124.0,11461351.0,3.3509182790294982,2.0,0.0,0.0,0.0,0.0,,X,X,1.0,False,4010
신세계인터내셔날,2026,의무,도매 및 소매업(45~47),1067.1,30816239264.0,1206866425.0,3.916332601979372,125.4,2.1,3.8,5.9,4.704944178628389,64.40677966101694,O,O,0.0,False,4011
롯데케미칼,2026,의무,제조업(10~34),4467.7,39176461977.0,2666514441.0,6.806419738886775,80.6,3.9,2.5,6.4,7.940446650124071,39.0625,X,X,1.0,False,4012
에스케이케미칼,2026,의무,제조업(10~34),1515.9,26699334578.0,1981735659.0,7.422415915312479,109.0,3.0,6.1,9.1,8.348623853211008,67.03296703296702,O,O,0.0,False,4013
에스와이,2026,의무,제조업(10~34),301.0,417860857.0,61450187.0,14.705896944063369,2.4,0.0,0.0,0.0,0.0,,O,O,0.0,False,4014
롯데웰푸드,2026,의무,제조업(10~34),6309.7,46590891121.0,3534788747.0,7.586866578318692,77.7,3.0,2.0,5.0,6.435006435006435,40.0,O,O,0.0,False,4015
휴네시온,2026,자율,정보통신업(58~63),173.7,6355878018.0,512281818.0,8.059969315792493,73.9,2.0,0.0,2.0,2.706359945872801,0.0,O,O,4.0,False,4016
모니터랩,2026,자율,정보통신업(58~63),112.6,5540079555.0,402311648.0,7.261838823901148,76.2,1.0,0.0,1.0,1.3123359580052494,0.0,O,O,0.0,False,4017
남해화학,2026,의무,제조업(10~34),596.7,3230229261.0,97078103.0,3.0053007126171285,6.7,0.0,0.0,0.0,0.0,,O,X,0.0,False,4018
스맥,2026,의무,제조업(10~34),208.1,1680444717.0,36330137.0,2.161935863314687,3.9,0.0,0.0,0.0,0.0,,X,X,0.0,False,4019
현대리바트,2022,의무,제조업(10~34),894.1,7524494983.0,320574575.0,4.260413166920441,28.2,2.8,0.2,3.0,10.638297872340425,6.666666666666667,X,X,0.0,False,402
드림시큐리티,2026,자율,정보통신업(58~63),223.4,2020046123.0,184081585.0,9.112741679710647,5.7,2.0,0.0,2.0,35.08771929824561,0.0,O,O,0.0,False,4020
빙그레,2026,의무,제조업(10~34),2008.7,7677702214.0,603897160.0,7.865597585939402,23.1,0.0,1.0,1.0,4.329004329004329,100.0,O,O,3.0,False,4021
영풍,2026,의무,제조업(10~34),761.3,1775282890.0,83739500.0,4.716966544976953,13.0,0.0,0.3,0.3,2.3076923076923075,100.0,O,O,0.0,False,4022
티에이치엔,2026,의무,제조업(10~34),797.8,3203725741.0,129869498.0,4.053702111200785,9.0,0.0,0.0,0.0,0.0,,X,X,0.0,False,4023
케이씨씨건설,2026,의무,건설업(41~42),1088.4,7292349579.0,551151597.0,7.55794262232255,23.5,0.0,0.0,0.0,0.0,,X,X,0.0,False,4024
금호건설,2026,의무,건설업(41~42),1281.0,3943213621.0,202437000.0,5.133807585820368,17.0,0.5,0.5,1.0,5.88235294117647,50.0,O,O,0.0,False,4025
TCC스틸,2026,의무,제조업(10~34),291.0,6063911043.0,204375352.0,3.3703553787439686,27.2,0.0,13.0,13.0,47.794117647058826,100.0,O,O,0.0,True,4026
에이치디현대일렉트릭,2026,의무,제조업(10~34),2162.3,18198043265.0,848333505.0,4.66167429457422,37.6,0.0,3.4,3.4,9.042553191489361,100.0,O,O,1.0,False,4027
엘에스일렉트릭,2026,의무,제조업(10~34),3461.7,52618926690.0,4053457166.0,7.703420462907963,151.4,2.2,4.5,6.7,4.425363276089828,67.16417910447761,O,O,1.0,False,4028
삼천리,2026,의무,"전기, 가스, 증기 및 공기 조절 공급업(35)",875.9,12674201599.0,506219324.0,3.9940924092602486,47.5,1.0,1.8,2.8,5.894736842105263,64.28571428571429,O,O,0.0,False,4029
디에이피,2022,의무,제조업(10~34),1096.5,931405648.0,51355592.0,5.513772877615189,6.1,0.0,0.0,0.0,0.0,,O,O,0.0,False,403
토스뱅크,2026,자율,금융 및 보험업(64~66),761.9,106507640931.0,12663764797.0,11.890005905965099,383.0,28.4,1.6,30.0,7.83289817232376,5.333333333333334,O,O,13.0,False,4030
동국씨엠,2026,의무,제조업(10~34),1422.6,12508949425.0,546360146.0,4.367754057011866,43.9,0.0,1.7,1.7,3.8724373576309796,100.0,X,O,0.0,False,4031
캠시스,2026,의무,제조업(10~34),135.0,1471230174.0,170323997.0,11.576978232911094,9.0,0.0,0.0,0.0,0.0,,O,O,0.0,False,4032
풍산,2026,의무,제조업(10~34),3719.3,14978716828.0,4851556351.0,32.389665995493644,34.9,10.0,6.5,16.5,47.277936962750715,39.39393939393939,O,O,0.0,False,4033
넷마블,2026,의무,정보통신업(58~63),770.4,119958415085.0,5462354895.0,4.5535404007542875,744.2,29.1,4.4,33.5,4.501478097285676,13.134328358208958,O,O,2.0,False,4034
한국수목원정원관리원,2026,자율,"공공 행정, 국방 및 사회보장 행정(84)",572.5,3593435195.0,396970198.0,11.047094951158567,12.5,2.0,0.0,2.0,16.0,0.0,X,O,5.0,False,4035
대원산업,2026,의무,제조업(10~34),577.8,2654112637.0,76276108.0,2.8738836075252823,5.3,0.0,0.3,0.3,5.660377358490567,100.0,X,O,5.0,False,4036
조선내화,2026,의무,제조업(10~34),506.8,2481296499.0,235947300.0,9.509032882410077,4.1,0.0,0.3,0.3,7.3170731707317085,100.0,O,O,0.0,False,4037
한솔테크닉스,2026,의무,제조업(10~34),552.0,3005855754.0,293498338.0,9.764218978553153,9.2,0.0,1.0,1.0,10.869565217391305,100.0,O,O,0.0,False,4038
동원금속,2026,의무,제조업(10~34),536.0,1193485027.0,262498123.0,21.994253556731046,6.0,0.0,0.0,0.0,0.0,,O,O,0.0,False,4039
일진전기,2022,의무,제조업(10~34),790.0,2545463784.0,0.0,0.0,2.0,0.0,0.0,0.0,0.0,,X,X,0.0,False,404
원익큐엔씨,2026,의무,제조업(10~34),1201.9,5805182426.0,480754637.0,8.281473375355388,26.2,2.0,0.7,2.7,10.305343511450381,25.925925925925924,O,O,0.0,False,4040
한국케이블텔레콤,2026,의무,정보통신업(58~63),76.0,11263979278.0,1028553319.0,9.131349531234463,30.4,3.0,0.0,3.0,9.868421052631579,0.0,O,O,2.0,False,4041
카카오뱅크,2026,자율,금융 및 보험업(64~66),1744.6,211251751338.0,26134348384.0,12.371186614299537,865.1,52.2,26.3,78.5,9.074095480291296,33.5031847133758,O,O,2.0,False,4042
에스케이가스,2026,의무,도매 및 소매업(45~47),668.1,28978667431.0,2456312925.0,8.476279769760405,80.0,2.7,5.8,8.5,10.625,68.23529411764706,O,O,0.0,False,4043
SK,2026,의무,금융 및 보험업(64~66),4505.7,185868961453.0,19133303476.0,10.293974489569722,970.7,26.4,52.4,78.8,8.117853095704131,66.49746192893402,O,X,0.0,False,4044
영원무역,2026,의무,제조업(10~34),349.8,3949071860.0,474894338.0,12.025467118240792,11.7,0.0,1.2,1.2,10.256410256410255,100.0,X,O,0.0,False,4045
파라메타,2026,자율,정보통신업(58~63),46.0,7014503022.0,445979553.0,6.357963659025422,37.3,3.0,0.0,3.0,8.042895442359251,0.0,O,O,0.0,False,4046
동양,2026,의무,제조업(10~34),483.0,2939996010.0,158003714.0,5.3742832800647236,11.9,0.0,0.6,0.6,5.042016806722689,100.0,O,O,0.0,False,4048
한국석유공업,2026,의무,제조업(10~34),246.6,828266994.0,211348387.0,25.516939408550186,4.2,1.0,0.0,1.0,23.809523809523807,0.0,X,X,0.0,False,4049
팬오션,2022,의무,운수 및 창고업(49~52),368.7,5279829935.0,459179580.0,8.69686307424597,23.8,1.9,0.0,1.9,7.9831932773109235,0.0,O,X,0.0,False,405
태웅,2026,의무,제조업(10~34),457.5,689068252.0,78641129.0,11.412676287399176,7.7,0.0,0.6,0.6,7.792207792207792,100.0,X,O,0.0,False,4050
동서,2026,의무,도매 및 소매업(45~47),277.6,1413000495.0,87041892.0,6.160075124389818,6.0,0.0,0.0,0.0,0.0,,O,O,1.0,False,4051
영화금속,2026,의무,제조업(10~34),375.5,518574411.0,232690640.0,44.87121521312397,2.0,2.0,0.0,2.0,100.0,0.0,O,O,0.0,True,4053
엔씨,2026,의무,정보통신업(58~63),3346.4,513284558000.0,14669532394.0,2.8579726713695526,2437.9,61.3,20.5,81.8,3.35534681488166,25.06112469437653,O,O,0.0,False,4054
디비아이엔씨(DBInc.),2026,의무,정보통신업(58~63),937.3,6146006006.0,992333943.0,16.145996961786892,32.7,4.2,0.4,4.6,14.067278287461772,8.695652173913045,O,O,0.0,False,4055
빗썸,2026,의무,정보통신업(58~63),616.8,130716196405.0,12369208892.0,9.462644440537645,393.8,35.5,6.7,42.2,10.716099542915186,15.876777251184834,O,O,0.0,False,4056
신성통상,2026,자율,제조업(10~34),1188.2,9092778419.0,586370140.0,6.448745509675441,62.0,2.9,0.5,3.4,5.483870967741936,14.705882352941178,O,X,0.0,False,4057
한국콜마,2026,의무,제조업(10~34),1324.9,14074713703.0,695453048.0,4.941152357875424,10.7,0.3,0.0,0.3,2.803738317757009,0.0,O,X,2.0,False,4058
화승알앤에이,2026,의무,제조업(10~34),687.5,3024720711.0,112326117.0,3.713602931718743,2.7,0.0,0.0,0.0,0.0,,O,O,0.0,False,4059
휴스틸,2026,의무,제조업(10~34),601.4,1101618707.0,30348368.0,2.7548885841496515,7.0,0.0,0.0,0.0,0.0,,X,O,0.0,True,4060
엘지이노텍,2026,의무,제조업(10~34),12782.1,251396678810.0,10096426792.0,4.0161337213331505,611.3,6.8,8.8,15.6,2.551938491738917,56.41025641025642,O,O,0.0,False,4061
현대에버다임,2026,자율,제조업(10~34),633.0,2654310511.0,107791023.0,4.060980151089791,8.4,0.0,0.8,0.8,9.523809523809524,100.0,O,O,0.0,False,4062
효성,2026,의무,금융 및 보험업(64~66),551.0,2581937006.0,278373596.0,10.781579695906803,8.3,0.4,0.5,0.9,10.843373493975902,55.55555555555556,X,X,0.0,False,4063
솔루스첨단소재,2026,자율,제조업(10~34),195.1,5323993952.0,352676899.0,6.624291878985216,9.9,0.0,1.2,1.2,12.12121212121212,100.0,X,O,0.0,False,4064
남인천방송,2026,의무,정보통신업(58~63),84.0,3018109706.0,256794410.0,8.508451813050165,10.0,2.0,0.0,2.0,20.0,0.0,O,O,0.0,False,4066
솔브레인,2026,의무,제조업(10~34),1167.4,7809198744.0,1322051803.0,16.929416785758782,12.2,5.8,0.0,5.8,47.54098360655738,0.0,O,O,0.0,False,4067
에스엠엔터테인먼트,2026,의무,정보통신업(58~63),766.7,8687384515.0,374917502.0,4.31565451434378,22.4,1.4,0.8,2.2,9.821428571428573,36.36363636363637,O,O,0.0,False,4068
대한전선,2026,의무,제조업(10~34),1335.3,3721359649.0,313994536.0,8.437629404735882,18.0,0.0,2.0,2.0,11.11111111111111,100.0,O,O,0.0,True,4069
계룡건설산업,2022,의무,건설업(41~42),1511.0,1810254271.0,353570434.0,19.531534307867407,12.0,3.0,0.0,3.0,25.0,0.0,X,O,0.0,False,407
포스코엠텍,2026,의무,제조업(10~34),1022.0,2793895809.0,516397792.0,18.483072644889745,6.8,1.0,0.0,1.0,14.705882352941178,0.0,O,O,0.0,False,4070
디와이덕양,2026,의무,제조업(10~34),878.8,2749290293.0,147108356.0,5.350775666525805,10.0,0.0,0.0,0.0,0.0,,X,X,0.0,False,4071
세방,2026,의무,운수 및 창고업(49~52),884.6,6017293609.0,210699858.0,3.501571830978275,16.7,0.0,0.8,0.8,4.790419161676647,100.0,O,O,0.0,False,4072
코오롱글로벌,2026,의무,건설업(41~42),2321.0,8874343798.0,819147746.0,9.230516245996807,32.7,1.0,1.6,2.6,7.951070336391437,61.53846153846154,O,O,0.0,False,4073
에스케이오앤에스,2026,의무,"사업시설 관리, 사업 지원 및 임대 서비스업(74~76)",2314.0,3497736715.0,304880999.0,8.716522249731423,25.0,2.0,0.0,2.0,8.0,0.0,O,O,0.0,False,4074
누리랩,2026,자율,정보통신업(58~63),40.3,1340541330.0,351726305.0,26.237632300378237,20.2,5.0,0.0,5.0,24.752475247524753,0.0,X,X,0.0,False,4075
동방,2026,의무,운수 및 창고업(49~52),858.3,9390340637.0,446880227.0,4.758935210925086,18.1,0.0,3.3,3.3,18.232044198895025,100.0,X,O,2.0,False,4076
에이치에스효성,2026,의무,금융 및 보험업(64~66),117.0,1680069789.0,79823298.0,4.751189416215376,5.9,0.1,0.1,0.2,3.389830508474576,50.0,X,O,0.0,False,4078
효성중공업,2026,의무,제조업(10~34),4148.0,43382793554.0,1986417788.0,4.578814837102272,119.2,5.3,2.6,7.9,6.62751677852349,32.91139240506329,X,X,0.0,False,4079
케이비아이동국실업,2022,의무,제조업(10~34),373.6,1856829709.0,36895983.0,1.9870418284006461,5.1,0.0,0.0,0.0,0.0,,X,O,0.0,False,408
분당서울대학교병원,2026,자율,보건업 및 사회복지 서비스업(86~87),5639.3,29099094786.0,1544435688.0,5.307504234609562,92.6,4.0,1.0,5.0,5.399568034557236,20.0,X,X,5.0,False,4080
대성글로벌네트웍,2026,의무,"사업시설 관리, 사업 지원 및 임대 서비스업(74~76)",733.9,831874160.0,178169112.0,21.417796172440312,4.0,2.0,0.0,2.0,50.0,0.0,X,X,0.0,False,4081
토비스,2026,의무,제조업(10~34),484.4,2029521658.0,101312729.0,4.991951113241089,4.5,0.0,0.0,0.0,0.0,,X,O,0.0,False,4082
엔에이치투자증권,2026,자율,금융 및 보험업(64~66),3110.2,150730404820.0,12400866284.0,8.227183028406863,318.1,25.7,6.0,31.7,9.965419679346118,18.927444794952685,O,O,3.0,False,4083
드림라인,2026,의무,정보통신업(58~63),135.3,28876796757.0,741514817.0,2.567856896455283,90.8,2.6,0.9,3.5,3.854625550660793,25.71428571428572,O,O,0.0,False,4085
엔에이치엔클라우드,2026,의무,정보통신업(58~63),381.8,95537152595.0,6494466859.0,6.797844275861213,404.7,37.8,0.0,37.8,9.34025203854707,0.0,O,X,1.0,False,4086
중앙대학교병원,2026,의무,교육 서비스업(85),2198.4,7090711548.0,684617737.0,9.655134500473407,42.5,1.9,1.0,2.9,6.8235294117647065,34.48275862068966,O,O,3.0,False,4087
진성티이씨,2026,자율,제조업(10~34),215.9,1963319841.0,325572530.0,16.582755555211648,8.7,1.0,0.4,1.4,16.091954022988507,28.571428571428577,O,O,0.0,False,4088
에이치엘디앤아이한라,2026,의무,건설업(41~42),1194.8,6733749592.0,402261593.0,5.973812769603209,24.2,0.2,0.0,0.2,0.8264462809917356,0.0,O,O,0.0,False,4089
피에스케이,2022,의무,제조업(10~34),330.0,1674298032.0,187035933.0,11.171005963411417,4.9,1.0,1.4,2.4,48.979591836734684,58.333333333333336,O,O,1.0,False,409
한국종합기술,2026,의무,"전문, 과학 및 기술 서비스업(70~73)",1915.4,5501288514.0,661839093.0,12.030619577862772,8.0,3.0,0.0,3.0,37.5,0.0,O,X,0.0,False,4090
아이마켓코리아,2026,의무,도매 및 소매업(45~47),375.0,15255204072.0,1351816520.0,8.861346682875105,44.3,4.0,0.2,4.2,9.480812641083523,4.761904761904762,O,X,0.0,False,4091
윈스테크넷,2026,자율,정보통신업(58~63),487.0,8879708020.0,1351766089.0,15.223091637195521,95.5,14.9,0.0,14.9,15.602094240837697,0.0,O,O,9.0,False,4092
이수페타시스,2026,의무,제조업(10~34),1286.1,5088293718.0,877201045.0,17.23959137612032,16.7,1.0,0.9,1.9,11.377245508982035,47.36842105263158,O,O,0.0,False,4093
폴라리스오피스,2026,자율,정보통신업(58~63),170.1,10235069199.0,390693259.0,3.8172019299896087,116.5,2.0,1.2,3.2,2.7467811158798283,37.49999999999999,O,O,0.0,False,4094
슈피겐코리아,2026,의무,제조업(10~34),419.7,3676609735.0,77861772.0,2.1177600455872154,13.3,0.3,1.2,1.5,11.278195488721805,80.0,O,O,1.0,False,4095
제일약품,2026,의무,도매 및 소매업(45~47),982.6,1447394749.0,193820619.0,13.390999182075932,6.9,0.0,1.6,1.6,23.18840579710145,100.0,O,O,10.0,False,4096
롯데카드,2026,자율,금융 및 보험업(64~66),1581.0,128369547045.0,12573766525.0,9.794976156293721,383.4,28.1,8.4,36.5,9.520083463745436,23.013698630136986,O,O,6.0,False,4098
에이치디한국조선해양,2026,의무,금융 및 보험업(64~66),1514.0,36268362751.0,3991290047.0,11.004880684584945,125.3,17.8,3.4,21.2,16.919393455706306,16.037735849056602,O,O,2.0,False,4099
아세아시멘트,2022,의무,제조업(10~34),489.2,1409666183.0,107702417.0,7.64027812391666,6.0,0.0,0.0,0.0,0.0,,O,O,0.0,False,410
사조대림,2026,의무,제조업(10~34),845.6,3999398467.0,246804000.0,6.171028019249376,14.1,0.0,0.7,0.7,4.964539007092198,100.0,O,O,3.0,False,4100
토스모바일,2026,자율,정보통신업(58~63),55.7,2426261787.0,379644773.0,15.647312875887948,10.4,2.8,0.3,3.1,29.807692307692307,9.67741935483871,O,O,4.0,False,4101
엘엑스하우시스,2026,의무,제조업(10~34),2829.4,44454649162.0,2800924295.0,6.300632999695881,140.3,6.8,5.5,12.3,8.766928011404133,44.71544715447154,X,O,0.0,False,4102
깨끗한나라,2026,의무,제조업(10~34),608.2,6598064205.0,471258541.0,7.142375799297031,27.5,3.0,0.3,3.3,12.0,9.090909090909092,X,O,0.0,True,4103
코오롱인더스트리,2026,의무,제조업(10~34),4122.6,77056976736.0,3405345789.0,4.419256935899313,219.2,8.0,5.9,13.9,6.341240875912408,42.44604316546763,O,O,0.0,False,4104
계명대학교동산병원,2026,의무,교육 서비스업(85),3077.8,8283374591.0,634197250.0,7.656266694603718,45.3,2.0,1.4,3.4,7.5055187637969105,41.17647058823529,O,X,6.0,False,4105
동성케미컬,2026,의무,제조업(10~34),617.3,3075396996.0,323796358.0,10.528603572844226,15.1,1.0,1.2,2.2,14.569536423841061,54.54545454545454,X,X,4.0,False,4106
티피,2026,의무,제조업(10~34),265.0,2161350315.0,131578357.0,6.08778484851957,8.1,1.0,0.0,1.0,12.34567901234568,0.0,O,O,5.0,True,4107
메가스터디교육,2026,의무,교육 서비스업(85),2244.0,36175871020.0,953982849.0,2.6370694667519854,394.9,7.0,2.7,9.7,2.456318055203849,27.83505154639176,O,O,0.0,True,4108
현대리바트,2026,의무,제조업(10~34),816.2,8512811713.0,726964660.0,8.539653929968226,37.5,3.0,1.0,4.0,10.666666666666668,25.0,O,O,0.0,True,4109
하이브,2022,의무,"전문, 과학 및 기술 서비스업(70~73)",574.2,7322417253.0,610785693.0,8.341312327561786,11.5,1.7,0.0,1.7,14.782608695652174,0.0,X,O,2.0,False,411
삼성물산,2026,의무,건설업(41~42),12122.2,200780645521.0,14972526583.0,7.457156313123815,717.5,23.2,17.2,40.4,5.630662020905923,42.57425742574257,O,X,0.0,False,4110
가톨릭대학교서울성모병원,2026,의무,보건업 및 사회복지 서비스업(86~87),4948.5,15298354188.0,2361161576.0,15.434088837164527,40.7,5.9,0.0,5.9,14.496314496314497,0.0,O,X,2.0,False,4111
애경케미칼,2026,의무,제조업(10~34),748.3,8245909541.0,189931101.0,2.3033371886464646,23.7,1.0,0.4,1.4,5.9071729957805905,28.571428571428577,O,O,0.0,False,4112
금호석유화학,2026,의무,제조업(10~34),1604.4,16065486675.0,789408825.0,4.913693814383,59.7,2.0,0.0,2.0,3.350083752093802,0.0,O,O,1.0,False,4113
Google,2026,의무,,,,,,,,,,,,O,X,0.0,False,4114
대한해운,2026,의무,운수 및 창고업(49~52),192.4,676304524.0,76159781.0,11.261166870443706,3.0,1.0,0.0,1.0,33.33333333333333,0.0,X,O,0.0,False,4115
삼성전자,2026,의무,제조업(10~34),123314.4,11389803827153.0,412129051571.0,3.6184034231432056,24242.3,896.9,235.9,1132.8,4.672823948222734,20.824505649717516,O,X,2.0,False,4116
제이티씨,2026,의무,도매 및 소매업(45~47),506.0,25077086.0,7178465.0,28.625594696289674,7.0,0.0,0.0,0.0,0.0,,X,O,0.0,False,4117
크라운제과,2026,의무,제조업(10~34),1282.3,1622808096.0,260243149.0,16.036594199983583,8.0,1.0,0.0,1.0,12.5,0.0,X,O,0.0,False,4118
제이에스코퍼레이션,2026,의무,제조업(10~34),105.0,506258314.0,133667249.0,26.402973601338232,2.0,1.0,0.0,1.0,50.0,0.0,O,O,1.0,False,4119
우원개발,2026,의무,건설업(41~42),266.3,568088409.0,143351347.0,25.23398554326075,3.2,1.0,0.0,1.0,31.25,0.0,O,O,0.0,True,4120
에스티팜,2026,자율,제조업(10~34),736.3,4389452680.0,87088744.0,1.9840456282125816,12.3,0.0,0.6,0.6,4.878048780487805,100.0,O,O,1.0,False,4121
한화비전,2026,의무,제조업(10~34),959.1,96400930929.0,2180752386.0,2.26216942615019,420.6,4.9,3.4,8.3,1.9733713742272945,40.96385542168674,O,O,0.0,False,4122
주성엔지니어링,2026,의무,제조업(10~34),510.6,3375285707.0,501269803.0,14.851181396597548,3.0,1.0,0.0,1.0,33.33333333333333,0.0,O,O,1.0,False,4123
포스코홀딩스,2026,의무,금융 및 보험업(64~66),789.2,21114521071.0,1325339742.0,6.276911219266557,48.3,2.0,4.0,6.0,12.422360248447205,66.66666666666666,O,O,2.0,False,4124
아시아나항공,2026,의무,운수 및 창고업(49~52),7727.9,140970213023.0,6142860628.0,4.357559300132264,217.3,7.9,8.7,16.6,7.639208467556374,52.40963855421686,O,O,0.0,False,4125
캐논코리아,2026,자율,제조업(10~34),1271.0,6868545517.0,916177699.0,13.33874394123783,26.0,5.0,0.0,5.0,19.230769230769234,0.0,O,O,4.0,False,4126
사조산업,2026,의무,"농업, 임업 및 어업(01~03)",513.9,2541043570.0,83004000.0,3.266531946951228,8.1,0.0,0.3,0.3,3.7037037037037033,100.0,O,O,3.0,False,4127
우리산업,2026,의무,제조업(10~34),374.0,1017287146.0,45491045.0,4.471799843227352,4.0,0.0,0.0,0.0,0.0,,O,O,0.0,False,4128
대성에너지,2026,의무,"전기, 가스, 증기 및 공기 조절 공급업(35)",398.4,6415373359.0,296970031.0,4.629037382265315,22.5,0.0,0.3,0.3,1.3333333333333333,100.0,X,O,0.0,True,4129
카카오게임즈,2022,의무,정보통신업(58~63),428.3,38831692140.0,2062432343.0,5.311209039163957,217.6,8.8,1.9,10.7,4.917279411764706,17.75700934579439,O,X,0.0,False,413
호텔신라,2026,의무,도매 및 소매업(45~47),1993.8,53845847779.0,4464525316.0,8.291308429804637,192.4,8.0,9.6,17.6,9.147609147609149,54.54545454545454,O,O,0.0,False,4130
한국카본,2026,의무,제조업(10~34),864.3,3708950193.0,417647433.0,11.260529564086276,9.9,3.0,0.0,3.0,30.303030303030305,0.0,O,O,0.0,False,4131
디아이동일,2026,의무,도매 및 소매업(45~47),325.1,677329148.0,52379831.0,7.73329055078551,9.3,0.0,1.3,1.3,13.978494623655912,100.0,X,X,0.0,False,4132
티케이지휴켐스,2026,의무,제조업(10~34),299.0,2870090726.0,472212775.0,16.452886688293493,10.0,0.0,1.0,1.0,10.0,100.0,O,O,0.0,False,4133
엘지화학,2026,의무,제조업(10~34),13572.3,285089257579.0,16418720349.0,5.759150831718123,310.6,11.5,5.8,17.3,5.5698647778493235,33.52601156069364,O,O,1.0,False,4134
마니커,2026,의무,제조업(10~34),539.3,690584233.0,83285620.0,12.0601681909526,2.0,0.0,2.0,2.0,100.0,100.0,X,O,1.0,False,4135
스튜디오드래곤,2026,의무,정보통신업(58~63),174.0,3977846255.0,80179828.0,2.015659300537748,17.9,0.0,0.7,0.7,3.910614525139665,100.0,X,O,0.0,False,4136
체리부로,2026,의무,제조업(10~34),297.7,731889916.0,94845257.0,12.958951192873108,3.0,0.0,0.0,0.0,0.0,,O,O,0.0,False,4137
덴티움,2026,자율,제조업(10~34),882.4,2903807159.0,196982390.0,6.783590617905768,14.2,2.2,2.1,4.3,30.28169014084507,48.83720930232558,O,O,0.0,False,4138
알리익스프레스코리아,2026,의무,도매 및 소매업(45~47),,,,,,,,,,,O,O,0.0,False,4139
교촌에프앤비,2022,의무,도매 및 소매업(45~47),321.8,3019825837.0,317188950.0,10.503551102639301,7.0,0.0,0.0,0.0,0.0,,O,O,0.0,False,414
코스메카코리아,2026,의무,제조업(10~34),486.5,2496347905.0,833244197.0,33.378528502821005,17.9,7.1,5.7,12.8,71.50837988826817,44.53125,O,O,0.0,False,4140
진인프라,2026,의무,도매 및 소매업(45~47),392.8,5871562397.0,3811043899.0,64.90681085067246,20.3,17.4,0.0,17.4,85.71428571428571,0.0,X,O,1.0,True,4142
드림마크원,2026,의무,정보통신업(58~63),6.0,8705490160.0,97471471.0,1.1196551740172205,11.0,0.4,1.6,2.0,18.181818181818183,80.0,X,O,0.0,False,4143
한전산업개발,2026,의무,"전기, 가스, 증기 및 공기 조절 공급업(35)",3638.1,1468448832.0,133579769.0,9.096658057745657,3.5,0.0,0.0,0.0,0.0,,O,O,0.0,False,4144
인탑스,2026,자율,제조업(10~34),284.0,567605683.0,73552430.0,12.958367437628352,8.0,1.0,0.0,1.0,12.5,0.0,X,O,1.0,False,4145
한화오션,2026,의무,제조업(10~34),9982.9,89945053922.0,8515455901.0,9.467397627427706,336.5,33.7,8.0,41.7,12.392273402674592,19.18465227817746,O,O,5.0,False,4146
가비아,2026,의무,정보통신업(58~63),420.0,41824079681.0,2094386605.0,5.007609542096979,274.3,15.2,0.0,15.2,5.541378053226394,0.0,O,O,0.0,False,4147
포스코이앤씨,2026,자율,건설업(41~42),5855.7,40145946033.0,3215470649.0,8.009452925475664,98.5,6.0,3.6,9.6,9.746192893401014,37.5,O,O,1.0,False,4148
대신증권,2026,자율,금융 및 보험업(64~66),1466.7,67120107321.0,5586048343.0,8.322466345717958,171.2,10.3,4.5,14.8,8.644859813084112,30.405405405405407,O,O,4.0,False,4149
에스케이씨,2022,의무,제조업(10~34),816.4,14511735384.0,1076221152.0,7.416212627378763,44.0,1.0,7.0,8.0,18.181818181818183,87.5,O,O,0.0,False,415
삼표시멘트,2026,의무,제조업(10~34),597.0,2578908000.0,158460000.0,6.144461144019096,11.5,0.0,0.6,0.6,5.217391304347826,100.0,X,O,0.0,False,4150
서울도시가스,2026,의무,"전기, 가스, 증기 및 공기 조절 공급업(35)",508.6,9240678992.0,455431332.0,4.928548350118902,31.8,1.0,1.0,2.0,6.289308176100629,50.0,O,O,0.0,True,4151
와디즈,2026,자율,정보통신업(58~63),226.1,11753844819.0,943296098.0,8.025425828960827,81.5,5.5,0.8,6.3,7.730061349693251,12.698412698412701,O,O,0.0,False,4152
대웅제약,2026,의무,제조업(10~34),1925.8,13702053738.0,1202778910.0,8.778092196969896,54.2,0.0,4.9,4.9,9.040590405904059,100.0,O,O,2.0,False,4153
한양대학교병원,2026,의무,보건업 및 사회복지 서비스업(86~87),2471.0,7497990173.0,595622053.0,7.943756116736644,30.2,1.0,0.0,1.0,3.3112582781456954,0.0,O,O,4.0,False,4154
노바렉스,2026,의무,제조업(10~34),469.3,1035583234.0,49739501.0,4.803042321173771,4.0,0.0,0.0,0.0,0.0,,O,O,2.0,False,4155
노브랜드,2026,의무,제조업(10~34),298.2,1846056200.0,389192896.0,21.08239694977867,13.9,3.0,2.5,5.5,39.568345323741006,45.45454545454545,X,X,0.0,False,4156
유니크,2026,의무,제조업(10~34),623.3,1588145153.0,275035553.0,17.31803623116306,4.4,1.0,0.0,1.0,22.727272727272727,0.0,O,O,0.0,False,4157
디아이씨,2026,의무,제조업(10~34),713.7,857272864.0,11213983.0,1.3080996110941872,5.1,0.0,0.1,0.1,1.9607843137254906,100.0,X,X,0.0,False,4158
드림마크원인천,2026,의무,건설업(41~42),3.0,1134675718.0,43297328.0,3.8158327805160632,4.3,0.0,0.3,0.3,6.976744186046512,100.0,X,O,0.0,False,4159
동국제약,2022,의무,제조업(10~34),1114.3,3802786809.0,621964650.0,16.3554961463526,10.7,1.0,0.0,1.0,9.345794392523366,0.0,X,X,0.0,False,416
케이카,2026,의무,도매 및 소매업(45~47),1149.9,10453290412.0,1608805194.0,15.390419002930884,37.0,3.0,0.0,3.0,8.108108108108109,0.0,O,O,0.0,False,4160
대우건설,2026,의무,건설업(41~42),5380.0,29597847989.0,1837771015.0,6.209137284855997,71.0,6.3,1.0,7.3,10.28169014084507,13.698630136986301,X,O,0.0,False,4161
삼익THK,2026,자율,제조업(10~34),636.8,2459506785.0,158045585.0,6.425905631319492,9.1,0.0,0.0,0.0,0.0,,O,O,0.0,False,4162
코스모신소재,2026,의무,제조업(10~34),467.8,1368182508.0,113356788.0,8.285209563576732,3.8,0.0,0.0,0.0,0.0,,O,O,0.0,False,4163
피씨엔,2026,의무,정보통신업(58~63),263.7,1446806458.0,105680280.0,7.304382657103124,4.0,0.0,0.0,0.0,0.0,,O,O,0.0,True,4164
경희의료원,2026,의무,보건업 및 사회복지 서비스업(86~87),3185.8,7657085334.0,780677686.0,10.195494133172737,33.0,2.0,0.0,2.0,6.0606060606060606,0.0,X,O,1.0,False,4165
롯데지주,2026,의무,금융 및 보험업(64~66),286.7,15365592105.0,2045108048.0,13.309659881798613,36.7,3.0,2.5,5.5,14.986376021798364,45.45454545454545,O,O,0.0,False,4166
삼양사,2026,의무,제조업(10~34),1254.3,16008047679.0,484681093.0,3.027733941821176,31.9,0.0,0.9,0.9,2.8213166144200628,100.0,O,O,0.0,False,4167
씨제이이엔엠,2026,의무,정보통신업(58~63),3027.9,132130734497.0,6947542827.0,5.258082348098763,496.7,12.0,13.7,25.7,5.174149385947252,53.30739299610895,O,O,1.0,False,4169
경동도시가스,2022,의무,"전기, 가스, 증기 및 공기 조절 공급업(35)",290.5,2343381044.0,556272871.0,23.738046034992166,14.7,3.0,0.2,3.2,21.7687074829932,6.25,X,X,0.0,False,417
서울아산병원,2026,의무,보건업 및 사회복지 서비스업(86~87),8906.0,55467421005.0,3128555503.0,5.64034787685186,144.8,6.9,0.0,6.9,4.765193370165745,0.0,O,O,2.0,True,4170
에스케이이터닉스,2026,의무,"전기, 가스, 증기 및 공기 조절 공급업(35)",105.0,3358477700.0,110961547.0,3.3039238878971866,8.3,0.5,0.3,0.8,9.638554216867469,37.49999999999999,O,O,3.0,False,4171
삼호개발,2026,의무,건설업(41~42),1237.8,610957376.0,16110420.0,2.636913904776231,2.0,0.0,0.0,0.0,0.0,,X,O,3.0,False,4172
세코닉스,2026,의무,제조업(10~34),566.0,704871805.0,124340462.0,17.640152594839567,5.0,1.0,0.0,1.0,20.0,0.0,O,X,0.0,False,4173
현대백화점,2026,의무,도매 및 소매업(45~47),2789.4,65519752035.0,3033791393.0,4.630346267762703,325.2,5.9,8.0,13.9,4.27429274292743,57.55395683453237,O,X,0.0,False,4175
국보디자인,2026,의무,건설업(41~42),320.0,1222410902.0,78990000.0,6.461820642368584,0.0,0.0,0.0,0.0,,,X,X,0.0,False,4176
케이지모빌리티,2026,의무,제조업(10~34),4133.8,24030773561.0,957063161.0,3.9826564824081903,58.9,1.0,1.0,2.0,3.395585738539898,50.0,X,O,0.0,False,4177
멀티캠퍼스,2026,의무,교육 서비스업(85),887.8,23749458815.0,1158709967.0,4.878889982403163,118.4,3.0,1.2,4.2,3.5472972972972974,28.57142857142857,O,O,0.0,False,4178
에스비에스,2026,의무,정보통신업(58~63),840.3,10624221884.0,844749739.0,7.95116807822121,41.3,3.0,1.0,4.0,9.685230024213077,25.0,O,O,0.0,True,4179
전북대학교병원,2022,자율,보건업 및 사회복지 서비스업(86~87),3113.1,5078405746.0,574228590.0,11.307260953937964,32.0,2.0,0.0,2.0,6.25,0.0,O,O,5.0,False,418
에이치디현대에너지솔루션,2026,의무,제조업(10~34),230.6,2374153629.0,168143848.0,7.0822648520358245,8.7,0.0,0.4,0.4,4.597701149425288,100.0,X,O,0.0,False,4180
비엔케이시스템,2026,자율,정보통신업(58~63),302.7,9947707272.0,1724036458.0,17.3309930706614,86.7,14.2,0.0,14.2,16.37831603229527,0.0,X,O,7.0,False,4181
코리아에프티,2026,의무,제조업(10~34),594.8,918486800.0,50218017.0,5.467472913056562,5.0,0.0,0.0,0.0,0.0,,O,O,0.0,False,4182
포스코,2026,자율,제조업(10~34),17185.3,262899465500.0,20684149059.0,7.8677029714235,679.4,16.0,53.7,69.7,10.259052104798352,77.04447632711621,O,O,2.0,False,4183
현대비앤지스틸,2026,의무,제조업(10~34),478.5,8815017527.0,851883680.0,9.664004381054477,17.2,2.0,1.5,3.5,20.348837209302324,42.857142857142854,O,O,1.0,False,4184
십일번가,2026,의무,도매 및 소매업(45~47),864.4,63065208475.0,4933792235.0,7.82331867967396,409.9,11.9,17.1,29.0,7.0748963161746765,58.96551724137932,O,O,0.0,False,4185
제이브이엠,2026,자율,제조업(10~34),325.0,3709579273.0,238836508.0,6.438371858996527,34.2,0.0,0.0,0.0,0.0,,O,O,0.0,False,4186
엘에스,2026,의무,금융 및 보험업(64~66),103.3,3088373953.0,392995345.0,12.724992212107288,6.4,0.0,1.6,1.6,25.0,100.0,O,O,0.0,False,4187
비지에프리테일,2026,의무,도매 및 소매업(45~47),2597.0,58028884245.0,2839380136.0,4.8930462354093125,91.7,5.0,0.6,5.6,6.106870229007633,10.714285714285715,O,O,0.0,False,4188
삼성전기,2026,의무,제조업(10~34),12244.5,207903136072.0,13569509536.0,6.526842159466355,749.9,22.5,7.6,30.1,4.013868515802107,25.249169435215947,O,X,0.0,False,4189
디엘이앤씨,2022,의무,건설업(41~42),5352.5,45096112155.0,2996830809.0,6.64543053888899,168.6,6.3,4.3,10.6,6.287069988137604,40.56603773584906,X,X,0.0,False,419
롯데렌탈,2026,의무,"사업시설 관리, 사업 지원 및 임대 서비스업(74~76)",1327.0,51749068447.0,3096283381.0,5.983263996667167,129.8,7.7,4.4,12.1,9.322033898305083,36.36363636363637,X,O,0.0,False,4190
아시아나IDT,2026,의무,정보통신업(58~63),453.3,5539440450.0,665415641.0,12.012325920030424,37.7,3.2,0.3,3.5,9.283819628647214,8.571428571428571,O,O,9.0,False,4191
에이피알,2026,의무,제조업(10~34),626.8,5951151329.0,321519264.0,5.402639694830721,28.5,2.0,1.2,3.2,11.228070175438596,37.49999999999999,O,O,0.0,False,4192
케이티알파,2026,의무,도매 및 소매업(45~47),558.2,31383438949.0,2870241499.0,9.145720147700567,206.5,7.9,4.4,12.3,5.956416464891041,35.77235772357724,X,O,0.0,False,4193
XCorp.,2026,의무,,,,,,,,,,,,X,O,0.0,False,4194
현대제철,2026,의무,제조업(10~34),11676.2,133291556302.0,8502178463.0,6.378632449707864,262.8,16.6,8.0,24.6,9.360730593607306,32.52032520325203,X,O,0.0,False,4195
두산,2026,의무,제조업(10~34),1763.6,48236383344.0,6404742806.0,13.277825496004292,197.0,22.6,8.0,30.6,15.532994923857867,26.143790849673206,O,O,6.0,False,4196
계양전기,2026,의무,제조업(10~34),711.8,2037746187.0,55425370.0,2.71993491405316,8.0,0.0,0.0,0.0,0.0,,O,O,0.0,False,4197
오뚜기,2026,의무,제조업(10~34),3392.2,15718167185.0,1234372969.0,7.853160960000312,71.2,2.0,2.5,4.5,6.320224719101124,55.55555555555556,X,X,2.0,False,4199
코스콤,2022,의무,정보통신업(58~63),797.4,106197702086.0,8364821861.0,7.876650526982289,628.0,27.3,6.0,33.3,5.302547770700636,18.01801801801802,O,O,3.0,False,420
신한투자증권,2026,자율,금융 및 보험업(64~66),2712.3,152262633361.0,17100557371.0,11.230961263132912,541.5,25.5,28.1,53.6,9.89843028624192,52.42537313432835,O,O,2.0,False,4200
한화솔루션,2026,의무,제조업(10~34),5511.1,92236877219.0,4136016726.0,4.484124843233544,130.4,5.7,7.2,12.9,9.892638036809815,55.81395348837209,O,O,0.0,False,4201
한샘,2026,의무,도매 및 소매업(45~47),2133.4,30040614431.0,1550198769.0,5.160343083396769,170.7,4.1,2.0,6.1,3.5735207967193907,32.786885245901644,X,O,0.0,False,4202
세아제강,2026,의무,제조업(10~34),804.0,11197653511.0,196970832.0,1.7590366750186188,23.8,0.0,0.4,0.4,1.680672268907563,100.0,O,O,0.0,False,4203
사조동아원,2026,의무,제조업(10~34),380.4,1041777119.0,77579400.0,7.446832780745686,1.5,0.0,0.3,0.3,20.0,100.0,O,O,3.0,False,4204
엘아이지아큐버,2026,의무,제조업(10~34),431.8,30977995246.0,94698830.0,0.30569708997624007,320.0,0.0,0.0,0.0,0.0,,O,O,0.0,False,4205
한국정보통신,2026,의무,정보통신업(58~63),291.7,22091767379.0,2378816330.0,10.76788601468462,128.6,4.0,2.0,6.0,4.665629860031104,33.33333333333333,O,O,1.0,True,4206
오리온,2026,의무,제조업(10~34),1508.9,8766974901.0,376258517.0,4.291771349283574,33.7,1.0,0.5,1.5,4.451038575667655,33.33333333333333,X,O,0.0,False,4207
나이스홀딩스,2026,의무,금융 및 보험업(64~66),54.3,7785867282.0,1070655588.0,13.751269437577346,34.5,1.0,2.9,3.9,11.304347826086957,74.35897435897436,O,O,1.0,True,4208
나무가,2022,의무,제조업(10~34),134.9,874476219.0,113520394.0,12.981530147248064,4.0,1.1,0.0,1.1,27.500000000000004,0.0,X,O,3.0,False,421
두나무,2026,의무,정보통신업(58~63),661.9,210329875430.0,24341522330.0,11.573021797419889,396.5,34.4,9.5,43.9,11.0718789407314,21.64009111617312,O,O,1.0,False,4210
카카오엔터프라이즈,2026,의무,정보통신업(58~63),455.7,130755515765.0,6957326321.0,5.320866412629228,427.2,15.3,13.0,28.3,6.624531835205993,45.936395759717314,X,X,0.0,False,4212
에스지에이솔루션즈,2026,자율,정보통신업(58~63),137.6,5911239279.0,604259303.0,10.222210174212778,79.5,1.2,0.0,1.2,1.509433962264151,0.0,O,O,10.0,False,4213
에이치제이중공업,2026,의무,건설업(41~42),2309.2,7471446572.0,685665977.0,9.1771515782446,34.2,0.0,0.0,0.0,0.0,,X,O,0.0,False,4214
동아대학교병원,2026,의무,보건업 및 사회복지 서비스업(86~87),2376.8,3413294460.0,397384654.0,11.642261125048087,15.9,1.0,0.0,1.0,6.289308176100629,0.0,O,O,5.0,False,4215
코텍,2026,의무,제조업(10~34),290.4,1118223147.0,23487352.0,2.100417261350073,5.0,0.0,0.0,0.0,0.0,,O,O,0.0,False,4216
에스엘,2026,의무,제조업(10~34),4816.4,42637327101.0,3221574998.0,7.555762091673055,57.0,3.0,1.0,4.0,7.017543859649122,25.0,X,O,0.0,False,4217
하나마이크론,2026,의무,제조업(10~34),751.2,6451076162.0,637528625.0,9.882515862320089,31.1,2.0,0.1,2.1,6.752411575562702,4.761904761904762,O,O,0.0,False,4218
현대로템,2026,의무,제조업(10~34),4311.8,36161673817.0,5378071108.0,14.872295832367444,86.1,19.7,4.0,23.7,27.526132404181187,16.877637130801688,X,X,2.0,False,4219
삼성바이오로직스,2022,의무,제조업(10~34),3516.9,47609323306.0,4825449073.0,10.135512832193246,111.3,6.0,1.7,7.7,6.918238993710692,22.07792207792208,O,X,0.0,False,422
티와이엠(TYMCORPORATION),2026,의무,제조업(10~34),1044.2,11551549955.0,257400054.0,2.2282728724952303,20.6,1.1,0.0,1.1,5.339805825242719,0.0,X,X,0.0,False,4220
리노공업,2026,의무,제조업(10~34),669.4,2007897465.0,349813032.0,17.421857345688714,0.5,0.0,0.0,0.0,0.0,,O,O,0.0,False,4221
한진,2026,의무,운수 및 창고업(49~52),1679.0,35758606266.0,2160181694.0,6.041011995632347,151.0,6.4,3.0,9.4,6.225165562913908,31.914893617021274,O,O,0.0,False,4222
한미반도체,2026,의무,제조업(10~34),731.2,2243167834.0,444970733.0,19.83671155833808,11.0,4.0,0.0,4.0,36.36363636363637,0.0,O,O,0.0,False,4223
에코플라스틱,2026,의무,제조업(10~34),620.4,4791982967.0,156120157.0,3.257944739685466,3.2,0.0,0.0,0.0,0.0,,O,O,1.0,False,4225
이오테크닉스,2026,의무,제조업(10~34),623.0,1318351331.0,311353921.0,23.61691558833796,4.0,1.0,0.0,1.0,25.0,0.0,O,O,0.0,False,4226
한국특강,2026,의무,제조업(10~34),582.5,753728225.0,16232000.0,2.1535613848081647,3.0,0.0,0.0,0.0,0.0,,X,X,0.0,False,4227
하나증권,2026,자율,금융 및 보험업(64~66),1826.2,116291768580.0,10044558724.0,8.63737721650531,329.9,11.1,19.1,30.2,9.154289178538951,63.24503311258278,O,O,3.0,False,4228
교보디티에스,2026,의무,정보통신업(58~63),409.6,6163424570.0,93819840.0,1.5222031020978326,57.6,0.0,0.0,0.0,0.0,,O,O,2.0,False,4229
코스모신소재,2022,의무,제조업(10~34),347.0,1030230656.0,38623444.0,3.749009386884329,5.0,0.0,0.0,0.0,0.0,,O,O,0.0,False,423
에이치디씨랩스,2026,의무,건설업(41~42),6328.1,120061867990.0,183618042.0,0.15293618621300611,85.0,0.0,0.0,0.0,0.0,,O,O,0.0,False,4230
솔루엠,2026,의무,제조업(10~34),490.3,9823417735.0,165790557.0,1.6877074911443741,10.0,0.3,0.6,0.9,9.0,66.66666666666666,X,X,0.0,False,4231
에이치에스효성첨단소재,2026,의무,제조업(10~34),1126.0,4268091589.0,310664966.0,7.278779274574747,25.3,0.4,0.5,0.9,3.557312252964427,55.55555555555556,X,O,0.0,False,4232
씨티알모빌리티,2026,의무,제조업(10~34),166.6,2173105216.0,61309240.0,2.8212734270110924,2.6,0.0,0.1,0.1,3.8461538461538463,100.0,O,O,0.0,False,4233
원일특강,2026,의무,제조업(10~34),154.6,638856538.0,17714000.0,2.772766489242691,3.0,0.0,0.0,0.0,0.0,,O,O,3.0,True,4234
현대글로비스,2026,의무,운수 및 창고업(49~52),1904.3,80479710954.0,8113808241.0,10.081805892217519,243.2,11.9,3.0,14.9,6.126644736842106,20.13422818791946,O,O,1.0,False,4235
더본코리아,2026,의무,도매 및 소매업(45~47),730.9,2677191148.0,294914232.0,11.015807826061137,11.0,1.5,0.0,1.5,13.636363636363635,0.0,X,O,0.0,False,4236
한국항공우주산업,2026,의무,제조업(10~34),5405.7,71381437254.0,7219512264.0,10.113991174358766,155.7,24.4,5.0,29.4,18.88246628131021,17.006802721088434,O,O,3.0,False,4237
한화에어로스페이스,2026,의무,제조업(10~34),7869.6,105455223204.0,14611673130.0,13.855807883251217,113.4,45.4,8.7,54.1,47.70723104056437,16.08133086876155,O,O,0.0,False,4238
티에스이,2026,의무,제조업(10~34),854.6,3578999426.0,122540872.0,3.4238863272731916,8.3,0.0,2.2,2.2,26.506024096385545,100.0,O,O,0.0,False,4239
동국산업,2022,의무,제조업(10~34),356.0,1408468464.0,282183491.0,20.034775233703776,9.2,0.0,2.0,2.0,21.73913043478261,100.0,O,O,0.0,False,424
인카금융서비스,2026,의무,금융 및 보험업(64~66),394.1,3891021553.0,243578780.0,6.260021351261839,35.2,1.3,0.0,1.3,3.6931818181818175,0.0,X,O,0.0,True,4240
디와이피,2026,의무,제조업(10~34),593.8,971938956.0,50979794.0,5.245164182924262,4.3,0.0,0.0,0.0,0.0,,O,O,1.0,False,4241
엘지,2026,의무,금융 및 보험업(64~66),209.4,11956163689.0,3399115167.0,28.429814574446482,20.8,1.0,3.0,4.0,19.23076923076923,75.0,O,O,1.0,False,4242
성도이엔지,2026,의무,건설업(41~42),552.1,1065735866.0,111037965.0,10.41890101876331,3.0,1.0,0.0,1.0,33.33333333333333,0.0,X,O,0.0,False,4243
삼성바이오로직스,2026,의무,제조업(10~34),5181.8,105374207204.0,10419270243.0,9.887875334453273,264.8,7.5,1.0,8.5,3.209969788519637,11.76470588235294,O,O,0.0,False,4244
엠앤씨솔루션,2026,의무,제조업(10~34),331.3,3979053675.0,586197787.0,14.73209046369549,13.0,1.0,0.7,1.7,13.076923076923078,41.17647058823529,O,O,0.0,False,4245
문피아,2026,자율,정보통신업(58~63),136.9,3167124697.0,201240202.0,6.354034692433204,31.9,1.0,1.1,2.1,6.583072100313481,52.38095238095239,X,O,0.0,False,4246
현대홈쇼핑,2026,의무,도매 및 소매업(45~47),1040.8,42111125098.0,2837990892.0,6.739290117268289,160.7,6.3,5.6,11.9,7.405102675793404,47.05882352941176,O,O,0.0,False,4247
동우팜투테이블,2026,의무,제조업(10~34),556.6,846309162.0,66695835.0,7.880788486607451,5.0,0.0,0.0,0.0,0.0,,X,O,0.0,False,4248
(의)삼성의료재단강북삼성병원,2026,의무,보건업 및 사회복지 서비스업(86~87),3630.6,17789218528.0,2317449434.0,13.027269468596186,105.5,3.3,0.0,3.3,3.1279620853080567,0.0,O,O,3.0,False,4249
네이버,2022,의무,정보통신업(58~63),4318.8,925291041158.0,35043028713.0,3.7872439215604765,3069.1,47.2,59.8,107.0,3.486364080675117,55.88785046728971,O,O,1.0,False,425
대상,2026,의무,제조업(10~34),5305.3,30705004724.0,2224676237.0,7.24532126601864,111.8,4.4,3.3,7.7,6.8872987477638645,42.857142857142854,O,O,1.0,False,4250
로그프레소,2026,자율,정보통신업(58~63),76.4,5621194523.0,407026637.0,7.24092780163694,59.0,3.3,0.0,3.3,5.593220338983051,0.0,O,O,0.0,False,4251
이녹스첨단소재,2026,의무,제조업(10~34),728.6,3556347850.0,266174990.0,7.484503800717919,11.8,0.0,0.3,0.3,2.542372881355932,100.0,X,O,0.0,False,4252
씨젠,2026,의무,제조업(10~34),837.1,41417280897.0,1564376995.0,3.777111778270585,181.5,3.0,1.0,4.0,2.203856749311295,25.0,O,O,1.0,False,4253
스푼랩스,2026,자율,정보통신업(58~63),155.3,11640260906.0,764639892.0,6.56892399727797,66.5,2.8,0.0,2.8,4.2105263157894735,0.0,X,O,11.0,False,4254
아이티이지,2026,의무,정보통신업(58~63),84.9,5486397816.0,862251297.0,15.716164338018174,45.1,4.0,5.0,9.0,19.955654101995567,55.55555555555556,X,O,0.0,False,4255
한화갤러리아,2026,의무,도매 및 소매업(45~47),752.5,18793312114.0,2266440622.0,12.059825369002542,73.5,3.0,2.3,5.3,7.210884353741497,43.39622641509433,O,X,2.0,False,4256
지에스건설,2026,의무,건설업(41~42),5678.9,42265391068.0,3243473444.0,7.674064670977812,155.8,5.0,3.0,8.0,5.134788189987162,37.5,O,O,3.0,False,4257
한독,2026,의무,제조업(10~34),970.4,11263542125.0,647828393.0,5.751551206632523,19.7,1.1,0.2,1.3,6.598984771573605,15.384615384615385,O,O,3.0,False,4258
디지털엣지코리아유한회사,2026,의무,정보통신업(58~63),34.9,4690502856.0,618718917.0,13.190886691573949,18.9,2.0,0.0,2.0,10.582010582010582,0.0,O,O,0.0,False,4259
조선내화,2022,의무,제조업(10~34),524.0,2118396448.0,192689500.0,9.096007509921957,8.3,0.0,0.4,0.4,4.8192771084337345,100.0,O,O,0.0,False,426
넥센타이어,2026,의무,제조업(10~34),4264.0,21996318609.0,996462647.0,4.53013372243248,113.3,3.7,0.2,3.9,3.442188879082083,5.128205128205129,X,O,1.0,False,4260
동원개발,2026,의무,건설업(41~42),322.1,941414946.0,17280900.0,1.8356305127112356,3.0,0.0,0.0,0.0,0.0,,O,O,0.0,False,4261
동부건설,2026,의무,건설업(41~42),1191.7,2177671497.0,73051237.0,3.3545572461519892,11.5,0.0,2.0,2.0,17.391304347826086,100.0,O,O,0.0,False,4262
디씨케이원,2026,자율,정보통신업(58~63),28.9,9207873422.0,3231625954.0,35.09633338658638,19.3,3.3,0.0,3.3,17.098445595854923,0.0,O,X,0.0,False,4263
국도화학,2026,의무,제조업(10~34),883.4,7852455331.0,885913500.0,11.281993499569262,16.1,2.0,1.0,3.0,18.633540372670808,33.33333333333333,O,O,0.0,False,4264
아세아제지,2026,의무,제조업(10~34),283.4,758860829.0,31359668.0,4.132466297058008,6.0,0.0,0.0,0.0,0.0,,O,O,0.0,False,4265
휴비스,2026,의무,제조업(10~34),718.8,7008701989.0,473790386.0,6.76003041281543,17.0,0.0,3.0,3.0,17.647058823529413,100.0,O,O,10.0,False,4266
네패스,2026,의무,제조업(10~34),1156.6,7562236535.0,1603904875.0,21.209398404515788,46.6,1.1,0.2,1.3,2.7896995708154506,15.384615384615385,X,O,0.0,False,4267
안랩,2026,의무,정보통신업(58~63),1270.3,76689863716.0,11476897033.0,14.965337629887514,662.6,46.2,0.0,46.2,6.972532447932387,0.0,O,O,0.0,False,4268
엘에스머트리얼즈,2026,자율,제조업(10~34),90.8,551268139.0,123525071.0,22.40743882352323,5.0,1.1,0.6,1.7,34.0,35.294117647058826,O,O,0.0,False,4269
고려대학교안산병원,2022,의무,보건업 및 사회복지 서비스업(86~87),2174.6,1797081061.0,104139252.0,5.794911217975382,11.5,0.0,4.0,4.0,34.78260869565217,100.0,O,O,2.0,False,427
현대건설,2026,의무,건설업(41~42),7832.7,33753268810.0,4223787876.0,12.5137150412781,81.5,7.7,7.1,14.8,18.15950920245399,47.97297297297297,X,O,6.0,True,4270
케이씨티시,2026,의무,운수 및 창고업(49~52),483.3,4666218588.0,192567899.0,4.126851225856031,12.2,0.0,0.0,0.0,0.0,,O,O,0.0,False,4271
두산밥캣,2026,의무,제조업(10~34),160.5,5742250478.0,1155002818.0,20.11411418615585,5.9,3.9,0.0,3.9,66.10169491525423,0.0,X,O,2.0,False,4272
피에스케이,2026,의무,제조업(10~34),349.0,3455098342.0,688691476.0,19.932615741447975,5.5,1.5,1.1,2.6,47.27272727272727,42.30769230769231,O,O,0.0,False,4273
엘에스네트웍스,2026,자율,도매 및 소매업(45~47),175.9,2623198250.0,383498067.0,14.619484707265261,7.0,0.0,0.0,0.0,0.0,,O,O,0.0,False,4274
동일고무벨트,2026,의무,제조업(10~34),549.8,7996011940.0,307474829.0,3.8453522994614233,11.7,0.0,2.1,2.1,17.948717948717952,100.0,O,O,0.0,False,4275
국민은행,2026,자율,금융 및 보험업(64~66),15085.1,531457633273.0,43320109755.0,8.151187798021006,1885.4,63.4,33.3,96.7,5.128885117216505,34.43640124095139,O,O,2.0,False,4276
에코프로비엠,2026,의무,제조업(10~34),1213.4,9837063439.0,1087172688.0,11.051801126846428,23.1,0.0,4.2,4.2,18.181818181818183,100.0,O,O,0.0,False,4277
달바글로벌,2026,의무,제조업(10~34),163.6,1118892954.0,401897248.0,35.91918659986485,6.0,3.0,0.0,3.0,50.0,0.0,X,X,0.0,False,4278
하나은행,2026,자율,금융 및 보험업(64~66),11698.1,412100804908.0,37167150038.0,9.018946237267707,974.0,35.3,36.6,71.9,7.381930184804928,50.90403337969401,O,O,4.0,False,4279
와이어블,2022,의무,정보통신업(58~63),197.0,421960995.0,122427053.0,29.013831716839135,4.0,2.0,0.0,2.0,50.0,0.0,O,O,0.0,False,428
클래시스,2026,의무,제조업(10~34),518.6,2035411333.0,24709703.0,1.2139906366532942,8.2,0.0,0.0,0.0,0.0,,O,O,0.0,False,4280
도화엔지니어링,2026,의무,"전문, 과학 및 기술 서비스업(70~73)",2891.8,6241871352.0,318695354.0,5.1057661401157315,10.6,0.5,0.0,0.5,4.716981132075472,0.0,O,O,0.0,False,4281
아세아시멘트,2026,의무,제조업(10~34),498.3,1432976390.0,28418167.0,1.9831566799226887,6.6,0.0,0.0,0.0,0.0,,O,O,0.0,False,4282
금호타이어,2026,의무,제조업(10~34),5431.8,21725400494.0,1599791624.0,7.363692211067968,101.2,4.0,0.0,4.0,3.9525691699604746,0.0,X,X,0.0,False,4283
진에어,2026,의무,운수 및 창고업(49~52),2595.8,25001726762.0,868948365.0,3.475553401858268,64.4,4.2,1.3,5.5,8.540372670807454,23.636363636363637,X,O,0.0,False,4284
현대디에프,2026,자율,도매 및 소매업(45~47),302.2,10471764860.0,632343924.0,6.038561144697056,54.1,2.2,1.0,3.2,5.914972273567468,31.25,O,O,0.0,False,4285
에코프로머티리얼즈,2026,의무,제조업(10~34),637.9,2837419707.0,363248058.0,12.802055934969934,8.9,0.0,1.6,1.6,17.97752808988764,100.0,O,O,0.0,False,4286
카카오모빌리티,2026,의무,정보통신업(58~63),927.5,78425421956.0,4104938508.0,5.234193716296541,350.6,12.7,0.4,13.1,3.736451796919566,3.053435114503817,O,O,0.0,False,4287
SK오션플랜트,2026,의무,제조업(10~34),644.8,2983770799.0,798152693.0,26.74979905519211,16.3,4.0,0.7,4.7,28.834355828220858,14.893617021276595,O,O,3.0,False,4288
광동제약,2026,의무,제조업(10~34),1060.9,6010661649.0,545471664.0,9.075068534106402,33.2,2.7,0.5,3.2,9.638554216867469,15.625,O,O,0.0,False,4289
포스코인터내셔널,2022,의무,도매 및 소매업(45~47),1327.8,20706989597.0,2037133711.0,9.837903773782438,76.1,4.0,2.8,6.8,8.935611038107753,41.17647058823529,O,O,2.0,False,429
팜스코,2026,의무,제조업(10~34),517.3,2345602431.0,72041710.0,3.0713521203713317,11.0,0.0,2.0,2.0,18.181818181818183,100.0,O,X,0.0,False,4290
평화홀딩스,2026,자율,금융 및 보험업(64~66),95.2,1825242560.0,409295372.0,22.42416328490609,15.9,3.0,0.4,3.4,21.383647798742135,11.764705882352942,O,O,0.0,False,4291
티씨케이,2026,의무,제조업(10~34),457.9,1474380424.0,280148607.0,19.001107342429012,4.7,0.0,0.0,0.0,0.0,,X,O,0.0,False,4292
평화산업,2026,의무,제조업(10~34),818.9,1364564132.0,296267583.0,21.71151769655338,1.0,1.0,0.0,1.0,100.0,0.0,O,O,0.0,False,4293
케이티클라우드,2026,의무,정보통신업(58~63),708.8,305114842609.0,16518364776.0,5.413818821383275,750.8,22.9,30.2,53.1,7.0724560468833255,56.87382297551788,O,O,0.0,False,4294
STX,2026,의무,도매 및 소매업(45~47),75.7,1019219169.0,61662160.0,6.0499411584359635,6.2,0.0,0.3,0.3,4.838709677419355,100.0,X,O,0.0,False,4295
호전실업,2026,의무,제조업(10~34),180.6,1262737889.0,186237743.0,14.74872533899234,5.8,2.4,0.0,2.4,41.37931034482759,0.0,O,O,0.0,True,4296
켐트로닉스,2026,의무,제조업(10~34),633.2,4757954323.0,1603878738.0,33.70941856769902,5.8,1.0,0.0,1.0,17.24137931034483,0.0,O,O,3.0,False,4297
클리오,2026,의무,도매 및 소매업(45~47),379.0,2401038878.0,139166497.0,5.796095110126743,13.1,1.0,0.0,1.0,7.633587786259542,0.0,O,O,0.0,False,4298
조선대학교병원,2026,의무,보건업 및 사회복지 서비스업(86~87),1762.6,2875717475.0,794137080.0,27.61526773418519,19.0,1.0,0.0,1.0,5.263157894736842,0.0,O,O,2.0,False,4299
현대지에프홀딩스,2022,의무,금융 및 보험업(64~66),6390.2,5846848546.0,376346368.0,6.436738783963706,33.8,0.0,2.8,2.8,8.284023668639055,100.0,O,O,0.0,False,430
서한,2026,의무,건설업(41~42),378.3,992613563.0,42882232.0,4.320133594628305,5.0,0.0,1.0,1.0,20.0,100.0,O,X,0.0,False,4300
디엘이앤씨,2026,의무,건설업(41~42),5067.8,57883524918.0,2405326115.0,4.155458946923976,247.9,6.0,5.6,11.6,4.679306171843485,48.275862068965516,O,O,0.0,False,4301
오씨아이,2026,의무,제조업(10~34),1687.8,12341177296.0,1183505899.0,9.589894631718773,33.9,2.0,3.0,5.0,14.749262536873156,60.0,O,O,0.0,False,4302
한국무브넥스,2026,의무,제조업(10~34),500.1,1893848484.0,253840367.0,13.40341474751261,12.0,0.0,0.9,0.9,7.5,100.0,O,O,6.0,False,4303
동아에스티,2026,의무,제조업(10~34),1687.0,14781521614.0,1067876372.0,7.224400842390839,33.7,0.9,4.7,5.6,16.617210682492576,83.92857142857144,O,O,2.0,False,4304
경동나비엔,2026,의무,제조업(10~34),1798.1,27780926703.0,1135693903.0,4.088034625847665,200.5,5.0,3.2,8.2,4.089775561097256,39.024390243902445,O,O,0.0,False,4305
한양이엔지,2026,의무,건설업(41~42),2515.0,5096146933.0,245594342.0,4.819216267287323,10.0,0.0,0.0,0.0,0.0,,X,O,0.0,False,4306
에스앤티다이내믹스,2026,의무,제조업(10~34),375.5,5438267160.0,1199459760.0,22.0559182679065,9.0,0.0,0.0,0.0,0.0,,X,O,3.0,False,4307
대성산업,2026,의무,도매 및 소매업(45~47),379.3,3520708516.0,80191929.0,2.277721334656493,23.0,0.0,0.0,0.0,0.0,,O,O,0.0,False,4308
인제대학교해운대백병원,2026,자율,교육 서비스업(85),2247.9,3794364007.0,282291047.0,7.439746067568049,5.7,1.7,0.0,1.7,29.82456140350877,0.0,X,O,0.0,False,4309
태광산업,2026,의무,제조업(10~34),900.3,9523069421.0,728986510.0,7.654953227500997,32.1,0.0,3.4,3.4,10.59190031152648,100.0,O,O,0.0,False,4310
삼성에스디아이,2026,의무,제조업(10~34),12972.9,206287174691.0,12808213905.0,6.208924003242361,430.9,13.1,14.5,27.6,6.405198421907636,52.53623188405797,O,X,0.0,False,4311
케이티앤지,2026,의무,제조업(10~34),4270.3,55604069303.0,6920264585.0,12.445608157363102,209.3,11.2,20.4,31.6,15.09794553272814,64.55696202531644,O,O,1.0,False,4312
(의료)길의료재단,2026,의무,보건업 및 사회복지 서비스업(86~87),3186.3,7170828266.0,1222889301.0,17.053668776286937,43.2,2.0,0.8,2.8,6.481481481481481,28.571428571428577,X,X,2.0,False,4313
대한조선,2026,의무,제조업(10~34),589.3,3407990882.0,483933261.0,14.199957621834974,21.0,1.0,2.0,3.0,14.285714285714285,66.66666666666666,X,O,0.0,False,4314
패스트레인,2026,자율,"전문, 과학 및 기술 서비스업(70~73)",71.1,2454860369.0,264505854.0,10.774782034048961,16.8,2.0,1.1,3.1,18.452380952380953,35.483870967741936,O,O,6.0,False,4315
대창,2026,의무,제조업(10~34),340.5,727066004.0,14438020.0,1.9857922005111384,7.5,0.0,1.1,1.1,14.666666666666666,100.0,X,O,0.0,False,4316
포스코디엑스,2026,의무,정보통신업(58~63),2068.9,19766293921.0,4404222868.0,22.281480208694504,30.2,3.0,3.4,6.4,21.192052980132452,53.125,O,O,7.0,False,4317
제이더블유중외제약,2026,의무,도매 및 소매업(45~47),1103.4,10756376765.0,1603024959.0,14.903019799530052,32.8,0.0,5.3,5.3,16.158536585365855,100.0,O,O,0.0,False,4318
AJ네트웍스,2026,의무,"사업시설 관리, 사업 지원 및 임대 서비스업(74~76)",638.8,11645454027.0,417148291.0,3.582069793353193,47.3,2.2,0.3,2.5,5.2854122621564485,12.0,X,X,5.0,False,4319
가온전선,2022,의무,제조업(10~34),421.3,2216185316.0,298461490.0,13.467352565023493,15.9,0.0,1.3,1.3,8.176100628930817,100.0,O,O,0.0,False,432
성신양회,2026,의무,제조업(10~34),628.7,1739708190.0,375090192.0,21.560523434680157,7.8,0.4,0.0,0.4,5.128205128205129,0.0,X,O,4.0,False,4320
율촌화학,2026,의무,제조업(10~34),686.6,6910019686.0,463926181.0,6.713818514004158,23.2,0.0,0.2,0.2,0.8620689655172413,100.0,O,O,0.0,False,4321
효성ITX,2026,의무,"사업시설 관리, 사업 지원 및 임대 서비스업(74~76)",8567.1,10245596052.0,797019620.0,7.779143506681753,54.2,5.0,0.0,5.0,9.22509225092251,0.0,O,O,0.0,False,4322
네이버클라우드,2026,의무,정보통신업(58~63),1922.5,909730461303.0,40554551066.0,4.457864476464164,1540.0,50.1,51.9,102.0,6.623376623376623,50.882352941176464,O,X,0.0,False,4323
KCTV광주방송,2026,의무,정보통신업(58~63),24.0,1223691612.0,119014362.0,9.725846024676354,8.0,1.0,0.0,1.0,12.5,0.0,O,O,0.0,False,4324
씨씨에스충북방송,2026,의무,정보통신업(58~63),47.1,1242972044.0,97818038.0,7.86968930413048,5.0,0.0,0.0,0.0,0.0,,O,O,0.0,False,4325
삼보모터스,2026,의무,제조업(10~34),529.1,2116518250.0,216590334.0,10.233331746607902,7.0,0.0,0.0,0.0,0.0,,O,O,2.0,False,4326
대덕전자,2026,의무,제조업(10~34),2507.8,18374290892.0,3224987033.0,17.55162717274782,36.4,6.7,0.0,6.7,18.40659340659341,0.0,O,O,0.0,False,4327
케이씨씨글라스,2026,의무,제조업(10~34),2021.2,18883873412.0,1139690083.0,6.035255893400394,31.2,1.1,1.5,2.6,8.333333333333334,57.692307692307686,X,O,4.0,False,4328
기아,2026,의무,제조업(10~34),35984.5,484479708152.0,32257933646.0,6.658263102296834,2543.8,28.4,121.3,149.7,5.884896611368817,81.02872411489646,O,X,3.0,False,4329
신세계건설,2022,의무,건설업(41~42),862.0,7113035044.0,1007973485.0,14.17079318131924,29.4,1.0,0.8,1.8,6.122448979591837,44.44444444444445,X,O,0.0,False,433
상신브레이크,2026,의무,제조업(10~34),592.1,2739503394.0,446489139.0,16.298177982837718,10.9,0.0,0.0,0.0,0.0,,O,O,0.0,False,4330
한국앤컴퍼니,2026,의무,금융 및 보험업(64~66),1218.9,4411191370.0,141506264.0,3.2078922026001337,16.7,0.6,0.1,0.7,4.191616766467066,14.285714285714288,O,O,0.0,False,4331
에이치디현대,2026,의무,금융 및 보험업(64~66),50.7,3162557654.0,186911750.0,5.910145219442694,0.1,0.0,0.1,0.1,100.0,100.0,O,O,1.0,False,4332
인지컨트롤스,2026,의무,제조업(10~34),551.6,1831754001.0,183678448.0,10.027462634159685,4.0,0.0,0.0,0.0,0.0,,X,X,0.0,False,4333
전북대학교병원,2026,자율,보건업 및 사회복지 서비스업(86~87),3156.5,5828568492.0,532604194.0,9.137821657771127,25.5,2.0,0.0,2.0,7.8431372549019605,0.0,O,O,6.0,False,4334
에이치엘홀딩스,2026,의무,금융 및 보험업(64~66),327.2,12894737642.0,1112823576.0,8.630059849960613,99.5,3.0,3.0,6.0,6.030150753768844,50.0,O,O,0.0,False,4335
효성티앤씨,2026,의무,도매 및 소매업(45~47),1277.0,5727076289.0,566412614.0,9.890083271422613,29.4,1.6,0.7,2.3,7.8231292517006805,30.434782608695656,X,O,0.0,False,4337
에어부산,2026,의무,운수 및 창고업(49~52),1319.3,22106628581.0,1494089667.0,6.7585595945829855,36.3,5.0,1.6,6.6,18.181818181818183,24.242424242424246,X,O,0.0,False,4338
글로벌스탠다드테크놀로지,2026,의무,제조업(10~34),741.3,4966895700.0,567103914.0,11.417673095088347,18.9,2.8,0.0,2.8,14.814814814814813,0.0,X,O,1.0,False,4339
태웅로직스,2026,의무,운수 및 창고업(49~52),393.8,1687992003.0,125363445.0,7.42677955684604,12.0,0.0,0.0,0.0,0.0,,O,O,1.0,False,4340
웅진씽크빅,2026,의무,정보통신업(58~63),1631.8,35867287724.0,1428332675.0,3.9822712160202034,135.1,3.6,1.3,4.9,3.6269430051813476,26.53061224489796,O,O,0.0,False,4341
동아제약,2026,자율,제조업(10~34),1050.2,7112658293.0,721392833.0,10.142380011562858,39.5,2.5,2.7,5.2,13.164556962025317,51.92307692307693,O,O,1.0,False,4342
더네이쳐홀딩스,2026,의무,제조업(10~34),398.4,3574223557.0,291738131.0,8.162279900725302,15.0,2.0,0.5,2.5,16.666666666666664,20.0,O,X,0.0,False,4343
에스지씨이앤씨,2026,의무,건설업(41~42),940.1,5920845154.0,219863107.0,3.7133737039460497,4.9,0.0,0.0,0.0,0.0,,X,X,0.0,False,4344
카카오페이,2026,자율,금융 및 보험업(64~66),1281.2,114175927806.0,14094262942.0,12.344338437037287,721.8,39.0,18.4,57.4,7.952341368800223,32.05574912891986,O,X,0.0,False,4345
일동제약,2026,의무,제조업(10~34),1101.0,7485704417.0,753473392.0,10.065497514019729,16.0,0.0,2.0,2.0,12.5,100.0,O,O,0.0,False,4346
현대차증권,2026,자율,금융 및 보험업(64~66),896.3,36597856679.0,2998958416.0,8.194355320596724,107.0,7.9,1.5,9.4,8.785046728971963,15.957446808510637,O,O,3.0,False,4347
한성기업,2026,의무,제조업(10~34),682.8,753260211.0,34714076.0,4.6085105111173865,5.8,0.0,0.0,0.0,0.0,,X,O,0.0,False,4348
네이트커뮤니케이션즈,2022,의무,정보통신업(58~63),200.0,13890397804.0,1195752488.0,8.608482671789721,119.3,6.0,2.0,8.0,6.705783738474434,25.0,O,O,2.0,False,435
에이치엘만도,2026,의무,제조업(10~34),3653.2,44568873718.0,2298190698.0,5.156492651219569,136.5,1.0,1.0,2.0,1.465201465201465,50.0,O,O,0.0,False,4350
한화시스템,2026,의무,제조업(10~34),4855.6,96685775234.0,9596690309.0,9.925648613535945,515.5,36.4,8.4,44.8,8.690591658583898,18.750000000000004,O,O,0.0,False,4351
동아지질,2026,의무,건설업(41~42),275.5,367011691.0,13107570.0,3.5714311890952817,3.0,0.0,0.0,0.0,0.0,,O,O,0.0,False,4352
원광대학교병원,2026,의무,보건업 및 사회복지 서비스업(86~87),2227.1,11139143721.0,574941673.0,5.1614530470245645,24.3,2.1,0.0,2.1,8.641975308641975,0.0,O,O,2.0,False,4353
에스앤티에너지,2026,의무,제조업(10~34),241.0,1843529561.0,129425363.0,7.020520079417376,2.0,0.0,0.0,0.0,0.0,,X,O,0.0,False,4354
이수화학,2026,의무,제조업(10~34),314.3,4975505790.0,203373146.0,4.0874868723647895,8.8,0.0,1.0,1.0,11.363636363636363,100.0,O,O,0.0,False,4355
신라에스지,2026,자율,제조업(10~34),177.0,912904647.0,4846200.0,0.530855003961876,6.3,0.0,0.0,0.0,0.0,,X,X,0.0,False,4356
아이디스,2026,자율,제조업(10~34),442.3,1987042863.0,4344099.0,0.21862130308761235,1.0,1.0,0.0,1.0,100.0,0.0,O,O,0.0,False,4357
아이디스홀딩스,2026,자율,금융 및 보험업(64~66),19.9,1481896088.0,7272000.0,0.4907226666489452,11.3,0.0,0.0,0.0,0.0,,O,O,0.0,False,4358
조일알미늄,2026,의무,제조업(10~34),380.8,524661838.0,22031000.0,4.19908565943765,4.0,0.0,0.0,0.0,0.0,,X,O,0.0,False,4359
한양디지텍,2022,의무,제조업(10~34),49.8,782750669.0,139646188.0,17.840443136050517,4.7,1.0,0.0,1.0,21.27659574468085,0.0,X,X,0.0,False,436
넥센,2026,의무,제조업(10~34),761.8,2280809175.0,191191206.0,8.382604213261287,19.7,0.0,0.7,0.7,3.5532994923857872,100.0,X,X,0.0,False,4360
레드캡투어,2026,의무,"사업시설 관리, 사업 지원 및 임대 서비스업(74~76)",350.2,9711879445.0,451538163.0,4.649338632724348,52.9,2.1,1.9,4.0,7.561436672967864,47.5,O,O,0.0,False,4361
예스이십사,2026,의무,도매 및 소매업(45~47),473.0,15459389571.0,2206239168.0,14.271192001905728,122.4,8.9,0.2,9.1,7.434640522875817,2.197802197802198,O,O,0.0,False,4362
평화이즈,2026,자율,정보통신업(58~63),185.5,20835523675.0,1990175172.0,9.551836579888603,30.2,2.0,1.3,3.3,10.927152317880795,39.3939393939394,O,O,1.0,False,4363
벽산,2026,의무,제조업(10~34),349.2,2206237995.0,178173678.0,8.075904703109783,5.1,0.0,0.0,0.0,0.0,,X,O,0.0,False,4364
넥슨코리아,2026,의무,정보통신업(58~63),4186.3,571406466986.0,26553015974.0,4.646957552661121,3114.2,137.0,13.2,150.2,4.8230685248217835,8.788282290279627,O,O,0.0,False,4365
위즈코어,2026,의무,정보통신업(58~63),61.1,3824256488.0,1334508156.0,34.8958852573698,35.6,5.1,0.0,5.1,14.325842696629213,0.0,O,O,1.0,False,4366
삼성중공업,2026,의무,제조업(10~34),10373.4,101984057692.0,7035160266.0,6.898294130683391,388.2,11.1,4.7,15.8,4.070066975785678,29.746835443037973,O,X,1.0,False,4367
(학)성균관대학삼성창원병원,2026,의무,교육 서비스업(85),2159.2,6670871907.0,1097022060.0,16.444957650121463,17.7,2.9,0.0,2.9,16.38418079096045,0.0,X,O,4.0,False,4368
케이지스틸,2026,의무,제조업(10~34),1152.0,12629078198.0,666810581.0,5.279962405376501,54.1,0.0,0.6,0.6,1.1090573012939002,100.0,X,X,0.0,False,4369
한미헬스케어,2022,자율,도매 및 소매업(45~47),301.1,8590608575.0,517188471.0,6.020393857835619,96.8,5.8,0.0,5.8,5.991735537190083,0.0,O,O,0.0,False,437
지에스리테일,2026,의무,도매 및 소매업(45~47),7335.3,176592425447.0,9202526950.0,5.21116742505013,534.1,14.8,7.2,22.0,4.119078824190226,32.72727272727273,O,O,0.0,False,4371
롯데칠성음료,2026,의무,제조업(10~34),5414.1,35477373553.0,3331993592.0,9.391883497300897,238.7,3.0,5.1,8.1,3.3933808127356517,62.96296296296296,X,O,2.0,True,4372
서진시스템,2026,의무,제조업(10~34),190.8,1894543860.0,222828924.0,11.761613373258088,7.2,2.0,0.0,2.0,27.77777777777778,0.0,O,X,3.0,False,4373
휴온스,2026,의무,제조업(10~34),1071.5,3578708962.0,353998971.0,9.891806647561635,15.4,0.0,3.3,3.3,21.428571428571427,100.0,O,O,0.0,False,4374
고려제강,2026,의무,제조업(10~34),799.8,3676089106.0,773528271.0,21.042152371591616,7.0,1.0,0.0,1.0,14.285714285714285,0.0,X,O,0.0,False,4375
원익아이피에스,2026,의무,제조업(10~34),1521.8,9382329005.0,1213479353.0,12.933668733566222,14.3,3.0,0.0,3.0,20.97902097902098,0.0,O,O,0.0,False,4376
중소기업은행,2026,자율,금융 및 보험업(64~66),13507.0,340252879217.0,39083706446.0,11.48666442909773,797.5,53.5,19.0,72.5,9.090909090909092,26.20689655172414,O,X,3.0,False,4377
삼성에스디에스,2026,의무,정보통신업(58~63),11353.2,557693803133.0,66741917978.0,11.967484236521674,2890.2,295.9,95.2,391.1,13.531935506193344,24.341600613653796,O,X,0.0,False,4378
미원상사,2026,의무,제조업(10~34),756.9,1062947273.0,48176432.0,4.532344475002007,2.0,0.0,0.0,0.0,0.0,,O,O,0.0,False,4379
셀트리온헬스케어,2022,의무,도매 및 소매업(45~47),153.0,1557261556.0,136454643.0,8.762474259654812,6.0,1.0,0.0,1.0,16.666666666666664,0.0,O,O,1.0,False,438
에스지씨에너지,2026,의무,"전기, 가스, 증기 및 공기 조절 공급업(35)",239.9,1101496637.0,87922074.0,7.982055600229672,2.4,0.0,0.0,0.0,0.0,,X,X,0.0,False,4380
제주항공,2026,의무,운수 및 창고업(49~52),2962.0,53687911222.0,2239632918.0,4.171577673676105,131.9,9.2,6.3,15.5,11.751326762699014,40.64516129032258,X,O,0.0,False,4381
SK이노베이션,2026,의무,"전문, 과학 및 기술 서비스업(70~73)",2066.2,51987726117.0,4277604802.0,8.228105211551505,151.9,5.8,10.7,16.5,10.862409479921,64.84848484848484,O,O,0.0,False,4382
유니드,2026,의무,제조업(10~34),234.8,4019919445.0,71307777.0,1.7738608441194772,10.3,0.0,0.6,0.6,5.825242718446601,100.0,O,O,0.0,False,4383
동양이엔피,2026,의무,제조업(10~34),377.8,1180702523.0,63331029.0,5.363842946577662,5.7,0.0,0.1,0.1,1.7543859649122806,100.0,O,O,0.0,True,4384
코웨이,2026,의무,"사업시설 관리, 사업 지원 및 임대 서비스업(74~76)",6277.8,76277701372.0,3497965261.0,4.585829407654426,419.5,11.4,1.5,12.9,3.075089392133492,11.627906976744185,O,O,0.0,False,4385
농심,2026,의무,제조업(10~34),5456.5,28118455310.0,1038890893.0,3.694694041854179,105.8,0.0,2.9,2.9,2.7410207939508506,100.0,O,O,0.0,False,4386
티엠씨,2026,의무,제조업(10~34),390.9,1547579078.0,307073576.0,19.84218967323103,10.5,0.0,1.0,1.0,9.523809523809524,100.0,X,O,0.0,False,4387
단국대학교의과대학부속병원,2026,의무,보건업 및 사회복지 서비스업(86~87),2240.9,3920867449.0,377833431.0,9.636475497185316,34.8,2.0,0.0,2.0,5.74712643678161,0.0,O,O,4.0,False,4388
SK에너지,2026,자율,제조업(10~34),2479.8,51557090516.0,3356263483.0,6.50980000890165,206.5,5.2,8.3,13.6,6.585956416464891,61.029411764705884,O,X,0.0,False,4389
현대글로비스,2022,의무,운수 및 창고업(49~52),1470.3,32084577952.0,2230774195.0,6.95279270413761,115.0,4.6,2.0,6.6,5.739130434782608,30.303030303030305,X,X,0.0,False,439
태양금속공업,2026,의무,제조업(10~34),508.4,540502360.0,100255901.0,18.548651850474805,5.1,1.0,0.0,1.0,19.607843137254903,0.0,X,O,1.0,False,4390
유안타증권,2026,자율,금융 및 보험업(64~66),1754.9,62555810003.0,6362736955.0,10.17129656652973,229.4,15.0,5.7,20.7,9.023539668700959,27.536231884057973,O,O,4.0,False,4391
현대오토에버,2026,의무,정보통신업(58~63),5564.9,406439006156.0,39269751789.0,9.661905278335276,2553.8,121.9,96.0,217.9,8.532383115357506,44.05690683799908,O,O,4.0,False,4392
에스씨케이컴퍼니,2026,의무,숙박 및 음식점업(55~56),22302.8,82154684966.0,5029603784.0,6.122114382255277,309.8,5.1,12.3,17.4,5.616526791478373,70.68965517241381,O,O,1.0,False,4393
에스케이증권,2026,자율,금융 및 보험업(64~66),830.8,39396138008.0,3740904522.0,9.495612288799352,139.8,6.2,3.0,9.2,6.5808297567954215,32.608695652173914,O,O,1.0,False,4394
에스케이지오센트릭,2026,자율,제조업(10~34),1192.8,23086465802.0,1413408323.0,6.122237743628803,90.2,2.8,3.7,6.5,7.20620842572062,56.92307692307692,O,X,0.0,False,4395
크리스에프앤씨,2026,의무,제조업(10~34),318.8,769948682.0,54969834.0,7.139415299369263,4.0,0.0,0.0,0.0,0.0,,X,X,0.0,False,4396
SK인천석유화학,2026,자율,제조업(10~34),628.9,8832015950.0,566330456.0,6.41224448875684,32.7,1.7,1.5,3.3,10.091743119266054,45.45454545454546,O,X,0.0,False,4397
엔브이에이치코리아,2026,의무,제조업(10~34),281.0,7343829355.0,401022939.0,5.460678885831763,16.0,0.0,0.0,0.0,0.0,,O,X,0.0,False,4398
대원제약,2026,의무,제조업(10~34),1338.0,4516715411.0,259488611.0,5.745073297468376,12.8,1.0,0.2,1.2,9.374999999999998,16.666666666666668,O,O,0.0,False,4399
고려대학교의료원,2022,의무,보건업 및 사회복지 서비스업(86~87),3825.5,7886054459.0,508658680.0,6.450103567564014,54.7,1.0,0.0,1.0,1.8281535648994516,0.0,O,O,0.0,False,440
에스케이아이이테크놀로지,2026,자율,제조업(10~34),339.5,8689337278.0,998189988.0,11.487527253974317,39.8,3.2,2.1,5.3,13.316582914572864,39.62264150943396,X,O,0.0,False,4400
한국케이블티브이푸른방송,2026,의무,정보통신업(58~63),100.4,1290829905.0,64473623.0,4.994741967958977,5.0,0.0,0.0,0.0,0.0,,O,O,0.0,False,4401
케이티에이치씨엔,2026,의무,정보통신업(58~63),369.5,10796410128.0,463862648.0,4.296452640280803,67.6,2.0,1.6,3.6,5.325443786982249,44.44444444444445,X,O,0.0,False,4402
순천향대학교부속부천병원,2026,의무,보건업 및 사회복지 서비스업(86~87),2249.2,5221258514.0,93345654.0,1.7877998905763433,25.7,1.3,0.3,1.6,6.225680933852141,18.749999999999996,O,O,2.0,True,4403
에스케이어스온,2026,자율,광업(05~08),88.7,4549669446.0,210335561.0,4.623095446745562,3.9,0.1,0.5,0.6,15.384615384615385,83.33333333333334,X,O,0.0,False,4404
케이비증권,2026,자율,금융 및 보험업(64~66),3069.7,158714999742.0,12227363747.0,7.7039749027352515,566.6,16.8,17.4,34.2,6.036004235792446,50.87719298245613,O,O,0.0,False,4405
스마일게이트,2026,자율,"전문, 과학 및 기술 서비스업(70~73)",1304.6,68020406080.0,6084900202.0,8.945698140707131,309.3,33.8,6.2,40.0,12.932428063368897,15.5,O,O,0.0,False,4406
현대모비스,2026,의무,제조업(10~34),12155.6,480417543973.0,27514578645.0,5.727221869846274,1358.7,76.0,15.6,91.6,6.741738426437034,17.03056768558952,O,O,0.0,False,4407
엘엑스세미콘,2026,의무,제조업(10~34),1460.1,30276238589.0,927788759.0,3.0644122329551378,61.9,3.7,3.0,6.7,10.823909531502423,44.776119402985074,X,O,0.0,False,4408
브이티,2026,의무,제조업(10~34),252.8,913920517.0,16877840.0,1.8467514062823036,2.0,0.0,0.0,0.0,0.0,,X,X,0.0,False,4409
서희건설,2026,의무,건설업(41~42),667.3,1001757812.0,168421426.0,16.812589228902365,3.0,0.5,0.8,1.3,43.333333333333336,61.53846153846154,X,X,0.0,False,4410
교촌에프앤비,2026,의무,도매 및 소매업(45~47),421.8,6439583732.0,1230052105.0,19.101422641459646,34.1,4.1,2.2,6.3,18.47507331378299,34.920634920634924,O,O,4.0,False,4411
한국타이어앤테크놀로지,2026,의무,제조업(10~34),6118.3,43409325779.0,1248084403.0,2.875152701873527,134.4,2.7,1.0,3.7,2.7529761904761902,27.027027027027025,O,O,0.0,False,4412
에이치엠엠,2026,의무,운수 및 창고업(49~52),1900.4,58621747979.0,3480645269.0,5.937464147686056,157.6,2.2,8.3,10.5,6.662436548223351,79.04761904761905,O,O,0.0,False,4413
케이티스카이라이프,2026,의무,정보통신업(58~63),365.8,17948754495.0,1571522225.0,8.755605997272848,76.6,6.0,2.1,8.1,10.574412532637076,25.92592592592593,O,X,0.0,False,4414
신세계아이앤씨,2026,의무,정보통신업(58~63),1343.3,63381727984.0,4608109277.0,7.270406509212347,275.7,16.6,0.4,17.0,6.166122597025753,2.3529411764705883,X,O,0.0,False,4415
KPX케미칼,2026,의무,제조업(10~34),360.4,3807687299.0,596587241.0,15.66796835330148,2.6,0.0,0.1,0.1,3.8461538461538463,100.0,O,O,0.0,False,4416
연세대학교의료원,2026,의무,보건업 및 사회복지 서비스업(86~87),8429.3,25037957171.0,2083601351.0,8.321770569259195,140.9,7.4,0.0,7.4,5.25195173882186,0.0,O,O,1.0,False,4417
삼립,2026,의무,제조업(10~34),3072.2,8833853109.0,408449387.0,4.623683255315492,44.6,1.0,0.9,1.9,4.260089686098654,47.36842105263158,O,O,3.0,False,4418
더존비즈온,2026,의무,정보통신업(58~63),1800.0,71010955255.0,6851552139.0,9.648584664712804,695.3,36.8,0.0,36.8,5.292679418955847,0.0,O,X,7.0,False,4419
고려대학교구로병원,2022,의무,보건업 및 사회복지 서비스업(86~87),2868.3,2486072669.0,119829541.0,4.820033722031155,11.8,0.0,0.0,0.0,0.0,,O,O,0.0,False,442
에스제이지세종,2026,의무,제조업(10~34),617.4,4088093799.0,663124907.0,16.22088287607806,13.7,4.7,0.0,4.7,34.306569343065696,0.0,O,O,3.0,False,4420
HD현대중공업,2026,의무,제조업(10~34),14919.6,132840515924.0,9393341447.0,7.071141949173149,120.2,15.6,16.7,32.3,26.87188019966722,51.702786377708975,O,O,1.0,False,4421
아주대학교의료원,2026,의무,교육 서비스업(85),4190.5,10570400401.0,623009400.0,5.893905399657907,60.1,1.8,0.0,1.8,2.995008319467554,0.0,O,O,2.0,False,4422
오픈에셋,2026,자율,정보통신업(58~63),10.0,404072203.0,184227670.0,45.5927600642205,4.0,2.1,0.0,2.1,52.5,0.0,O,O,0.0,False,4423
자화전자,2026,의무,제조업(10~34),1549.3,7059223529.0,541719259.0,7.673921314073182,29.8,2.0,4.2,6.2,20.80536912751678,67.74193548387098,O,O,0.0,True,4424
동국제강,2026,의무,제조업(10~34),2036.0,20644644256.0,1025571102.0,4.967734436508567,88.6,1.0,2.2,3.2,3.611738148984199,68.75,X,O,2.0,False,4425
실리콘투,2026,의무,도매 및 소매업(45~47),290.6,3100157359.0,13130338.0,0.42353779113442735,23.9,0.8,0.0,0.8,3.3472803347280338,0.0,O,O,0.0,False,4426
케이티,2026,의무,정보통신업(58~63),14689.1,2021569205959.0,127564845179.0,6.310189371849146,5466.0,164.8,152.3,317.1,5.8013172338090016,48.02901292967518,O,O,0.0,False,4427
고려대학교의료원,2026,의무,보건업 및 사회복지 서비스업(86~87),4251.8,12402584523.0,407219809.0,3.2833463722406435,67.5,3.3,0.3,3.6,5.333333333333334,8.333333333333332,O,X,2.0,False,4428
네이버웹툰유한회사,2026,의무,정보통신업(58~63),852.6,61181036945.0,4481737246.0,7.325369869145816,241.3,14.7,1.4,16.1,6.672192291753006,8.695652173913041,O,O,0.0,False,4429
에스케이플래닛,2022,의무,정보통신업(58~63),843.7,118562145612.0,6565673528.0,5.537748574057073,671.6,18.2,16.8,35.0,5.21143537820131,48.00000000000001,X,X,0.0,False,443
아바코,2026,의무,제조업(10~34),406.0,24761450.0,22332000.0,90.18857942487213,2.0,2.0,0.0,2.0,100.0,0.0,X,O,0.0,False,4430
팜스토리,2026,의무,제조업(10~34),429.0,392421743.0,159746311.0,40.70781343020537,9.0,0.0,0.3,0.3,3.3333333333333335,100.0,O,O,1.0,False,4431
대교,2026,의무,교육 서비스업(85),2351.2,32863365111.0,2339367602.0,7.118466395935116,220.4,4.6,2.8,7.4,3.3575317604355717,37.83783783783783,O,O,1.0,False,4432
무신사,2026,의무,도매 및 소매업(45~47),1899.3,119458190623.0,4159094908.0,3.4816322650706755,647.0,8.7,1.1,9.8,1.5146831530139104,11.224489795918368,O,O,0.0,False,4433
한국철강,2026,의무,제조업(10~34),304.0,2221156943.0,225988014.0,10.174337959872833,10.5,0.0,0.0,0.0,0.0,,O,O,0.0,False,4434
에스알,2026,자율,운수 및 창고업(49~52),807.0,36708674652.0,2352071840.0,6.407400600260712,71.5,4.0,9.0,13.0,18.181818181818183,69.23076923076923,X,O,0.0,False,4435
보령,2026,의무,제조업(10~34),1679.4,8554353365.0,1262851984.0,14.762681994958715,25.3,4.2,0.0,4.2,16.600790513833992,0.0,O,O,0.0,False,4436
우아한형제들,2026,의무,정보통신업(58~63),2272.6,261499175065.0,8766622528.0,3.352447488914988,1027.7,22.7,4.6,27.3,2.6564172423859103,16.849816849816847,O,O,0.0,False,4437
고려대학교구로병원,2026,의무,보건업 및 사회복지 서비스업(86~87),3135.8,6932248645.0,149516933.0,2.156831652422646,14.0,0.0,0.3,0.3,2.142857142857143,100.0,O,X,2.0,False,4438
하이픈코퍼레이션,2026,자율,정보통신업(58~63),47.1,6086684306.0,481707880.0,7.914126243169084,23.9,1.9,0.0,1.9,7.949790794979079,0.0,O,O,0.0,False,4439
원광대학교병원,2022,의무,보건업 및 사회복지 서비스업(86~87),2037.0,3943026089.0,319780514.0,8.110027851251177,16.6,1.0,0.0,1.0,6.024096385542168,0.0,O,O,2.0,False,444
숙명여자대학교,2026,자율,교육 서비스업(85),1914.2,6163395719.0,609545231.0,9.889763026588492,16.1,1.0,1.4,2.4,14.906832298136644,58.333333333333336,O,O,0.0,False,4440
골프존,2026,의무,정보통신업(58~63),552.1,37968913124.0,4501196613.0,11.854952493108925,389.4,10.2,75.4,85.6,21.982537236774526,88.08411214953273,O,O,0.0,True,4441
현대자동차,2026,의무,제조업(10~34),73554.3,693590307180.0,44621242166.0,6.433371646645565,3332.5,89.1,125.5,214.6,6.439609902475619,58.48089468779124,O,X,4.0,False,4442
금강방송,2026,의무,정보통신업(58~63),53.0,2466444717.0,30702987.0,1.2448276982808206,8.0,0.0,0.0,0.0,0.0,,O,O,4.0,False,4443
일지테크,2026,의무,제조업(10~34),462.1,1776986671.0,151508726.0,8.52615995789875,5.0,1.0,0.0,1.0,20.0,0.0,X,X,0.0,False,4444
엘지생활건강,2026,의무,제조업(10~34),4480.3,74045561340.0,7717009662.0,10.421974690103685,246.4,11.2,16.5,27.7,11.241883116883116,59.56678700361011,O,O,0.0,False,4445
고려대학교안산병원,2026,의무,보건업 및 사회복지 서비스업(86~87),2289.8,9337927970.0,187464097.0,2.00755561193304,14.0,0.0,0.3,0.3,2.142857142857143,100.0,O,X,2.0,False,4446
이구산업,2026,의무,제조업(10~34),243.4,396514387.0,3020000.0,0.7616369289520887,2.0,0.0,0.0,0.0,0.0,,X,O,0.0,False,4447
신라교역,2026,의무,"농업, 임업 및 어업(01~03)",528.8,732330554.0,19516000.0,2.664916804768465,5.0,0.0,0.0,0.0,0.0,,O,O,0.0,False,4448
에쓰-오일(S-OIL),2026,의무,제조업(10~34),3580.8,46420043907.0,5120012709.0,11.029745510921238,99.5,9.2,9.8,19.0,19.09547738693467,51.578947368421055,O,O,2.0,False,4449
SK,2022,의무,금융 및 보험업(64~66),4351.1,228555613640.0,13503933177.0,5.908379567640008,822.4,19.1,33.5,52.6,6.395914396887161,63.68821292775665,O,X,0.0,False,445
케이티아이에스,2026,의무,"사업시설 관리, 사업 지원 및 임대 서비스업(74~76)",8342.3,12936702202.0,1154184343.0,8.921781803260219,60.9,3.0,0.0,3.0,4.926108374384237,0.0,O,O,0.0,False,4450
이수스페셜티케미컬,2026,의무,제조업(10~34),274.1,2991431371.0,124588219.0,4.164836278973421,7.4,0.0,0.9,0.9,12.162162162162161,100.0,O,O,0.0,False,4451
트리니티항공,2026,의무,운수 및 창고업(49~52),3279.0,47323784557.0,1304183520.0,2.7558732510692425,133.7,5.0,0.5,5.5,4.113687359760658,9.090909090909092,X,X,0.0,True,4452
한국쉘석유,2026,의무,제조업(10~34),119.0,893970936.0,239050263.0,26.740272348182913,3.0,0.0,1.0,1.0,33.33333333333333,100.0,X,O,5.0,False,4453
씨에스윈드,2026,의무,제조업(10~34),109.3,3580571573.0,593494684.0,16.57541741311255,14.7,0.0,0.8,0.8,5.4421768707483,100.0,O,O,0.0,False,4454
네이버,2026,의무,정보통신업(58~63),4816.3,1458186124351.0,66034146814.0,4.528512904577943,3196.1,60.1,93.9,154.0,4.818372391351961,60.97402597402598,O,O,2.0,False,4455
아이에스동서,2026,의무,건설업(41~42),438.2,1885886185.0,97521366.0,5.171116198616196,7.0,0.0,0.0,0.0,0.0,,O,O,0.0,False,4456
나무가,2026,의무,제조업(10~34),122.8,772729936.0,22225970.0,2.876292086605533,4.0,0.0,0.0,0.0,0.0,,X,X,0.0,False,4457
건국대학교병원,2026,의무,보건업 및 사회복지 서비스업(86~87),2230.3,10607714695.0,477434099.0,4.500819570732243,45.0,2.0,1.0,3.0,6.666666666666667,33.33333333333333,O,O,2.0,False,4458
하림,2026,의무,제조업(10~34),2513.5,5027513515.0,315565272.0,6.276766259473695,39.4,0.0,0.0,0.0,0.0,,X,O,0.0,False,4459
엔투비,2022,자율,도매 및 소매업(45~47),134.1,3194565113.0,241555115.0,7.5614397094932535,14.0,1.0,0.4,1.4,10.0,28.571428571428577,O,O,1.0,False,446
이마트,2026,의무,도매 및 소매업(45~47),26083.2,148979049801.0,8097663128.0,5.4354374919268995,260.1,8.0,10.9,18.9,7.266435986159168,57.67195767195767,O,O,1.0,False,4460
이원컴포텍,2026,자율,제조업(10~34),125.8,61824534.0,10318793.0,16.6904501051314,1.0,0.0,0.0,0.0,0.0,,O,O,0.0,False,4461
SIMPAC,2026,의무,제조업(10~34),432.8,3793861542.0,789425342.0,20.80796395073081,9.0,6.0,1.0,7.0,77.77777777777779,14.285714285714285,O,O,1.0,False,4462
셀트리온,2026,의무,제조업(10~34),2980.0,17227456392.0,2965471280.0,17.213633937144028,63.9,11.5,0.0,11.5,17.99687010954617,0.0,O,O,2.0,False,4463
동국산업,2026,의무,제조업(10~34),405.0,2096149234.0,143953047.0,6.867499921525148,6.0,0.0,0.7,0.7,11.666666666666666,100.0,O,O,0.0,False,4464
(학)일송학원한림대성심병원,2026,의무,보건업 및 사회복지 서비스업(86~87),2070.5,3627363477.0,450737860.0,12.426046158814538,6.0,3.0,0.0,3.0,50.0,0.0,O,O,1.0,False,4465
순천향대학교부속천안병원,2026,자율,보건업 및 사회복지 서비스업(86~87),2708.0,4435490674.0,227034634.0,5.118591170326064,17.7,2.0,0.5,2.5,14.124293785310735,20.0,O,O,2.0,False,4466
모베이스전자,2026,의무,제조업(10~34),1164.5,28044830563.0,3728703376.0,13.295510442196571,342.2,33.0,11.2,44.2,12.916423144360026,25.339366515837103,O,O,0.0,False,4467
화승코퍼레이션,2026,의무,제조업(10~34),636.4,4242140801.0,407107013.0,9.596735047173178,9.5,0.0,0.0,0.0,0.0,,O,O,0.0,False,4468
지에스,2026,의무,금융 및 보험업(64~66),98.6,3398949533.0,198625809.0,5.84374104621341,12.7,1.0,0.0,1.0,7.874015748031496,0.0,O,O,8.0,True,4469
동성케미컬,2022,의무,제조업(10~34),522.6,2000427495.0,196858168.0,9.840804952543406,7.8,0.2,0.5,0.7,8.974358974358974,71.42857142857143,O,O,0.0,False,447
케이티엠오에스남부,2026,의무,"사업시설 관리, 사업 지원 및 임대 서비스업(74~76)",1024.7,71736983830.0,70294558.0,0.09798928564738905,955.1,0.0,0.0,0.0,0.0,,O,O,6.0,False,4470
와이지엔터테인먼트,2026,의무,정보통신업(58~63),454.5,4806802278.0,264022065.0,5.4926757900650225,22.0,1.4,0.0,1.4,6.363636363636363,0.0,X,O,0.0,False,4471
모트렉스,2026,의무,제조업(10~34),451.3,11661921253.0,1033817259.0,8.864896585835314,5.7,1.0,0.1,1.1,19.29824561403509,9.090909090909092,O,O,0.0,False,4472
다우기술,2026,의무,정보통신업(58~63),750.8,50363543101.0,2719562891.0,5.399864115092414,284.0,6.0,0.0,6.0,2.112676056338028,0.0,O,O,0.0,False,4473
씨제이씨지브이,2026,의무,정보통신업(58~63),3805.0,54425441409.0,2865627348.0,5.265234922883195,167.8,3.8,0.7,4.5,2.68176400476758,15.555555555555555,X,O,0.0,False,4474
가온전선,2026,의무,제조업(10~34),527.7,2977621719.0,269377624.0,9.046737612139239,15.3,0.0,1.6,1.6,10.457516339869281,100.0,O,X,0.0,False,4475
GS글로벌,2026,의무,도매 및 소매업(45~47),276.0,4343739166.0,218574493.0,5.031943324563794,13.8,0.0,1.3,1.3,9.420289855072465,100.0,X,O,6.0,False,4476
나이스인프라,2026,의무,"사업시설 관리, 사업 지원 및 임대 서비스업(74~76)",451.3,53231140170.0,12641754777.0,23.748795792513643,68.2,2.9,0.9,3.8,5.571847507331378,23.68421052631579,O,O,0.0,False,4477
드림텍,2026,의무,제조업(10~34),461.8,2658302928.0,72444500.0,2.725216123299549,8.2,0.0,0.0,0.0,0.0,,O,O,0.0,False,4478
엘지디스플레이,2026,의무,제조업(10~34),25086.7,268425962317.0,12778084301.0,4.76037570684374,757.2,26.9,13.6,40.5,5.3486529318541995,33.58024691358025,O,O,2.0,False,4479
원익머트리얼즈,2026,의무,제조업(10~34),526.3,4419375178.0,509246052.0,11.523032815477338,16.9,2.0,0.1,2.1,12.42603550295858,4.761904761904762,O,O,4.0,False,4480
한미약품,2026,의무,제조업(10~34),2443.6,30331259362.0,1545240000.0,5.09454612997681,43.0,0.0,4.7,4.7,10.930232558139535,100.0,X,O,0.0,False,4481
경동도시가스,2026,의무,"전기, 가스, 증기 및 공기 조절 공급업(35)",304.8,4967000967.0,679454483.0,13.679370862099532,18.2,2.0,1.7,3.7,20.329670329670332,45.945945945945944,X,X,5.0,False,4482
한국제지,2026,의무,제조업(10~34),776.0,1926301314.0,70917236.0,3.6815235230639525,11.3,0.0,0.0,0.0,0.0,,O,O,0.0,False,4483
에스케이바이오사이언스,2026,자율,제조업(10~34),1093.8,20362433393.0,1860159376.0,9.135250881358155,111.0,4.6,2.5,7.1,6.396396396396396,35.21126760563381,O,O,0.0,False,4484
코스콤,2026,의무,정보통신업(58~63),870.6,134044573345.0,11441428565.0,8.53554029043189,683.8,28.5,5.0,33.5,4.899093302135127,14.925373134328357,O,O,0.0,False,4486
리드코프,2026,의무,도매 및 소매업(45~47),241.4,4309729144.0,772337198.0,17.92078277297883,17.5,1.4,0.0,1.4,8.0,0.0,O,O,0.0,False,4487
한진정보통신,2026,의무,정보통신업(58~63),433.3,47137650583.0,1387273926.0,2.9430273016201505,145.6,7.3,1.5,8.8,6.043956043956045,17.045454545454543,X,O,0.0,False,4488
에스케이스퀘어,2026,의무,금융 및 보험업(64~66),92.8,11025259560.0,3680156449.0,33.37931800128976,25.9,2.0,5.7,7.7,29.72972972972973,74.02597402597402,O,O,2.0,True,4489
에이치엘만도,2022,의무,제조업(10~34),3727.8,17996538192.0,850217762.0,4.724340608895256,88.8,2.0,1.9,3.9,4.391891891891892,48.717948717948715,O,O,0.0,False,449
케이아이엔엑스,2026,의무,정보통신업(58~63),176.6,36549991698.0,444527764.0,1.2162185088111097,127.7,2.0,0.0,2.0,1.5661707126076743,0.0,O,O,0.0,False,4490
대동,2026,의무,제조업(10~34),1076.6,12649778870.0,363133188.0,2.87066826805329,29.8,1.0,0.0,1.0,3.3557046979865772,0.0,O,O,0.0,False,4491
한일시멘트,2026,의무,제조업(10~34),744.7,7661276930.0,377138216.0,4.922654793004591,23.3,0.0,0.5,0.5,2.1459227467811157,100.0,X,O,0.0,True,4492
엘지전자,2026,의무,제조업(10~34),35306.3,710400590316.0,44830375075.0,6.310576833144039,1645.1,242.0,35.1,277.1,16.843960853443562,12.666907253699025,O,O,22.0,False,4493
핸즈코퍼레이션,2026,의무,제조업(10~34),879.0,266700000.0,69000000.0,25.871766029246345,2.0,0.0,0.0,0.0,0.0,,O,O,0.0,False,4494
두산퓨얼셀,2026,의무,제조업(10~34),664.9,8037131228.0,502001868.0,6.246032990616238,9.0,0.0,0.0,0.0,0.0,,O,O,1.0,False,4495
셀트리온제약,2026,의무,제조업(10~34),987.6,3639496938.0,322823442.0,8.870001747477772,29.0,0.6,0.5,1.1,3.7931034482758625,45.45454545454545,O,O,0.0,False,4496
쿠쿠홈시스,2026,의무,"사업시설 관리, 사업 지원 및 임대 서비스업(74~76)",945.9,2532864360.0,123908930.0,4.892047594684462,9.0,0.0,0.0,0.0,0.0,,X,O,0.0,False,4497
엘앤에프,2026,의무,제조업(10~34),1814.4,6730856125.0,964535207.0,14.330052360166887,48.0,9.8,0.0,9.8,20.416666666666668,0.0,O,O,0.0,False,4498
동진쎄미켐,2026,의무,제조업(10~34),1464.3,5122964748.0,673718154.0,13.15094261117098,19.5,2.1,0.0,2.1,10.76923076923077,0.0,O,O,1.0,False,4499
위버스컴퍼니,2022,자율,도매 및 소매업(45~47),175.3,15104773633.0,1299593844.0,8.603861769637684,67.8,4.5,0.8,5.3,7.817109144542774,15.094339622641511,X,O,2.0,False,450
에스원,2026,의무,"사업시설 관리, 사업 지원 및 임대 서비스업(74~76)",7083.8,57321220861.0,4268083295.0,7.445904380421009,241.3,5.8,2.9,8.7,3.605470368835474,33.333333333333336,O,O,14.0,False,4500
미스토홀딩스,2026,의무,금융 및 보험업(64~66),70.0,7848008718.0,184591667.0,2.3520828484380387,13.8,0.0,1.5,1.5,10.869565217391305,100.0,O,O,5.0,False,4501
에이치디현대마린솔루션,2026,의무,"전문, 과학 및 기술 서비스업(70~73)",584.3,10784647368.0,416024887.0,3.857565971367975,29.5,0.0,1.3,1.3,4.406779661016949,100.0,X,O,0.0,False,4502
화승인더스트리,2026,의무,도매 및 소매업(45~47),37.5,153369014.0,11066123.0,7.2153577253877375,0.0,0.0,0.0,0.0,,,O,O,0.0,False,4503
동화기업,2026,의무,제조업(10~34),661.4,11646717978.0,555906059.0,4.773070491189668,66.6,1.0,0.1,1.1,1.651651651651652,9.090909090909092,O,O,0.0,False,4504
디엔오토모티브,2026,의무,제조업(10~34),1643.0,5157899844.0,975648726.0,18.91561983575422,19.4,4.3,0.0,4.3,22.16494845360825,0.0,O,O,0.0,False,4505
종근당,2026,의무,제조업(10~34),2312.6,11311719004.0,1495912583.0,13.22444963909572,26.0,0.0,6.5,6.5,25.0,100.0,O,O,1.0,False,4506
동화약품,2026,의무,제조업(10~34),835.1,3059071171.0,168697964.0,5.51467927909808,7.2,0.0,0.0,0.0,0.0,,X,O,0.0,False,4507
동원산업,2026,의무,"농업, 임업 및 어업(01~03)",732.4,4619223150.0,155824150.0,3.373384331952008,9.9,0.4,0.0,0.4,4.040404040404041,0.0,O,O,0.0,False,4508
피아이첨단소재,2026,자율,제조업(10~34),326.5,3941755243.0,445940173.0,11.3132385322992,7.2,0.0,1.0,1.0,13.88888888888889,100.0,O,O,0.0,False,4509
아주대학교의료원,2022,의무,교육 서비스업(85),4619.2,9799018450.0,572237032.0,5.8397382852157,55.0,1.0,0.0,1.0,1.8181818181818181,0.0,O,O,7.0,False,451
한국공항,2026,의무,운수 및 창고업(49~52),3378.3,6184835758.0,184600600.0,2.9847292187382934,13.2,0.0,0.0,0.0,0.0,,X,O,0.0,False,4510
유니트론텍,2026,의무,도매 및 소매업(45~47),120.0,211828770.0,67793997.0,32.0041498612299,1.0,0.0,0.0,0.0,0.0,,X,X,0.0,False,4511
한솔로지스틱스,2026,의무,운수 및 창고업(49~52),270.8,3983221412.0,157655042.0,3.957978372104613,27.0,0.0,2.0,2.0,7.4074074074074066,100.0,O,O,0.0,False,4512
현대무벡스,2026,의무,제조업(10~34),562.7,5845856019.0,823126071.0,14.080505375512226,33.3,5.6,1.7,7.3,21.92192192192192,23.28767123287671,O,O,3.0,False,4513
진흥기업,2026,의무,건설업(41~42),544.0,2184552562.0,179568564.0,8.219924167702402,6.2,0.0,0.0,0.0,0.0,,O,O,0.0,False,4514
아름방송네트워크,2026,의무,정보통신업(58~63),38.0,4443872404.0,990792654.0,22.29570437504398,2.0,0.0,0.0,0.0,0.0,,O,O,0.0,False,4515
세종네트웍스,2026,의무,정보통신업(58~63),192.6,25626022732.0,1176849568.0,4.59240039044542,115.2,4.0,0.4,4.4,3.8194444444444446,9.090909090909092,O,O,0.0,False,4516
에치에프알,2026,의무,제조업(10~34),169.2,2545475322.0,230705005.0,9.063336933816087,10.0,2.0,0.0,2.0,20.0,0.0,X,O,8.0,False,4517
자이에스앤디,2026,의무,건설업(41~42),2063.3,11596468138.0,532669241.0,4.593374764291531,23.2,0.0,0.2,0.2,0.8620689655172413,100.0,O,O,0.0,False,4518
케이티샛,2026,의무,정보통신업(58~63),196.7,82299099988.0,730381508.0,0.8874720478188663,83.7,2.0,1.0,3.0,3.584229390681003,33.33333333333333,O,X,2.0,False,4519
넥슨코리아,2022,의무,정보통신업(58~63),2831.3,169665569548.0,13599643207.0,8.015558632921413,480.0,81.8,75.0,156.8,32.66666666666667,47.83163265306122,O,X,3.0,False,452
네이트커뮤니케이션즈,2026,의무,정보통신업(58~63),122.1,8581674128.0,885951396.0,10.32375947613004,72.0,3.0,2.3,5.3,7.361111111111112,43.39622641509433,X,O,2.0,False,4520
한솔제지,2026,의무,제조업(10~34),1689.1,13913497469.0,891605707.0,6.40820691552605,21.5,2.0,1.0,3.0,13.953488372093023,33.33333333333333,O,O,0.0,False,4521
대한제분,2026,의무,제조업(10~34),403.9,2710819376.0,102361830.0,3.7760476004506764,19.2,0.0,0.0,0.0,0.0,,O,X,0.0,False,4522
아이티센엔텍,2026,의무,정보통신업(58~63),1083.4,4059376178.0,109719270.0,2.7028603703847227,9.0,0.0,0.8,0.8,8.88888888888889,100.0,X,O,0.0,False,4523
쏘카,2026,의무,"사업시설 관리, 사업 지원 및 임대 서비스업(74~76)",482.1,22704140999.0,1221352385.0,5.379425652147748,265.6,6.4,12.2,18.6,7.003012048192771,65.59139784946235,O,O,6.0,False,4525
금화피에스시,2026,의무,"전기, 가스, 증기 및 공기 조절 공급업(35)",1179.0,893195167.0,60288801.0,6.749790328858777,3.0,0.0,1.0,1.0,33.33333333333333,100.0,X,X,0.0,False,4526
케이비금융지주,2026,자율,금융 및 보험업(64~66),164.3,10008055831.0,1460329617.0,14.591541470788183,37.2,4.0,11.3,15.3,41.12903225806451,73.8562091503268,X,X,1.0,False,4527
사조오양,2026,의무,제조업(10~34),886.8,1748496121.0,64560000.0,3.692315883610702,3.4,0.0,0.2,0.2,5.882352941176471,100.0,O,O,3.0,False,4528
OpenAI,2026,의무,,,,,,,,,,,,O,X,0.0,False,4529
에이치엘디앤아이한라,2022,의무,건설업(41~42),1136.1,3865972767.0,91722785.0,2.3725667646432234,16.8,1.0,0.0,1.0,5.952380952380952,0.0,O,O,0.0,False,453
파트론,2026,의무,제조업(10~34),546.2,425670767.0,58198800.0,13.67225670913878,8.0,0.0,1.0,1.0,12.5,100.0,X,O,0.0,False,4531
인터지스,2026,의무,운수 및 창고업(49~52),523.5,3814188598.0,73114980.0,1.9169209419360758,13.3,0.0,0.0,0.0,0.0,,X,O,0.0,False,4532
대한항공,2026,의무,운수 및 창고업(49~52),18930.8,314449246460.0,13399423668.0,4.26123573799198,626.3,16.8,25.0,41.8,6.6741178349034005,59.80861244019139,O,O,0.0,False,4533
아모레퍼시픽,2026,의무,제조업(10~34),4758.6,138912137818.0,9359074618.0,6.73740593515455,563.5,13.7,19.6,33.3,5.909494232475598,58.858858858858866,O,O,0.0,False,4534
삼양패키징,2026,의무,제조업(10~34),535.2,3724971857.0,169155338.0,4.5411172082313,8.6,0.0,0.3,0.3,3.488372093023256,100.0,O,O,0.0,False,4535
에스케이디앤디,2026,의무,부동산업(68),169.3,12242662130.0,1083765809.0,8.852370485209168,52.8,2.0,3.5,5.5,10.416666666666668,63.63636363636363,O,O,0.0,False,4536
당근마켓,2026,의무,정보통신업(58~63),562.4,116392349573.0,6172655737.0,5.303317408442363,287.0,7.8,1.6,9.4,3.2752613240418125,17.02127659574468,X,O,0.0,False,4537
삼성이앤에이,2026,의무,건설업(41~42),5510.5,146547843018.0,6684475574.0,4.561292364554944,501.0,6.0,4.7,10.7,2.1357285429141717,43.925233644859816,O,O,0.0,False,4538
롯데쇼핑,2026,의무,도매 및 소매업(45~47),19468.0,171389575745.0,6931391570.0,4.044231710050319,765.2,20.3,10.6,30.9,4.038159958180867,34.3042071197411,O,X,6.0,False,4539
유니드,2022,의무,제조업(10~34),439.0,2332334319.0,266048912.0,11.406980115700986,5.2,0.0,0.6,0.6,11.538461538461538,100.0,O,O,0.0,False,454
티머니,2026,의무,정보통신업(58~63),197.0,46733772558.0,7672956766.0,16.418440767813696,140.0,6.0,6.0,12.0,8.571428571428571,50.0,O,O,0.0,False,4540
나이스디앤비,2026,자율,정보통신업(58~63),347.0,2711729000.0,1765821000.0,65.11790079318398,26.0,2.0,0.0,2.0,7.6923076923076925,0.0,O,O,0.0,False,4541
EquinixHyperscale3(SL2),2026,의무,,0.0,0.0,0.0,,0.0,0.0,0.0,0.0,,,X,O,0.0,False,4542
서흥,2026,의무,제조업(10~34),840.0,3119020639.0,420964620.0,13.496692350678607,8.9,0.0,0.0,0.0,0.0,,X,O,0.0,False,4543
대홍기획,2026,자율,"전문, 과학 및 기술 서비스업(70~73)",421.6,4936661540.0,587614498.0,11.903074440870014,9.4,1.0,0.0,1.0,10.638297872340425,0.0,O,O,0.0,False,4544
아이즈비전,2026,의무,정보통신업(58~63),56.5,1428810063.0,555560311.0,38.882726639922886,6.0,2.0,0.0,2.0,33.33333333333333,0.0,X,X,1.0,False,4545
쿠팡,2026,의무,도매 및 소매업(45~47),12136.9,2572560337183.0,134936727390.0,5.245230809154049,4144.3,204.8,165.3,370.1,8.930338054677508,44.6636044312348,O,X,3.0,False,4546
애경산업,2026,의무,제조업(10~34),941.9,10004847451.0,248425242.0,2.48304877427361,32.8,1.0,1.0,2.0,6.097560975609757,50.0,X,O,0.0,False,4547
데이콤크로싱,2026,의무,정보통신업(58~63),17.7,19196118790.0,112152793.0,0.584247233656549,7.7,0.0,0.2,0.2,2.5974025974025974,100.0,O,O,0.0,False,4548
포스코인터내셔널,2026,의무,도매 및 소매업(45~47),1831.5,44637069420.0,4464250493.0,10.001217712110277,92.0,5.1,6.0,11.1,12.065217391304348,54.054054054054056,O,O,3.0,False,4549
삼성물산,2022,의무,건설업(41~42),9920.0,162710639867.0,26005448470.0,15.982635487917019,432.8,18.2,7.3,25.5,5.891866913123844,28.627450980392155,O,X,2.0,False,455
씨제이프레시웨이,2026,의무,도매 및 소매업(45~47),8383.8,36990182913.0,2382854177.0,6.4418556204612845,99.5,3.0,0.0,3.0,3.015075376884422,0.0,X,O,0.0,False,4550
케이티엠오에스북부,2026,의무,"사업시설 관리, 사업 지원 및 임대 서비스업(74~76)",1003.8,57515340248.0,108886510.0,0.18931733608893386,874.2,1.0,0.0,1.0,0.11439029970258521,0.0,X,X,0.0,False,4551
위버스컴퍼니,2026,자율,도매 및 소매업(45~47),439.3,37873198206.0,2834709217.0,7.484736835747122,202.4,11.6,7.7,19.3,9.535573122529645,39.89637305699482,O,O,0.0,False,4552
호텔롯데,2026,자율,숙박 및 음식점업(55~56),5483.7,124838136611.0,8089950348.0,6.480351731945959,447.4,14.4,16.1,30.5,6.817165847116674,52.78688524590165,O,O,8.0,False,4554
한국마이크로소프트유한회사,2026,의무,정보통신업(58~63),,,,,,,,,,,O,O,0.0,False,4555
엠케이전자,2026,의무,제조업(10~34),301.1,679865880.0,32519868.0,4.783276960449905,3.0,0.0,0.0,0.0,0.0,,X,O,0.0,False,4557
매일유업,2026,의무,제조업(10~34),1959.3,21739217373.0,1823154190.0,8.386475735158472,63.4,1.2,3.9,5.1,8.04416403785489,76.47058823529413,O,O,0.0,False,4558
한국투자증권,2026,자율,금융 및 보험업(64~66),2956.1,176232312839.0,18760472367.0,10.645307926100331,386.6,14.0,23.5,37.5,9.699948266942576,62.66666666666667,O,O,2.0,False,4559
뉴젠스,2026,의무,정보통신업(58~63),492.6,1585527918.0,5755000.0,0.3629705875667842,20.2,0.0,0.0,0.0,0.0,,O,O,0.0,False,4560
SK네트웍스,2026,의무,도매 및 소매업(45~47),1556.0,27593846452.0,3502404277.0,12.69270046527401,187.9,5.7,10.7,16.4,8.728046833422031,65.2439024390244,O,X,2.0,False,4562
신성이엔지,2026,의무,제조업(10~34),511.4,5311177224.0,850672742.0,16.016651414982043,18.0,0.0,2.0,2.0,11.11111111111111,100.0,X,O,1.0,False,4563
에스에프에이반도체,2026,의무,제조업(10~34),560.7,2677139557.0,380164849.0,14.200412078106691,15.4,0.0,0.0,0.0,0.0,,O,X,0.0,False,4564
미창석유공업,2026,의무,제조업(10~34),86.9,296341236.0,7878000.0,2.658421793178996,1.3,0.0,0.0,0.0,0.0,,X,O,0.0,False,4565
선익시스템,2026,의무,제조업(10~34),246.4,633683805.0,176964464.0,27.926303718618783,2.0,0.0,0.0,0.0,0.0,,X,X,0.0,True,4566
티맵모빌리티,2026,의무,정보통신업(58~63),332.9,72457268507.0,4188676366.0,5.780891899886258,359.2,6.3,6.6,12.9,3.591314031180401,51.16279069767441,O,O,0.0,False,4567
에이치케이이노엔,2026,의무,제조업(10~34),1719.5,8936998362.0,863447643.0,9.66149492285204,28.6,1.8,1.4,3.2,11.188811188811188,43.74999999999999,O,O,0.0,True,4568
에이치에스애드,2026,의무,"전문, 과학 및 기술 서비스업(70~73)",806.7,13310329894.0,938505152.0,7.050953353327909,24.0,2.0,0.0,2.0,8.333333333333332,0.0,O,O,0.0,False,4569
파트론,2022,의무,제조업(10~34),469.0,1336286180.0,99853023.0,7.472428024362267,9.0,0.0,1.0,1.0,11.11111111111111,100.0,X,X,0.0,False,457
현대코퍼레이션,2026,의무,도매 및 소매업(45~47),266.0,3289389454.0,215182033.0,6.541701309899074,14.5,0.0,1.0,1.0,6.896551724137931,100.0,X,O,0.0,False,4570
마이크로소프트5673코리아,2026,의무,,,,,,,,,,,,O,O,0.0,False,4571
"MetaPlatforms,Inc.",2026,의무,,,,,,,,,,,,O,X,0.0,False,4572
남양유업,2026,의무,제조업(10~34),1892.6,4853892365.0,372283763.0,7.669798483469256,14.1,2.6,0.3,2.9,20.56737588652482,10.344827586206897,X,X,0.0,False,4573
엘지씨엔에스,2026,의무,정보통신업(58~63),6970.6,469826213339.0,30243975298.0,6.4372685983312,2974.7,105.3,150.7,256.0,8.605909839647696,58.86718749999999,O,O,0.0,False,4574
파라다이스,2026,의무,"예술, 스포츠 및 여가관련 서비스업(90~91)",1463.4,11471292903.0,1959828010.0,17.0846305344314,63.4,6.5,8.0,14.5,22.87066246056782,55.172413793103445,O,O,0.0,False,4575
하이브,2026,의무,"전문, 과학 및 기술 서비스업(70~73)",878.5,23495363434.0,3271748549.0,13.925081679160034,73.8,10.0,0.4,10.4,14.092140921409216,3.8461538461538463,O,O,1.0,False,4576
씨제이대한통운,2026,의무,운수 및 창고업(49~52),6865.3,156122525407.0,8879086905.0,5.687255494908803,496.7,10.8,18.1,28.9,5.818401449567142,62.629757785467135,X,O,0.0,False,4577
쿼드마이너,2026,자율,정보통신업(58~63),73.7,3848766964.0,459875800.0,11.948652758182424,42.3,3.6,0.0,3.6,8.510638297872342,0.0,O,O,0.0,False,4578
티빙,2026,의무,정보통신업(58~63),265.6,29009608745.0,2479203877.0,8.546147239670399,149.2,4.8,4.6,9.4,6.3002680965147455,48.93617021276595,O,O,2.0,False,4579
원익아이피에스,2022,의무,제조업(10~34),1588.0,7003389088.0,1117848926.0,15.961542503976897,17.5,1.0,1.7,2.7,15.42857142857143,62.962962962962955,O,O,0.0,False,458
에이치디현대마린엔진,2026,의무,제조업(10~34),293.5,2126045978.0,62618612.0,2.9453084574824753,4.9,0.0,0.0,0.0,0.0,,X,O,0.0,False,4580
도이치모터스,2026,의무,도매 및 소매업(45~47),1287.4,2317738441.0,169339044.0,7.306218898752778,4.0,1.0,0.0,1.0,25.0,0.0,O,O,0.0,False,4581
넥스틸,2026,의무,제조업(10~34),423.7,678908717.0,37266062.0,5.489112316111268,7.0,0.0,0.0,0.0,0.0,,O,O,0.0,False,4582
제주은행,2026,자율,금융 및 보험업(64~66),480.7,35839525005.0,3095510880.0,8.637142594853428,97.5,5.1,3.4,8.5,8.717948717948717,40.0,O,O,1.0,False,4583
화신,2026,의무,제조업(10~34),977.8,5156319004.0,572201588.0,11.097094410879471,11.0,0.0,0.0,0.0,0.0,,O,X,0.0,False,4584
제일기획,2026,의무,"전문, 과학 및 기술 서비스업(70~73)",1377.8,18795002691.0,2393348205.0,12.733960427396248,65.6,4.3,1.9,6.2,9.451219512195124,30.645161290322577,O,X,0.0,False,4586
엘지헬로비전,2026,의무,정보통신업(58~63),989.7,83574095853.0,4488476007.0,5.370654580451414,437.8,9.1,16.0,25.1,5.733211512105985,63.745019920318725,O,O,1.0,False,4587
비누랩스,2026,자율,정보통신업(58~63),62.0,4080805917.0,294591741.0,7.218959857237435,27.9,2.0,0.0,2.0,7.168458781362008,0.0,O,O,3.0,False,4588
케이에스에스해운,2026,의무,운수 및 창고업(49~52),841.9,2433684470.0,466321286.0,19.161123463141465,10.2,2.0,5.9,7.9,77.45098039215688,74.68354430379746,X,O,0.0,False,4589
연세대학교의과대학강남세브란스병원,2026,의무,보건업 및 사회복지 서비스업(86~87),2416.2,9712936620.0,735931932.0,7.57682213723742,42.5,0.0,0.0,0.0,0.0,,O,O,1.0,False,4590
티케이케미칼,2026,의무,제조업(10~34),172.0,570689111.0,16139923.0,2.828146303986515,4.0,0.0,0.0,0.0,0.0,,O,O,0.0,False,4591
서연이화,2026,의무,제조업(10~34),958.0,6447246571.0,573400500.0,8.893726859760271,36.0,3.7,6.0,9.7,26.944444444444443,61.855670103092784,O,O,2.0,False,4592
비바리퍼블리카,2026,자율,금융 및 보험업(64~66),1683.1,194341904960.0,19251531880.0,9.906011718863414,665.0,45.1,4.4,49.5,7.443609022556391,8.88888888888889,O,X,5.0,False,4593
스노우,2026,자율,정보통신업(58~63),406.6,49286629578.0,911115956.0,1.8486067393958978,229.3,3.0,0.6,3.6,1.569995638901003,16.666666666666664,X,O,0.0,False,4594
한신공영,2026,의무,건설업(41~42),914.6,2588451011.0,170204054.0,6.575517685159698,8.2,0.0,0.5,0.5,6.097560975609757,100.0,X,O,0.0,False,4595
CJ제일제당,2026,의무,제조업(10~34),8498.0,77970209076.0,6937414176.0,8.897519011700847,322.0,20.3,21.3,41.6,12.919254658385093,51.20192307692307,X,O,0.0,False,4596
지마켓,2026,의무,정보통신업(58~63),857.8,126993246326.0,12372306732.0,9.742491896174917,474.1,13.6,29.2,42.8,9.027631301413203,68.22429906542057,O,O,3.0,False,4597
제이와이피엔터테인먼트,2026,의무,정보통신업(58~63),464.3,5386162215.0,779014332.0,14.463254185522148,18.7,4.6,1.4,6.0,32.0855614973262,23.333333333333332,O,O,3.0,False,4598
크림,2026,자율,정보통신업(58~63),215.5,13125315046.0,358574866.0,2.731933403071169,66.9,1.3,0.2,1.5,2.242152466367713,13.333333333333334,X,O,0.0,False,4599
퍼시스,2022,의무,제조업(10~34),215.4,1964167868.0,115665804.0,5.88879422601368,9.0,0.0,0.6,0.6,6.666666666666667,100.0,X,O,0.0,False,460
롯데이노베이트,2026,의무,정보통신업(58~63),2909.9,86864392248.0,9687133221.0,11.152018646884668,688.4,66.0,5.8,71.8,10.42998256827426,8.07799442896936,X,X,0.0,False,4600
네이버제트,2026,자율,정보통신업(58~63),307.6,32390611525.0,621447221.0,1.9186029276426264,173.0,2.0,0.4,2.4,1.3872832369942196,16.666666666666668,X,O,0.0,False,4601
한솔케미칼,2026,의무,제조업(10~34),698.6,5107254796.0,1223782882.0,23.96165711094865,9.3,2.0,0.0,2.0,21.50537634408602,0.0,X,O,0.0,False,4602
엠피리온디씨코리아,2026,자율,정보통신업(58~63),16.2,966976479.0,62804400.0,6.494925302107581,7.7,0.5,0.0,0.5,6.493506493506493,0.0,X,O,2.0,False,4603
서울반도체,2026,의무,제조업(10~34),123.0,5119916443.0,313804165.0,6.12908762269033,30.0,1.0,0.5,1.5,5.0,33.33333333333333,O,O,5.0,False,4604
한미글로벌건축사사무소,2026,자율,"전문, 과학 및 기술 서비스업(70~73)",1120.0,3964757513.0,353789292.0,8.923352584362705,12.3,0.0,0.0,0.0,0.0,,X,X,0.0,False,4605
이화의대부속목동병원,2026,의무,교육 서비스업(85),2198.0,4003835947.0,151780617.0,3.790880021288744,42.2,4.0,2.8,6.8,16.113744075829384,41.17647058823529,X,O,8.0,False,4606
파워로직스,2026,의무,제조업(10~34),329.9,1329586526.0,345998048.0,26.022980921814785,5.3,0.0,0.0,0.0,0.0,,O,O,6.0,False,4607
씨제이올리브네트웍스,2026,의무,정보통신업(58~63),1496.8,68501237565.0,9539894029.0,13.92660099016125,218.8,20.3,6.6,26.9,12.294332723948811,24.53531598513011,X,O,1.0,False,4608
제이씨엔울산중앙방송,2026,의무,정보통신업(58~63),159.0,3369618683.0,175805702.0,5.21737675799799,28.0,0.0,0.0,0.0,0.0,,O,O,1.0,False,4609
제이더블유중외제약,2022,의무,도매 및 소매업(45~47),1183.5,8011484539.0,488307470.0,6.095093457684572,20.6,0.0,0.8,0.8,3.8834951456310676,100.0,O,O,,False,461
딜라이브,2026,의무,정보통신업(58~63),1024.3,44074850684.0,2246618397.0,5.097279655256019,218.4,8.4,0.6,9.0,4.1208791208791204,6.666666666666667,O,X,2.0,False,4610
대한제당,2026,의무,제조업(10~34),317.5,1473136107.0,122075233.0,8.286758597520413,8.0,0.0,0.0,0.0,0.0,,X,O,0.0,False,4611
LG유플러스,2026,의무,정보통신업(58~63),10442.5,1260414153292.0,96627887278.0,7.666360063128728,5053.7,140.9,210.4,351.3,6.95134258068346,59.89183034443496,O,O,2.0,False,4612
에스에프에이,2026,의무,제조업(10~34),738.0,7794874995.0,833351216.0,10.69101450035505,12.0,2.0,0.0,2.0,16.666666666666664,0.0,O,X,0.0,False,4613
딜라이브강남케이블티브이,2026,의무,정보통신업(58~63),81.0,2514379737.0,167276172.0,6.652780784798379,11.0,1.0,0.0,1.0,9.090909090909092,0.0,O,X,0.0,False,4614
삼원강재,2026,의무,제조업(10~34),292.0,719672906.0,25083603.0,3.4854171653364983,3.0,0.0,0.0,0.0,0.0,,O,O,0.0,False,4615
두산테스나,2026,의무,"전문, 과학 및 기술 서비스업(70~73)",786.4,10097302402.0,892956110.0,8.843511607844187,17.0,2.0,0.0,2.0,11.76470588235294,0.0,O,O,0.0,False,4616
딜라이브경기동부케이블티브이,2026,의무,정보통신업(58~63),11.2,1062695740.0,37240112.0,3.5043061337575323,6.8,0.0,0.8,0.8,11.764705882352942,100.0,O,X,0.0,False,4617
씨제이올리브영,2026,의무,도매 및 소매업(45~47),19871.5,126345422323.0,5418837615.0,4.288906962649451,654.9,12.5,1.6,14.1,2.153000458085204,11.347517730496454,O,O,0.0,False,4618
케이티씨에스,2026,의무,"사업시설 관리, 사업 지원 및 임대 서비스업(74~76)",9896.8,15182459431.0,1127065147.0,7.423468853134062,46.0,3.0,0.1,3.1,6.739130434782608,3.225806451612903,O,O,0.0,False,4619
지마켓,2022,의무,정보통신업(58~63),1350.0,100975950000.0,10541669000.0,10.439781948077735,433.0,15.0,22.0,37.0,8.545034642032332,59.45945945945946,O,X,0.0,False,462
한온시스템,2026,의무,제조업(10~34),2216.3,17643262569.0,2621145323.0,14.85635274512929,58.0,3.0,0.9,3.9,6.724137931034482,23.076923076923077,O,X,0.0,False,4620
현대엘리베이터,2026,의무,제조업(10~34),2878.0,32038148323.0,2230487408.0,6.961973537024754,100.2,2.0,0.0,2.0,1.996007984031936,0.0,O,O,0.0,False,4621
아모에스넷,2026,의무,정보통신업(58~63),2.0,274873375.0,166667.0,0.06063410106562704,2.0,0.0,0.0,0.0,0.0,,O,O,0.0,False,4622
코스맥스,2026,의무,제조업(10~34),1546.8,17346982064.0,538564036.0,3.104655518827543,74.4,0.0,5.5,5.5,7.392473118279569,100.0,O,O,0.0,True,4623
에스케이브로드밴드,2026,의무,정보통신업(58~63),2621.7,607660586108.0,32387237490.0,5.32982362694226,2232.6,31.7,93.7,125.4,5.6167696855683955,74.72089314194578,O,X,0.0,False,4624
퍼시스,2026,의무,제조업(10~34),267.2,3284240424.0,195881300.0,5.9642801595331685,7.0,0.0,1.0,1.0,14.285714285714285,100.0,O,X,0.0,False,4625
일성건설,2026,의무,건설업(41~42),476.8,606219069.0,40085384.0,6.612359467036165,0.8,0.0,0.0,0.0,0.0,,O,X,0.0,False,4626
레브잇,2026,의무,정보통신업(58~63),94.0,11312027929.0,448713277.0,3.966691735702485,37.0,1.0,0.0,1.0,2.7027027027027026,0.0,X,X,0.0,False,4627
한국아이비엠,2026,의무,도매 및 소매업(45~47),,,,,,,,,,,O,X,0.0,False,4628
에스케이바이오팜,2026,의무,"전문, 과학 및 기술 서비스업(70~73)",267.5,10358705686.0,1178996275.0,11.38169488291802,19.8,0.3,3.7,4.0,20.2020202020202,92.5,O,O,1.0,False,4629
TikTokPte.Ltd.,2026,의무,"사업시설 관리, 사업 지원 및 임대 서비스업(74~76)",,,,,,,,,,,X,O,0.0,False,4630
에스케이텔레콤,2026,의무,정보통신업(58~63),5572.2,1545305742564.0,111073603081.0,7.187807565945145,3387.3,87.8,312.7,400.5,11.823576299707732,78.07740324594256,O,X,4.0,False,4631
우리은행,2026,자율,금융 및 보험업(64~66),13718.8,401676268969.0,36381427605.0,9.057400303578252,1144.0,49.0,52.0,101.0,8.828671328671328,51.48514851485149,O,O,3.0,False,4632
아진산업,2026,의무,제조업(10~34),673.0,2256986307.0,29601841.0,1.3115649354269654,21.5,0.0,0.0,0.0,0.0,,O,O,0.0,False,4633
에이스침대,2026,의무,제조업(10~34),560.1,1155667679.0,16932676.0,1.4651855639548435,8.5,0.0,0.0,0.0,0.0,,X,X,0.0,True,4634
에스에프에이넥셀,2026,의무,제조업(10~34),498.0,393697160.0,206916742.0,52.55733671027751,5.0,1.0,0.0,1.0,20.0,0.0,O,O,0.0,False,4635
가이온,2026,의무,정보통신업(58~63),28.0,50500000.0,6000000.0,11.881188118811881,0.0,0.0,0.0,0.0,,,O,O,0.0,False,4636
KCTV제주방송,2026,의무,정보통신업(58~63),129.0,2922532394.0,95587245.0,3.2706992468669283,18.9,0.5,0.0,0.5,2.6455026455026456,0.0,X,X,0.0,False,4637
이노그리드,2026,의무,정보통신업(58~63),184.0,5677503536.0,722951999.0,12.733624812664493,97.0,10.0,0.0,10.0,10.309278350515463,0.0,O,O,0.0,False,4638
이노피아테크,2026,의무,제조업(10~34),55.0,81918625.0,69471600.0,84.80562265296811,1.0,1.0,0.0,1.0,100.0,0.0,X,O,3.0,False,4639
효성티앤씨,2022,의무,도매 및 소매업(45~47),1501.0,4778434644.0,410975404.0,8.600628335809462,21.9,0.7,0.6,1.3,5.936073059360731,46.15384615384615,O,O,0.0,False,464
화신정공,2026,의무,제조업(10~34),233.0,343206657.0,205940338.0,60.00476208711768,2.0,0.0,0.0,0.0,0.0,,X,O,0.0,False,4640
케이지이니시스,2026,의무,정보통신업(58~63),212.0,7991970747.0,1321133953.0,16.53076562493579,82.0,3.0,0.0,3.0,3.6585365853658534,0.0,X,X,0.0,False,4641
서울이동통신,2026,의무,정보통신업(58~63),9.0,230632885.0,0.0,0.0,4.0,4.0,0.0,4.0,100.0,0.0,O,X,0.0,False,4642
유니퀘스트,2026,의무,도매 및 소매업(45~47),209.6,635324525.0,46684363.0,7.348112840441662,2.0,1.0,0.0,1.0,50.0,0.0,O,O,3.0,True,4643
텐센트코리아유한회사,2026,의무,정보통신업(58~63),,,,,,,,,,,X,O,0.0,False,4644
한국지역난방공사,2026,자율,"전기, 가스, 증기 및 공기 조절 공급업(35)",2217.0,27687267487.0,5041334413.0,18.208132728760816,67.0,6.0,9.0,15.0,22.388059701492537,60.0,X,X,0.0,False,4645
한화,2022,의무,제조업(10~34),4785.4,33829233458.0,4092574893.0,12.097746459673859,123.7,20.6,4.0,24.6,19.886822958771223,16.260162601626014,O,X,1.0,False,465
신성통상,2022,의무,제조업(10~34),752.9,4629051657.0,511505603.0,11.049900517452791,29.5,3.6,0.0,3.6,12.203389830508476,0.0,X,O,0.0,False,466
네이버클라우드,2022,의무,정보통신업(58~63),798.6,568109397801.0,28016601434.0,4.931550427161528,799.2,41.8,27.7,69.5,8.696196196196196,39.856115107913666,O,X,0.0,False,467
에이치엘홀딩스,2022,의무,금융 및 보험업(64~66),245.0,5538709399.0,455567193.0,8.225150665645169,42.4,2.5,0.0,2.5,5.89622641509434,0.0,O,O,0.0,False,468
아이티엠반도체,2022,의무,제조업(10~34),364.2,2467009624.0,969217116.0,39.287123429559834,5.2,1.0,0.0,1.0,19.23076923076923,0.0,O,O,0.0,False,469
에스티팜,2022,자율,제조업(10~34),534.8,1488045211.0,60337506.0,4.054816718871857,5.5,0.0,0.1,0.1,1.8181818181818183,100.0,O,O,0.0,False,470
동아에스티,2022,의무,제조업(10~34),1630.0,8182877975.0,937650674.0,11.458690657060666,26.9,0.6,3.3,3.9,14.49814126394052,84.61538461538461,O,O,0.0,False,471
동아제약,2022,자율,제조업(10~34),921.2,4261674724.0,378457346.0,8.880484093933397,15.7,0.4,2.0,2.4,15.286624203821656,83.33333333333334,X,O,2.0,False,472
동아쏘시오홀딩스,2022,자율,금융 및 보험업(64~66),102.9,3204482387.0,286186232.0,8.930809954238017,7.3,2.4,0.2,2.6,35.61643835616439,7.6923076923076925,O,O,1.0,False,473
충북대학교병원,2022,자율,보건업 및 사회복지 서비스업(86~87),2397.0,12594529071.0,532875828.0,4.231010345809539,38.8,1.0,0.5,1.5,3.865979381443299,33.33333333333333,O,O,3.0,False,474
해성디에스,2022,의무,제조업(10~34),1249.9,4013905432.0,151130636.0,3.7651767975185324,21.9,0.0,0.0,0.0,0.0,,O,O,0.0,False,476
디에이치오토웨어,2022,의무,제조업(10~34),475.0,371890436.0,16802800.0,4.518212455455563,2.0,1.0,0.0,1.0,50.0,0.0,X,O,0.0,False,477
삼익THK,2022,의무,제조업(10~34),601.4,3392346058.0,153273782.0,4.5182236534666655,8.7,0.5,0.0,0.5,5.74712643678161,0.0,O,O,0.0,False,479
포스코퓨처엠,2022,의무,제조업(10~34),1883.1,11366842074.0,1077694740.0,9.481039087057171,24.4,1.1,1.0,2.1,8.606557377049182,47.61904761904761,X,O,4.0,False,480
코스맥스,2022,의무,제조업(10~34),1157.0,7991363218.0,593090783.0,7.421647181098007,28.8,0.0,2.6,2.6,9.027777777777777,100.0,O,O,0.0,False,481
대림,2022,의무,도매 및 소매업(45~47),571.9,5296533501.0,530296162.0,10.012136464347456,27.5,3.2,0.6,3.8,13.818181818181818,15.789473684210526,X,X,1.0,False,482
영원무역,2022,의무,제조업(10~34),288.8,3491578385.0,375283541.0,10.748249061577347,10.5,0.0,0.0,0.0,0.0,,X,O,6.0,False,483
경동나비엔,2022,의무,제조업(10~34),1458.7,7381667433.0,409631273.0,5.549305447827806,55.0,3.0,0.0,3.0,5.454545454545454,0.0,O,O,0.0,False,484
신성이엔지,2022,의무,제조업(10~34),938.7,4111839760.0,544403670.0,13.239904806018025,20.3,4.0,1.0,5.0,24.63054187192118,20.0,X,X,0.0,False,485
대성에너지,2022,의무,"전기, 가스, 증기 및 공기 조절 공급업(35)",417.3,5969661830.0,400159753.0,6.703223137180619,19.6,0.0,0.2,0.2,1.0204081632653061,100.0,X,O,,False,486
서울아산병원,2022,의무,보건업 및 사회복지 서비스업(86~87),9100.0,45377282516.0,4307272635.0,9.492134381298085,140.0,7.0,0.0,7.0,5.0,0.0,O,X,2.0,False,487
에이치에스효성첨단소재,2022,의무,제조업(10~34),955.0,3348963313.0,252454725.0,7.538294731985319,16.6,0.5,0.4,0.9,5.421686746987951,44.44444444444445,O,O,0.0,False,488
넷마블,2022,의무,정보통신업(58~63),802.7,140563133030.0,7367454583.0,5.24138472456187,823.3,30.4,4.2,34.6,4.202599295518038,12.138728323699421,O,X,0.0,False,489
메쉬코리아,2022,자율,정보통신업(58~63),302.4,10291744000.0,623744200.0,6.060626848083279,81.9,3.3,0.0,3.3,4.029304029304029,0.0,X,O,7.0,False,491
효성중공업,2022,의무,제조업(10~34),3125.0,14063465163.0,1156476686.0,8.223269817189934,65.0,2.0,1.7,3.7,5.6923076923076925,45.945945945945944,O,O,0.0,False,492
티몬,2022,의무,도매 및 소매업(45~47),792.2,34490355918.0,1721657868.0,4.99170803598896,236.0,10.5,0.0,10.5,4.4491525423728815,0.0,X,X,,False,494
카카오,2022,의무,정보통신업(58~63),3062.0,359941982262.0,14057673633.0,3.9055387606237857,1781.8,46.8,14.0,60.8,3.4122797171399712,23.026315789473685,O,X,0.0,False,495
넥센타이어,2022,의무,제조업(10~34),4066.0,16975868090.0,314510810.0,1.852693531385705,54.8,0.0,0.4,0.4,0.7299270072992702,100.0,X,X,,False,496
세아특수강,2022,의무,제조업(10~34),302.8,1061025900.0,78318900.0,7.381431499457271,7.0,0.0,2.0,2.0,28.57142857142857,100.0,X,O,0.0,False,497
순천향대학교부속부천병원,2022,의무,보건업 및 사회복지 서비스업(86~87),2092.2,4638545607.0,241990560.0,5.216949028911424,23.8,1.0,0.3,1.3,5.46218487394958,23.076923076923077,O,O,2.0,False,498
한국특강,2022,의무,제조업(10~34),479.0,109240900.0,7920000.0,7.2500318104299755,2.0,2.0,0.0,2.0,100.0,0.0,O,X,0.0,False,499
크라운제과,2022,의무,제조업(10~34),1332.0,1229111008.0,207286030.0,16.864711864983963,7.6,1.3,0.0,1.3,17.105263157894736,0.0,X,O,0.0,False,500
두나무,2022,의무,정보통신업(58~63),269.7,124861384507.0,5651705243.0,4.526383609564375,166.7,9.9,0.0,9.9,5.93881223755249,0.0,O,X,0.0,False,501
데브시스터즈,2022,의무,정보통신업(58~63),215.9,16721770312.0,1022319451.0,6.113703465154976,45.8,3.0,0.0,3.0,6.550218340611353,0.0,O,O,,False,502
효성화학,2022,의무,제조업(10~34),1213.0,3945301833.0,337900499.0,8.564629863643693,19.9,1.0,0.5,1.5,7.537688442211056,33.33333333333333,O,O,0.0,False,503
현대제철,2022,의무,제조업(10~34),11339.3,71779704549.0,4882431620.0,6.801966726774469,230.5,11.8,2.6,14.4,6.247288503253796,18.055555555555554,X,X,0.0,False,504
엘지씨엔에스,2022,의무,정보통신업(58~63),6246.5,298485502510.0,15777385681.0,5.285813062385306,2283.0,82.4,35.3,117.7,5.155497152869032,29.99150382327952,O,X,0.0,False,505
한국타이어앤테크놀로지,2022,의무,제조업(10~34),915.4,21950725339.0,480020709.0,2.186810237870108,106.8,1.0,1.8,2.8,2.6217228464419473,64.28571428571429,X,X,16.0,False,506
태영건설,2022,의무,건설업(41~42),1547.3,4999373724.0,397124709.0,7.943489143321345,14.8,1.0,0.0,1.0,6.756756756756756,0.0,X,O,0.0,False,507
케이비아이메탈,2022,의무,제조업(10~34),211.0,146907776.0,31741304.0,21.606279030457856,18.0,0.0,5.0,5.0,27.77777777777778,100.0,X,X,,False,508
엘엑스하우시스,2022,의무,제조업(10~34),3314.3,31386951296.0,2655917809.0,8.461853411479547,122.0,5.5,3.3,8.8,7.213114754098362,37.49999999999999,X,O,1.0,False,509
카프로,2022,의무,제조업(10~34),266.5,475795413.0,12727000.0,2.674889175528895,2.0,0.0,0.0,0.0,0.0,,O,O,,False,512
자이에스앤디,2022,의무,건설업(41~42),2914.6,4528107941.0,519053175.0,11.462915234422853,9.0,0.0,0.0,0.0,0.0,,O,O,0.0,False,513
코오롱플라스틱,2022,의무,제조업(10~34),360.6,2520427711.0,230085918.0,9.128844163862631,7.1,1.0,0.2,1.2,16.901408450704224,16.666666666666668,O,O,0.0,False,514
동성화인텍,2022,의무,제조업(10~34),474.6,507878702.0,69666398.0,13.717133190594003,1.1,0.0,0.1,0.1,9.090909090909092,100.0,O,O,0.0,False,515
동양이엔피,2022,의무,제조업(10~34),415.7,3251029867.0,273959989.0,8.42686779905858,17.3,2.0,0.0,2.0,11.560693641618498,0.0,O,O,0.0,False,516
TCC스틸,2022,의무,제조업(10~34),276.0,2671521750.0,39373200.0,1.473811695525219,12.0,1.0,4.0,5.0,41.66666666666667,80.0,X,X,0.0,False,518
한독,2022,의무,제조업(10~34),959.8,4928486810.0,484288248.0,9.826307072941116,13.4,0.9,0.3,1.2,8.955223880597014,25.0,O,O,2.0,False,519
에스케이텔레콤,2022,의무,정보통신업(58~63),5372.5,1710573520341.0,62657141766.0,3.6629318191193208,2528.5,38.0,158.1,196.1,7.755586315997627,80.6221315655278,O,O,,False,520
에이치에스화성,2022,의무,건설업(41~42),373.2,643732223.0,24123800.0,3.747489893790822,3.0,0.0,0.0,0.0,0.0,,O,O,0.0,False,521
피아이첨단소재,2022,의무,제조업(10~34),300.1,2578969883.0,174330739.0,6.7597043357950675,7.7,0.0,1.2,1.2,15.584415584415584,100.0,O,O,,False,522
아이파크현대산업개발,2022,의무,건설업(41~42),1634.0,10605559004.0,432983217.0,4.082606271264869,32.2,1.0,1.5,2.5,7.763975155279502,60.0,X,X,2.0,False,523
보령,2022,의무,제조업(10~34),1337.1,7743291344.0,673762440.0,8.701240984843924,12.5,0.0,0.0,0.0,0.0,,O,O,0.0,False,524
에이치디현대인프라코어,2022,의무,제조업(10~34),2835.5,53583910079.0,2060823278.0,3.845974052587205,122.6,4.3,0.8,5.1,4.159869494290375,15.686274509803924,X,O,0.0,False,525
현대모비스,2022,의무,제조업(10~34),10309.4,125045199923.0,8071607358.0,6.454951779812671,342.6,15.8,17.3,33.1,9.661412726211326,52.26586102719033,X,X,2.0,False,526
아토리서치,2022,의무,정보통신업(58~63),89.0,102016238.0,4309800.0,4.224621574459548,22.0,9.0,0.0,9.0,40.909090909090914,0.0,O,O,0.0,False,527
엔비티,2022,의무,"전문, 과학 및 기술 서비스업(70~73)",64.8,3553630086.0,147031166.0,4.1374921542692045,21.6,1.0,0.4,1.4,6.481481481481481,28.571428571428577,O,O,0.0,False,529
삼호개발,2022,의무,건설업(41~42),1214.2,481775602.0,87746509.0,18.213149158184226,2.0,0.0,0.0,0.0,0.0,,X,O,0.0,False,530
롯데웰푸드,2022,의무,제조업(10~34),4491.8,14174448829.0,956222100.0,6.746097231263285,43.0,1.7,1.4,3.1,7.209302325581396,45.16129032258064,O,O,0.0,False,531
순천향대학교부속천안병원,2022,의무,보건업 및 사회복지 서비스업(86~87),2200.8,4859109034.0,283804101.0,5.840661302600439,20.9,0.0,0.3,0.3,1.4354066985645932,100.0,O,O,0.0,False,533
십일번가,2022,의무,도매 및 소매업(45~47),1135.4,79871680303.0,5503193891.0,6.890043968178918,523.3,19.7,17.3,37.0,7.070514045480604,46.75675675675676,O,O,,False,536
빙그레,2022,의무,제조업(10~34),1961.3,7702498283.0,362795900.0,4.710106859753779,25.6,0.0,0.0,0.0,0.0,,O,O,0.0,False,537
엘앤에프,2022,의무,제조업(10~34),891.0,2255660390.0,449693622.0,19.936229052636776,16.0,2.0,7.0,9.0,56.25,77.77777777777779,O,O,1.0,False,538
기아,2022,의무,제조업(10~34),35088.3,173792511143.0,8347035883.0,4.802874317255183,655.7,9.7,33.9,43.6,6.649382339484521,77.75229357798165,X,X,0.0,False,539
드림라인,2022,의무,정보통신업(58~63),130.4,39289460635.0,535429363.0,1.3627811488026043,18.2,3.9,0.0,3.9,21.42857142857143,0.0,O,O,0.0,False,540
드림마크원,2022,의무,정보통신업(58~63),26.0,2750444536.0,175997612.0,6.398878788370521,6.4,1.5,0.0,1.5,23.4375,0.0,O,O,,False,541
카카오모빌리티,2022,의무,정보통신업(58~63),601.4,33234019639.0,1480941754.0,4.456101820022157,248.0,7.2,2.7,9.9,3.9919354838709684,27.272727272727277,X,X,0.0,False,542
중앙대학교병원,2022,의무,교육 서비스업(85),2088.0,7623823352.0,876848946.0,11.501433146007658,29.0,0.0,0.0,0.0,0.0,,O,O,3.0,False,543
이녹스첨단소재,2022,의무,제조업(10~34),672.0,1954514274.0,194169480.0,9.93441094715689,5.0,0.0,0.0,0.0,0.0,,X,O,1.0,False,544
(학)단국대학교,2022,자율,교육 서비스업(85),1824.0,4590419358.0,482459900.0,10.510148689556829,25.0,1.0,0.0,1.0,4.0,0.0,O,O,1.0,False,545
유진기업,2022,의무,제조업(10~34),679.4,3963183629.0,276099480.0,6.966608309029226,17.0,0.0,1.6,1.6,9.411764705882353,100.0,X,O,0.0,False,546
롯데푸드,2022,의무,제조업(10~34),2125.0,8108913103.0,593700135.0,7.321574759265243,35.9,2.0,2.2,4.2,11.6991643454039,52.38095238095239,O,O,0.0,False,547
신도리코,2022,의무,제조업(10~34),472.9,2239686617.0,72078184.0,3.218226311346486,13.5,0.0,0.0,0.0,0.0,,O,O,4.0,False,548
원일특강,2022,의무,제조업(10~34),154.9,377893560.0,31473416.0,8.328645769988777,2.0,0.0,0.0,0.0,0.0,,O,O,6.0,False,550
SK네트웍스,2022,의무,도매 및 소매업(45~47),2824.0,43406836803.0,3521059229.0,8.111761852125209,186.1,5.3,10.9,16.2,8.704997313272433,67.28395061728396,O,X,1.0,False,551
에스케이렌터카,2022,의무,"사업시설 관리, 사업 지원 및 임대 서비스업(74~76)",632.6,28623187642.0,1920051173.0,6.708027061886806,72.9,4.7,4.9,9.6,13.16872427983539,51.04166666666667,X,X,0.0,False,552
휴스틸,2022,의무,제조업(10~34),546.8,508365523.0,50077600.0,9.85070736199394,5.6,1.0,0.0,1.0,17.857142857142858,0.0,O,O,0.0,False,553
디비아이엔씨(DBInc.),2022,의무,정보통신업(58~63),410.1,2727615289.0,259822069.0,9.525612722872518,13.5,0.9,0.3,1.2,8.88888888888889,25.0,X,X,3.0,False,554
원익큐엔씨,2022,의무,제조업(10~34),943.8,3155682058.0,312180084.0,9.892634247122242,15.0,1.0,0.6,1.6,10.666666666666668,37.49999999999999,O,O,0.0,False,555
스마일서브,2022,의무,정보통신업(58~63),69.9,5019409447.0,308878334.0,6.153678779574564,52.4,4.6,1.6,6.2,11.83206106870229,25.806451612903224,X,O,3.0,False,556
효성,2022,의무,금융 및 보험업(64~66),666.0,3124399960.0,452649482.0,14.487565221963452,9.3,0.3,0.3,0.6,6.451612903225806,50.0,X,X,0.0,False,557
에스원,2022,의무,"사업시설 관리, 사업 지원 및 임대 서비스업(74~76)",6988.7,48403883874.0,2568133567.0,5.305635336381479,137.7,5.0,0.8,5.8,4.21205519244735,13.793103448275861,O,X,3.0,False,558
강릉아산병원,2022,의무,보건업 및 사회복지 서비스업(86~87),1678.0,5341457913.0,663782976.0,12.427000021557598,18.0,1.0,0.0,1.0,5.555555555555555,0.0,X,X,0.0,False,559
사조대림,2022,의무,제조업(10~34),842.4,4762010584.0,302990236.0,6.362653561040468,13.7,0.0,0.0,0.0,0.0,,O,O,0.0,False,561
비지에프리테일,2022,의무,도매 및 소매업(45~47),2298.7,17621738338.0,768995593.0,4.3639031419602725,74.9,3.4,0.6,4.0,5.340453938584779,15.0,O,O,,False,562
하림,2022,의무,제조업(10~34),2360.6,2710001060.0,252793045.0,9.328152993416172,13.0,1.0,0.0,1.0,7.6923076923076925,0.0,O,O,0.0,False,563
예스이십사,2022,의무,도매 및 소매업(45~47),507.1,12047441041.0,1102650032.0,9.152566327134931,101.5,6.8,0.5,7.3,7.192118226600986,6.8493150684931505,O,O,0.0,False,564
한익스프레스,2022,의무,운수 및 창고업(49~52),414.0,1912757434.0,317833518.0,16.61650935713995,9.1,0.0,0.1,0.1,1.098901098901099,100.0,X,O,0.0,False,565
줌인터넷,2022,의무,정보통신업(58~63),167.0,6159016741.0,272293229.0,4.421050314531041,59.0,3.0,0.0,3.0,5.084745762711865,0.0,O,O,0.0,False,566
가비아,2022,의무,정보통신업(58~63),316.4,35378243198.0,2140445281.0,6.050174026507352,174.7,5.9,0.0,5.9,3.3772180881511167,0.0,O,O,0.0,False,567
대영포장,2022,의무,제조업(10~34),367.6,721166562.0,82711258.0,11.46909221229256,3.0,0.0,0.0,0.0,0.0,,O,O,0.0,False,568
씨젠,2022,의무,제조업(10~34),881.4,21297575925.0,713634284.0,3.3507770391948957,98.4,0.5,0.0,0.5,0.5081300813008129,0.0,X,O,0.0,False,569
제일약품,2022,의무,도매 및 소매업(45~47),976.3,1546328335.0,224062665.0,14.489979904558886,6.0,0.0,1.5,1.5,25.0,100.0,X,O,0.0,False,570
대창,2022,의무,제조업(10~34),393.5,753705211.0,83141750.0,11.031070077078185,9.1,0.0,0.4,0.4,4.395604395604396,100.0,O,O,0.0,False,571
금호석유화학,2022,의무,제조업(10~34),1375.4,10967443295.0,619107148.0,5.644954173432998,35.9,1.1,0.0,1.1,3.0640668523676884,0.0,O,O,,False,572
한국알콜산업,2022,의무,제조업(10~34),184.3,746784213.0,41087913.0,5.501979324782539,2.1,0.0,0.0,0.0,0.0,,O,O,,False,573
이엔에프테크놀로지,2022,의무,제조업(10~34),581.0,2042892580.0,271519660.0,13.290941611819845,5.0,0.0,0.0,0.0,0.0,,O,O,0.0,False,574
엘지전자,2022,의무,제조업(10~34),40411.3,232607714180.0,20745926985.0,8.918847364170421,1010.2,92.2,29.3,121.5,12.027321322510394,24.11522633744856,X,X,0.0,True,575
농심,2022,의무,제조업(10~34),5098.4,22512872768.0,1302191007.0,5.784206309071963,93.5,1.0,2.2,3.2,3.4224598930481283,68.75,X,O,0.0,False,576
와이지-원,2022,의무,제조업(10~34),1515.0,2714033044.0,619732621.0,22.834380088704624,9.8,3.0,0.0,3.0,30.61224489795918,0.0,O,O,0.0,False,577
엘지이노텍,2022,의무,제조업(10~34),11366.9,77433514886.0,6517532165.0,8.416939583067244,132.1,19.3,6.0,25.3,19.15215745647237,23.715415019762844,X,O,,False,578
코오롱인더스트리,2022,의무,제조업(10~34),3803.9,39803381091.0,2471408006.0,6.209040383654276,134.0,6.3,5.7,12.0,8.955223880597014,47.5,O,O,0.0,False,579
테스,2022,의무,제조업(10~34),377.1,3854636776.0,39424000.0,1.0227682215212694,25.9,0.0,0.0,0.0,0.0,,O,O,0.0,False,580
한국호스트웨이,2022,의무,정보통신업(58~63),19.8,1645277109.0,24834000.0,1.5094113851188333,11.1,0.0,0.5,0.5,4.504504504504505,100.0,O,O,0.0,False,581
호스트웨이아이디씨,2022,의무,정보통신업(58~63),80.3,6009160256.0,831329453.0,13.834369821805598,58.3,2.0,0.0,2.0,3.430531732418525,0.0,O,O,0.0,False,582
신원,2022,의무,제조업(10~34),636.3,4492538631.0,137282006.0,3.0557779749006238,26.9,0.0,0.0,0.0,0.0,,X,O,0.0,False,583
세종텔레콤,2022,의무,정보통신업(58~63),303.3,57898124708.0,761975248.0,1.316062051824478,160.7,4.6,0.4,5.0,3.1113876789047916,8.0,O,O,0.0,False,584
티케이지휴켐스,2022,의무,제조업(10~34),261.0,1633318142.0,101404987.0,6.208526336199846,6.0,0.0,1.5,1.5,25.0,100.0,O,O,,False,586
에이치케이이노엔,2022,의무,제조업(10~34),1651.2,6978171932.0,897420789.0,12.86039951071816,33.9,1.4,3.5,4.9,14.454277286135694,71.42857142857142,O,O,0.0,False,587
에스지씨에너지,2022,의무,"전기, 가스, 증기 및 공기 조절 공급업(35)",200.0,456133533.0,7387060.0,1.619495052559532,1.0,0.0,0.0,0.0,0.0,,O,X,,False,588
태광산업,2022,의무,제조업(10~34),1439.0,11870051323.0,960236174.0,8.089570532348068,36.9,0.0,3.3,3.3,8.94308943089431,100.0,O,O,0.0,False,589
네이버웹툰유한회사,2022,의무,정보통신업(58~63),523.7,41110490070.0,2144236758.0,5.215789824808576,232.8,6.7,0.9,7.6,3.264604810996563,11.842105263157896,O,O,0.0,False,590
성신양회,2022,의무,제조업(10~34),622.0,1340827270.0,215630757.0,16.081919112519245,8.3,0.5,0.0,0.5,6.024096385542168,0.0,O,O,0.0,False,591
엘지생활건강,2022,의무,제조업(10~34),4642.5,46018275296.0,3555431731.0,7.726129908456272,118.4,4.8,6.3,11.1,9.374999999999998,56.75675675675676,O,X,0.0,False,592
엔씨,2022,의무,정보통신업(58~63),4664.0,509039435766.0,16200808767.0,3.182623511795526,2693.3,82.4,19.0,101.4,3.764898080421787,18.737672583826427,O,X,2.0,False,593
포스코홀딩스,2022,의무,금융 및 보험업(64~66),17571.0,249734153416.0,11029787432.0,4.416611537160036,646.7,12.0,41.7,53.7,8.303695685789393,77.6536312849162,O,X,0.0,False,594
샘표식품,2022,의무,제조업(10~34),740.0,3808906043.0,50368983.0,1.3224002490838023,29.3,0.0,0.0,0.0,0.0,,O,O,0.0,False,595
한미반도체,2022,의무,제조업(10~34),641.0,1990158514.0,598838877.0,30.09000905140966,9.0,3.0,0.0,3.0,33.33333333333333,0.0,X,O,0.0,False,596
에스케이케미칼,2022,의무,제조업(10~34),1491.8,13396146716.0,1448997460.0,10.816524264170353,69.8,0.0,7.4,7.4,10.601719197707737,100.0,O,O,0.0,False,597
주성엔지니어링,2022,의무,제조업(10~34),432.8,1808167787.0,328357891.0,18.159702509952965,3.1,1.0,0.0,1.0,32.25806451612903,0.0,O,O,0.0,False,598
경창산업,2022,의무,제조업(10~34),1184.0,3048554999.0,206185273.0,6.763377175994324,7.5,1.9,0.0,1.9,25.33333333333333,0.0,O,O,0.0,False,599
한솔테크닉스,2022,의무,제조업(10~34),671.0,2609921508.0,123171500.0,4.719356487252643,10.5,0.0,0.5,0.5,4.761904761904762,100.0,O,O,0.0,False,601
광동제약,2022,의무,제조업(10~34),1042.0,2557197046.0,174700060.0,6.831701150025496,12.0,0.0,0.0,0.0,0.0,,O,O,0.0,False,602
한샘,2022,의무,도매 및 소매업(45~47),2638.4,17802587371.0,744598504.0,4.18252969909831,136.3,3.2,10.6,13.8,10.12472487160675,76.81159420289855,O,O,0.0,False,603
한국정보통신,2022,의무,정보통신업(58~63),246.8,17595113813.0,2727642171.0,15.502270687130792,90.8,2.7,2.0,4.7,5.176211453744494,42.5531914893617,O,O,1.0,False,604
포스코엠텍,2022,의무,제조업(10~34),1010.0,2335951902.0,248749786.0,10.648754616352543,6.3,0.0,0.0,0.0,0.0,,O,O,10.0,False,605
엘아이지디펜스앤에어로스페이스,2022,의무,제조업(10~34),3217.8,30201388765.0,4651011406.0,15.39999184206389,91.3,17.7,5.0,22.7,24.863088718510408,22.026431718061676,O,X,2.0,False,606
셀트리온,2022,의무,제조업(10~34),2167.5,12808697744.0,1070601016.0,8.358390816908013,41.2,4.9,0.0,4.9,11.893203883495145,0.0,X,O,1.0,False,607
코오롱글로벌,2022,의무,건설업(41~42),3240.0,10613673330.0,864898651.0,8.14890965746352,30.8,1.0,2.1,3.1,10.064935064935066,67.74193548387098,O,O,0.0,False,608
인하대학교의과대학부속병원,2022,의무,보건업 및 사회복지 서비스업(86~87),2550.4,8922531957.0,371201731.0,4.1602734827840075,34.3,1.0,0.0,1.0,2.915451895043732,0.0,O,O,1.0,False,609
엘지디스플레이,2022,의무,제조업(10~34),27187.3,219237851317.0,12436642609.0,5.672671271995652,481.9,27.2,12.9,40.1,8.321228470637063,32.16957605985037,X,X,0.0,False,612
(의)삼성의료재단강북삼성병원,2022,의무,보건업 및 사회복지 서비스업(86~87),2979.7,18534701950.0,2600648915.0,14.031242164107201,39.5,3.0,0.0,3.0,7.59493670886076,0.0,O,O,3.0,False,614
에이피위성,2022,의무,제조업(10~34),143.6,366205047.0,90619000.0,24.745426296650685,0.0,0.0,0.0,0.0,,,O,O,0.0,False,615
오리온,2022,의무,제조업(10~34),1453.0,7265036508.0,527780019.0,7.264657492344703,33.4,0.0,1.5,1.5,4.491017964071856,100.0,O,O,0.0,False,616
에스피삼화,2022,의무,제조업(10~34),876.0,4736872526.0,242345562.0,5.116151229947622,2.0,0.0,0.0,0.0,0.0,,X,O,0.0,False,617
학교법인가톨릭학원가톨릭대학교인천성모병원,2022,의무,보건업 및 사회복지 서비스업(86~87),2285.9,5846698399.0,458396390.0,7.840260583278977,23.0,1.0,0.4,1.4,6.08695652173913,28.571428571428577,O,O,3.0,False,618
한국케이블텔레콤,2022,의무,정보통신업(58~63),83.1,24135706830.0,612241006.0,2.5366607670217545,32.6,3.0,0.0,3.0,9.202453987730062,0.0,O,O,0.0,False,619
포스코스틸리온,2022,의무,제조업(10~34),424.0,5942638511.0,405266181.0,6.819633740969441,8.5,1.0,0.0,1.0,11.76470588235294,0.0,O,O,0.0,False,620
카카오엔터프라이즈,2022,의무,정보통신업(58~63),1078.0,83326054262.0,3708044385.0,4.450041968075063,776.2,23.2,16.0,39.2,5.05024478227261,40.81632653061224,O,X,0.0,False,621
연세대학교의료원,2022,의무,보건업 및 사회복지 서비스업(86~87),8519.0,21896580238.0,1314252969.0,6.002092357413899,140.1,7.3,0.0,7.3,5.210563882940757,0.0,O,O,1.0,False,622
대성글로벌네트웍,2022,의무,"사업시설 관리, 사업 지원 및 임대 서비스업(74~76)",1017.4,1167302308.0,69393408.0,5.944767480062243,4.0,0.0,0.0,0.0,0.0,,X,X,0.0,False,623
진흥기업,2022,의무,건설업(41~42),390.0,642212390.0,102781361.0,16.004263169074022,3.0,0.0,0.0,0.0,0.0,,O,O,0.0,False,624
분당서울대학교병원,2022,자율,보건업 및 사회복지 서비스업(86~87),5396.1,26743410110.0,2035483082.0,7.611157566023655,83.2,4.0,1.0,5.0,6.009615384615384,20.0,X,X,3.0,False,625
에쓰-오일(S-OIL),2022,의무,제조업(10~34),3201.9,27413025495.0,3929216762.0,14.3333933086542,98.7,5.0,9.0,14.0,14.184397163120565,64.28571428571429,O,O,0.0,False,626
오뚜기,2022,의무,제조업(10~34),2947.0,11419407208.0,935374653.0,8.191096402488496,58.6,2.0,1.1,3.1,5.290102389078498,35.483870967741936,X,X,0.0,False,627
서경방송,2022,의무,정보통신업(58~63),213.0,3378848128.0,447962492.0,13.257846314186276,20.0,1.0,0.0,1.0,5.0,0.0,O,O,2.0,False,628
휴비스,2022,의무,제조업(10~34),966.9,3162543868.0,700200094.0,22.140407318454308,16.0,2.0,3.0,5.0,31.25,60.0,X,O,14.0,False,629
포스코디엑스,2022,의무,정보통신업(58~63),1870.0,10143798373.0,1371269469.0,13.518303682474034,29.0,3.1,2.6,5.7,19.655172413793103,45.614035087719294,O,O,1.0,False,630
아이에스동서,2022,의무,건설업(41~42),711.8,2199557311.0,120976000.0,5.500015816591741,6.7,0.0,0.0,0.0,0.0,,O,O,0.0,False,631
에스디바이오센서,2022,의무,제조업(10~34),422.0,4720169603.0,396787850.0,8.406220186406298,4.0,2.0,0.0,2.0,50.0,0.0,O,O,0.0,False,632
애경케미칼,2022,의무,제조업(10~34),706.3,4355514230.0,178357816.0,4.094988710437527,23.0,1.0,0.0,1.0,4.3478260869565215,0.0,X,X,0.0,False,633
진성티이씨,2022,의무,제조업(10~34),225.9,1328256158.0,259081793.0,19.505408760167782,4.0,0.8,0.0,0.8,20.0,0.0,O,O,0.0,False,634
롯데하이마트,2022,의무,도매 및 소매업(45~47),3686.6,51914247831.0,5861649940.0,11.291023533812586,209.4,5.9,3.9,9.8,4.680038204393505,39.795918367346935,X,X,0.0,False,635
동양,2022,의무,제조업(10~34),481.0,2958920929.0,132765117.0,4.486943726639881,9.1,0.0,0.1,0.1,1.098901098901099,100.0,X,X,0.0,False,636
대원강업,2022,의무,제조업(10~34),768.0,1922303380.0,142232143.0,7.399047646683115,2.0,0.0,0.0,0.0,0.0,,O,O,0.0,False,637
삼표시멘트,2022,의무,제조업(10~34),663.0,2964086900.0,54974000.0,1.8546689707376662,16.2,0.0,1.0,1.0,6.17283950617284,100.0,O,O,0.0,False,638
상신브레이크,2022,의무,제조업(10~34),602.9,2612590277.0,455812382.0,17.446761017705494,9.4,0.0,0.0,0.0,0.0,,X,O,0.0,False,640
삼성전기,2022,의무,제조업(10~34),11801.6,186786949177.0,9928882863.0,5.315619162231379,761.1,20.8,2.0,22.8,2.9956641702798583,8.771929824561402,O,X,0.0,False,642
일동제약,2022,의무,제조업(10~34),1414.0,6797937540.0,1051308768.0,15.465113673286265,13.0,0.0,3.0,3.0,23.076923076923077,100.0,O,O,1.0,False,643
서희건설,2022,의무,건설업(41~42),961.2,878748011.0,198087698.0,22.54203657025404,2.0,0.0,0.5,0.5,25.0,100.0,X,X,0.0,False,646
대한유화,2022,의무,제조업(10~34),846.0,1452618940.0,71690000.0,4.935224099446205,6.0,0.0,0.0,0.0,0.0,,X,O,0.0,False,647
이수화학,2022,의무,제조업(10~34),426.6,4315969405.0,168870010.0,3.912678570065072,13.3,0.0,1.0,1.0,7.518796992481203,100.0,O,O,0.0,False,648
남광토건,2022,의무,건설업(41~42),533.0,431102148.0,48214620.0,11.18403613242957,4.0,1.0,0.0,1.0,25.0,0.0,O,O,1.0,False,649
아모레퍼시픽,2022,의무,제조업(10~34),5146.0,127030185523.0,4712702173.0,3.7099073370610176,606.4,11.5,4.7,16.2,2.671503957783641,29.01234567901235,O,X,1.0,False,650
씨제이대한통운,2022,의무,운수 및 창고업(49~52),6187.8,61124913788.0,4127979785.0,6.75335068662363,211.2,7.3,18.8,26.1,12.357954545454547,72.03065134099617,X,X,0.0,False,651
에스지씨이앤씨,2022,의무,건설업(41~42),1004.0,2818544576.0,239345829.0,8.491823441007023,4.9,0.8,0.0,0.8,16.3265306122449,0.0,O,O,0.0,False,652
엔피씨,2022,의무,제조업(10~34),231.4,1584432871.0,89549688.0,5.651844873899994,18.1,0.0,1.5,1.5,8.287292817679557,100.0,X,X,0.0,False,654
케이지모빌리티,2022,의무,제조업(10~34),4555.8,15031456957.0,691101096.0,4.5976986660508725,61.7,1.0,1.0,2.0,3.2414910858995136,50.0,X,O,0.0,False,656
현대엘리베이터,2022,의무,제조업(10~34),2721.2,57008615635.0,832518666.0,1.4603383308414906,44.3,1.9,0.0,1.9,4.288939051918736,0.0,O,O,0.0,False,657
대원제약,2022,의무,제조업(10~34),1018.9,4624793363.0,497550871.0,10.758337334173346,9.8,0.0,0.0,0.0,0.0,,O,O,0.0,False,658
두산,2022,의무,제조업(10~34),2358.1,23561899162.0,3027797592.0,12.850397037956732,218.2,18.2,14.0,32.2,14.75710357470211,43.47826086956522,X,X,0.0,False,659
한국단자공업,2022,의무,제조업(10~34),1071.0,3865054160.0,504611610.0,13.05574486438762,5.0,3.0,0.0,3.0,60.0,0.0,O,O,2.0,False,660
디아이동일,2022,의무,도매 및 소매업(45~47),243.0,397126647.0,15237696.0,3.836986541978383,4.0,0.0,0.0,0.0,0.0,,X,X,0.0,False,661
대한제강,2022,의무,제조업(10~34),369.0,2145768375.0,463345737.0,21.593464718669832,9.8,2.0,1.0,3.0,30.61224489795918,33.33333333333333,O,O,0.0,False,662
현대위아,2022,의무,제조업(10~34),3071.8,25898207944.0,2140831027.0,8.266328819465594,65.9,8.0,0.0,8.0,12.139605462822457,0.0,X,X,0.0,False,663
한양대학교병원,2022,의무,보건업 및 사회복지 서비스업(86~87),2247.0,5184319955.0,374183184.0,7.2175943469523,28.0,1.0,0.0,1.0,3.571428571428571,0.0,O,O,3.0,False,664
케이티앤지,2022,의무,제조업(10~34),4357.8,37598897834.0,6821865859.0,18.143792110924885,226.9,11.0,18.6,29.6,13.045394446892905,62.83783783783784,O,O,2.0,False,665
티에이치엔,2022,의무,제조업(10~34),464.1,1966253849.0,174727197.0,8.886299044696747,3.0,0.0,0.0,0.0,0.0,,X,X,0.0,False,666
동서,2022,의무,도매 및 소매업(45~47),289.0,1346595793.0,93411972.0,6.9368976559694335,6.0,0.0,0.0,0.0,0.0,,O,O,1.0,False,667
피씨디렉트,2022,의무,도매 및 소매업(45~47),89.8,40108211.0,13156502.0,32.802515175757904,0.0,0.0,0.0,0.0,,,O,O,0.0,False,668
한솔케미칼,2022,의무,제조업(10~34),584.3,2960212435.0,232427129.0,7.8517043659402095,9.0,2.0,0.1,2.1,23.333333333333332,4.761904761904762,O,O,0.0,False,669
이마트,2022,의무,도매 및 소매업(45~47),27851.2,73455411369.0,5515915878.0,7.509202896286348,254.7,4.0,9.3,13.3,5.2218296034550455,69.92481203007519,O,X,0.0,False,670
홈앤쇼핑,2022,자율,도매 및 소매업(45~47),509.5,19876244392.0,1310681364.0,6.594210345529546,82.2,7.0,0.3,7.3,8.880778588807784,4.10958904109589,O,X,0.0,False,671
캠시스,2022,의무,제조업(10~34),212.0,2404833165.0,327025529.0,13.59867843472626,15.0,1.0,1.0,2.0,13.333333333333334,50.0,O,O,1.0,False,672
더존비즈온,2022,의무,정보통신업(58~63),1639.0,50199370312.0,4441677930.0,8.84807499057061,718.7,85.3,0.0,85.3,11.868651732294419,0.0,X,X,0.0,False,673
넥센,2022,의무,제조업(10~34),867.7,1725074465.0,253425980.0,14.690726988414383,7.0,0.0,0.0,0.0,0.0,,X,X,0.0,False,674
대동,2022,의무,제조업(10~34),1194.0,5726368751.0,664134748.0,11.59783410532236,15.0,0.3,0.0,0.3,2.0,0.0,X,X,0.0,False,675
삼양패키징,2022,의무,제조업(10~34),491.0,1851075645.0,177452530.0,9.586454798825901,5.9,0.0,0.2,0.2,3.389830508474576,100.0,O,O,0.0,False,676
현대홈쇼핑,2022,의무,도매 및 소매업(45~47),994.3,23592479444.0,1488154196.0,6.307748193793445,117.7,6.5,5.7,12.2,10.365335598980458,46.72131147540984,O,X,0.0,False,677
극동유화,2022,의무,제조업(10~34),124.4,841957129.0,55306234.0,6.568770795454598,2.0,0.0,0.0,0.0,0.0,,O,O,0.0,False,678
씨제이프레시웨이,2022,의무,도매 및 소매업(45~47),6467.0,18485888168.0,1214781805.0,6.571400811040544,46.5,1.6,0.0,1.6,3.4408602150537635,0.0,O,O,0.0,False,679
삼성중공업,2022,의무,제조업(10~34),9002.8,68705434993.0,3364790710.0,4.8974156270793126,238.8,11.4,1.0,12.4,5.192629815745393,8.064516129032258,O,X,0.0,False,681
롯데이노베이트,2022,의무,정보통신업(58~63),2840.6,51717925011.0,5052838733.0,9.769995087632191,463.2,32.8,0.0,32.8,7.081174438687392,0.0,X,X,1.0,False,682
지엠비코리아,2022,의무,제조업(10~34),699.0,3314739683.0,189511968.0,5.717250406477847,9.8,0.0,0.0,0.0,0.0,,O,O,0.0,False,683
현대자동차,2022,의무,제조업(10~34),71048.8,372733488363.0,14759404297.0,3.9597741436707237,1064.0,24.6,36.7,61.4,5.7706766917293235,59.77198697068404,X,X,0.0,False,684
세코닉스,2022,의무,제조업(10~34),925.0,538066185.0,58994700.0,10.9642087989603,2.1,1.0,0.0,1.0,47.61904761904761,0.0,O,O,0.0,False,685
깨끗한나라,2022,의무,제조업(10~34),589.9,4044368555.0,106621599.0,2.6362977940817265,14.4,0.0,0.0,0.0,0.0,,X,O,0.0,False,686
엘에스,2022,의무,금융 및 보험업(64~66),77.0,2206609903.0,296064900.0,13.417183508398312,5.0,2.0,0.0,2.0,40.0,0.0,O,X,0.0,False,688
삼천리,2022,의무,"전기, 가스, 증기 및 공기 조절 공급업(35)",829.3,10630890179.0,604345470.0,5.684805880073987,32.2,1.0,1.0,2.0,6.211180124223602,50.0,O,O,0.0,False,689
현대비앤지스틸,2022,의무,제조업(10~34),457.8,3931894151.0,322047276.0,8.19063951449694,14.7,0.0,0.0,0.0,0.0,,O,O,1.0,False,690
케이카,2022,의무,도매 및 소매업(45~47),1039.4,10018617736.0,1254253010.0,12.519222142722144,36.9,3.0,0.0,3.0,8.130081300813007,0.0,O,O,0.0,False,691
티빙,2022,자율,정보통신업(58~63),120.8,15594690574.0,1255676234.0,8.051947090848383,47.9,1.5,3.4,4.9,10.229645093945722,69.3877551020408,X,X,0.0,False,692
도이치모터스,2022,의무,도매 및 소매업(45~47),1081.0,1268263751.0,275640432.0,21.733683690215315,14.5,1.0,2.0,3.0,20.689655172413794,66.66666666666666,X,X,0.0,False,693
사조동아원,2022,의무,제조업(10~34),322.0,841790467.0,42600000.0,5.060641771320986,8.0,0.0,0.0,0.0,0.0,,O,O,0.0,False,694
아시아나항공,2022,의무,운수 및 창고업(49~52),8347.1,71692365018.0,1834659222.0,2.559071975850381,205.8,6.2,6.3,12.5,6.073858114674441,50.4,X,O,0.0,False,695
삼성에스디에스,2022,의무,정보통신업(58~63),12189.4,187330457074.0,14473269666.0,7.726063285204451,724.4,52.8,0.0,52.8,7.288790723357261,0.0,O,X,0.0,False,696
엔브이에이치코리아,2022,의무,제조업(10~34),462.5,3615219485.0,136967659.0,3.788640207552986,8.8,0.0,0.0,0.0,0.0,,O,X,0.0,False,698
호텔신라,2022,의무,도매 및 소매업(45~47),2335.1,63118087020.0,6864367429.0,10.875436428903356,171.0,7.6,2.0,9.6,5.614035087719298,20.833333333333336,O,X,0.0,False,699
크래프톤,2022,의무,정보통신업(58~63),1386.7,202174339648.0,4061590356.0,2.008954431641285,770.8,30.8,0.6,31.3,4.060716139076285,1.9169329073482428,O,X,0.0,False,700
디와이에이,2022,의무,제조업(10~34),331.7,1204337742.0,122173460.0,10.144451654990979,2.0,1.0,0.0,1.0,50.0,0.0,O,O,4.0,False,701
씨에스윈드,2022,의무,제조업(10~34),86.7,1318981259.0,74760190.0,5.66802518912818,12.9,0.0,1.0,1.0,7.751937984496124,100.0,O,O,0.0,False,702
우성,2022,의무,도매 및 소매업(45~47),242.8,885825719.0,24411746.0,2.7558181565961055,5.0,0.0,0.0,0.0,0.0,,X,O,0.0,False,703
와이더플래닛,2022,의무,정보통신업(58~63),87.0,8729844120.0,486489990.0,5.572722528750032,29.0,6.0,0.0,6.0,20.689655172413794,0.0,O,O,0.0,False,705
한세실업,2022,의무,제조업(10~34),569.0,2856612276.0,198698438.0,6.955737034016724,9.4,0.0,0.0,0.0,0.0,,X,O,0.0,False,707
일성건설,2022,의무,건설업(41~42),393.8,742887885.0,141375296.0,19.030502294434378,0.9,0.0,0.0,0.0,0.0,,O,X,0.0,False,708
디비하이텍,2022,의무,제조업(10~34),2046.0,13296698453.0,406991327.0,3.0608449792149317,73.1,1.0,0.0,1.0,1.3679890560875514,0.0,O,O,0.0,False,709
현대코퍼레이션,2022,의무,도매 및 소매업(45~47),218.3,2651047797.0,203157213.0,7.663279901248797,12.3,0.0,1.0,1.0,8.130081300813007,100.0,X,O,0.0,False,710
삼양홀딩스,2022,의무,금융 및 보험업(64~66),491.0,3801531236.0,291719008.0,7.6737238204821105,10.5,0.0,0.3,0.3,2.857142857142857,100.0,O,O,0.0,False,711
한솔로지스틱스,2022,의무,운수 및 창고업(49~52),359.0,2021345022.0,100411594.0,4.967563325762602,27.0,0.0,1.0,1.0,3.7037037037037033,100.0,O,O,0.0,False,712
에이제이아이씨티,2022,자율,도매 및 소매업(45~47),57.3,1104052376.0,36108384.0,3.270531795857482,18.9,0.7,0.7,1.4,7.4074074074074066,50.0,X,X,0.0,False,713
엘지화학,2022,의무,제조업(10~34),13253.9,202907317602.0,15904194540.0,7.838157207910985,254.2,8.5,9.6,18.1,7.120377655389458,53.03867403314917,X,X,0.0,False,714
하나금융티아이,2022,자율,정보통신업(58~63),1017.1,42559185666.0,4802237951.0,11.283669731576767,443.1,41.9,16.8,58.8,13.270142180094785,28.571428571428577,O,O,0.0,False,715
세보엠이씨,2022,의무,건설업(41~42),1234.5,1938686801.0,223324468.0,11.519368052890561,5.0,2.0,0.0,2.0,40.0,0.0,O,X,1.0,False,716
화승알앤에이,2022,의무,제조업(10~34),774.7,1850384091.0,65141341.0,3.520422668830652,13.9,0.0,0.0,0.0,0.0,,O,O,0.0,False,717
연세대학교의과대학강남세브란스병원,2022,의무,보건업 및 사회복지 서비스업(86~87),2253.3,9149616853.0,964144291.0,10.537537325225523,26.0,1.0,0.0,1.0,3.8461538461538463,0.0,O,O,1.0,False,718
대원산업,2022,의무,제조업(10~34),531.0,2648520697.0,202395326.0,7.641825349118651,6.5,1.2,0.9,2.1,32.30769230769231,42.857142857142854,O,X,0.0,False,719
롯데칠성음료,2022,의무,제조업(10~34),6520.4,24473645365.0,1922528372.0,7.855504741232487,63.3,1.4,1.9,3.3,5.213270142180095,57.57575757575758,O,O,0.0,False,720
이수페타시스,2022,의무,제조업(10~34),874.0,2329284724.0,171747750.0,7.373411598435401,13.8,1.0,0.9,1.9,13.768115942028983,47.36842105263158,X,O,0.0,False,721
에스비에스,2022,의무,정보통신업(58~63),952.0,13323243241.0,724704837.0,5.439402583072603,33.0,2.0,1.0,3.0,9.090909090909092,33.33333333333333,O,O,4.0,False,722
대한제당,2022,의무,제조업(10~34),432.6,1625797575.0,193835864.0,11.922509110643741,6.9,0.5,0.0,0.5,7.246376811594203,0.0,O,O,0.0,False,723
골프존,2022,의무,정보통신업(58~63),442.1,39670648700.0,1854908249.0,4.675769894834112,210.1,7.8,1.3,9.2,4.378867206092337,14.130434782608697,O,O,1.0,False,724
에스케이텔링크,2022,의무,정보통신업(58~63),177.6,41846140144.0,1858161213.0,4.4404602350557,95.7,3.0,2.5,5.5,5.747126436781609,45.45454545454545,O,O,0.0,False,725
나이스홀딩스,2022,의무,금융 및 보험업(64~66),59.5,6456217119.0,1047469051.0,16.22419184010097,37.0,2.0,3.8,5.8,15.675675675675677,65.51724137931035,O,O,0.0,False,726
지에스리테일,2022,의무,도매 및 소매업(45~47),6900.3,75300212577.0,5319131314.0,7.063899465835901,430.0,14.2,4.9,19.1,4.441860465116279,25.654450261780106,X,X,0.0,False,727
에스제이지세종,2022,의무,제조업(10~34),687.0,2641247104.0,177702159.0,6.727964177637201,13.0,1.0,0.0,1.0,7.6923076923076925,0.0,O,O,0.0,False,729
휴온스,2022,의무,제조업(10~34),799.2,2151403738.0,69156652.0,3.2144897202925655,8.7,0.0,1.3,1.3,14.942528735632186,100.0,O,O,0.0,False,730
현대로템,2022,의무,제조업(10~34),3412.0,19506927962.0,2074707417.0,10.635746546260814,60.6,13.1,0.0,13.1,21.617161716171616,0.0,O,O,0.0,False,731
두산에너빌리티,2022,의무,건설업(41~42),5551.8,55509984624.0,2192491666.0,3.949724866347857,96.9,4.0,2.7,6.7,6.9143446852425186,40.298507462686565,X,X,0.0,False,732
동진쎄미켐,2022,의무,제조업(10~34),1205.6,2567806045.0,323233461.0,12.587923516629933,17.6,1.9,0.0,1.9,10.795454545454545,0.0,O,O,0.0,False,733
서울반도체,2022,의무,제조업(10~34),528.3,9167056676.0,576708006.0,6.291092401663254,7.7,0.0,1.0,1.0,12.987012987012985,100.0,O,O,2.0,False,734
경남스틸,2022,의무,제조업(10~34),104.0,194573138.0,51603917.0,26.521603922531177,0.0,0.0,0.0,0.0,,,O,O,0.0,False,736
도화엔지니어링,2022,의무,"전문, 과학 및 기술 서비스업(70~73)",2377.1,3629095703.0,50590908.0,1.3940362046164536,19.3,0.0,0.0,0.0,0.0,,O,O,0.0,False,737
한국카본,2022,의무,제조업(10~34),507.0,1994333091.0,365000000.0,18.3018574804363,4.0,1.0,0.0,1.0,25.0,0.0,X,X,0.0,False,738
아이디스파워텔,2022,의무,정보통신업(58~63),138.3,8085502129.0,396690410.0,4.906193872328643,31.3,0.5,1.0,1.5,4.792332268370607,66.66666666666666,O,O,1.0,False,739
대한항공,2022,의무,운수 및 창고업(49~52),18652.1,342894203753.0,9660426395.0,2.817319829051056,329.5,12.8,13.5,26.3,7.981790591805766,51.33079847908745,O,O,0.0,False,740
태웅로직스,2022,의무,운수 및 창고업(49~52),255.8,844453260.0,40198302.0,4.760275542070854,7.0,0.0,0.0,0.0,0.0,,O,O,1.0,False,741
위니아,2022,의무,제조업(10~34),648.2,1143677416.0,68762558.0,6.012408484946423,21.8,0.0,4.0,4.0,18.348623853211006,100.0,O,O,0.0,False,742
네패스,2022,의무,제조업(10~34),514.9,9402610388.0,731244113.0,7.77703300280573,75.8,1.1,0.0,1.1,1.4511873350923485,0.0,X,X,0.0,False,743
매일유업,2022,의무,제조업(10~34),2123.7,11375802728.0,492893461.0,4.332823562303954,37.5,1.6,2.6,4.2,11.200000000000001,61.904761904761905,O,O,0.0,False,744
케이티샛,2022,의무,정보통신업(58~63),197.8,88105939215.0,1796105144.0,2.0385744252916536,81.7,1.9,2.8,4.7,5.752753977968177,59.57446808510638,O,X,2.0,False,745
동원개발,2022,의무,건설업(41~42),216.3,665307747.0,81645696.0,12.271869126454046,3.0,0.0,0.0,0.0,0.0,,O,O,0.0,False,746
동국제강,2022,의무,제조업(10~34),2526.0,19829302206.0,1064778162.0,5.3697207846165,120.2,1.0,3.9,4.9,4.076539101497505,79.59183673469387,X,O,0.0,False,747
GS글로벌,2022,의무,도매 및 소매업(45~47),243.7,1762230059.0,82728488.0,4.69453392747967,10.7,0.0,0.0,0.0,0.0,,X,O,0.0,False,748
엔디에스,2022,의무,정보통신업(58~63),472.7,1173655106.0,58477117.0,4.982478813499065,8.1,0.4,0.0,0.4,4.938271604938272,0.0,O,O,0.0,False,749
현대오토에버,2022,의무,정보통신업(58~63),3139.6,52928279007.0,2690759575.0,5.083784369116055,324.1,14.5,1.9,16.4,5.060166615242209,11.585365853658537,X,X,0.0,False,750
고려제강,2022,의무,제조업(10~34),781.2,1713164624.0,198166847.0,11.567297399435445,7.0,1.0,0.0,1.0,14.285714285714285,0.0,X,O,0.0,False,751
아주스틸,2022,의무,제조업(10~34),515.7,1069118891.0,229028000.0,21.422126381639252,2.9,0.0,0.0,0.0,0.0,,O,O,0.0,False,752
에스엠엔터테인먼트,2022,의무,정보통신업(58~63),509.1,5144121821.0,87204674.0,1.695229565598579,32.4,0.0,0.0,0.0,0.0,,X,O,0.0,False,753
SK이노베이션,2022,의무,"전문, 과학 및 기술 서비스업(70~73)",2295.7,67137040822.0,4116391358.0,6.131326772226619,169.6,3.6,7.8,11.4,6.721698113207547,68.42105263157895,O,O,0.0,False,754
SK에너지,2022,자율,제조업(10~34),2717.1,57718226998.0,4135258013.0,7.164561747787733,200.7,4.3,9.3,13.5,6.726457399103139,68.8888888888889,O,X,0.0,False,755
에스케이지오센트릭,2022,자율,제조업(10~34),1044.4,17989414651.0,1346076590.0,7.482603609479723,77.2,1.6,3.6,5.2,6.7357512953367875,69.23076923076923,O,X,0.0,False,756
SK엔무브,2022,자율,제조업(10~34),275.8,5761935706.0,423658407.0,7.352709724942565,20.4,0.4,0.9,1.4,6.862745098039216,64.28571428571429,X,O,0.0,False,757
SK인천석유화학,2022,자율,제조업(10~34),615.1,8091872490.0,811244895.0,10.025428551951885,45.4,1.0,2.1,3.1,6.828193832599119,67.74193548387098,O,X,0.0,False,758
SK트레이딩인터내셔널,2022,자율,도매 및 소매업(45~47),93.0,2508132420.0,209409785.0,8.349231616726202,6.9,0.2,0.3,0.5,7.246376811594203,60.0,X,O,0.0,False,759
에스케이아이이테크놀로지,2022,의무,제조업(10~34),215.3,6153916473.0,288239491.0,4.683838207174834,15.9,0.3,0.7,1.1,6.918238993710692,63.636363636363626,X,O,0.0,False,760
에스케이온,2022,자율,제조업(10~34),1400.0,26223268354.0,710690396.0,2.7101518636276087,25.9,0.6,1.2,1.7,6.563706563706565,70.58823529411765,O,O,0.0,False,761
에스케이어스온,2022,자율,광업(05~08),75.3,1777210674.0,22565841.0,1.2697335960294824,1.4,0.0,0.1,0.1,7.142857142857144,100.0,X,O,0.0,False,762
SK오션플랜트,2022,의무,제조업(10~34),460.0,615455201.0,174206818.0,28.305361254067947,3.0,2.0,0.0,2.0,66.66666666666666,0.0,O,O,7.0,False,764
금호타이어,2022,의무,제조업(10~34),4549.3,17447631502.0,1407115130.0,8.064791658619704,95.5,2.0,0.0,2.0,2.094240837696335,0.0,X,X,0.0,False,765
에이피시스템,2022,의무,제조업(10~34),459.0,2386653018.0,254034155.0,10.643950045695332,6.0,0.0,0.8,0.8,13.333333333333334,100.0,O,X,7.0,False,766
조일알미늄,2022,의무,제조업(10~34),399.8,458833270.0,70529140.0,15.371409313888682,4.0,1.0,0.0,1.0,25.0,0.0,X,O,0.0,False,767
케이씨티시,2022,의무,운수 및 창고업(49~52),433.6,2679729520.0,180803666.0,6.747086399973681,8.8,0.0,0.0,0.0,0.0,,X,X,0.0,False,769
한국공항,2022,의무,운수 및 창고업(49~52),2764.1,4849750639.0,45715060.0,0.9426270215292197,13.7,0.0,0.0,0.0,0.0,,X,X,0.0,False,770
온라인팜,2022,자율,도매 및 소매업(45~47),378.3,4213365010.0,118950440.0,2.8231695976418623,45.0,0.0,13.0,13.0,28.888888888888886,100.0,O,O,0.0,False,771
웅진씽크빅,2022,의무,정보통신업(58~63),2154.0,32001026077.0,1764814869.0,5.514869631847274,298.5,2.2,0.5,2.7,0.9045226130653268,18.51851851851852,O,O,0.0,False,772
대웅제약,2022,의무,제조업(10~34),1502.8,9380231608.0,1714144380.0,18.27400912508471,13.7,0.0,1.3,1.3,9.489051094890511,100.0,O,O,0.0,False,773
티맵모빌리티,2022,의무,정보통신업(58~63),273.8,54040119817.0,817143838.0,1.5121058960771252,441.6,0.7,2.3,3.0,0.6793478260869565,76.66666666666666,O,O,0.0,False,774
AJ네트웍스,2022,의무,"사업시설 관리, 사업 지원 및 임대 서비스업(74~76)",519.7,2135453426.0,91240169.0,4.2726368034589015,28.2,0.7,2.7,3.4,12.056737588652481,79.41176470588236,O,X,24.0,False,776
에스케이바이오팜,2022,의무,"전문, 과학 및 기술 서비스업(70~73)",234.6,7818799186.0,810433979.0,10.365197515893843,7.8,1.0,1.5,2.5,32.05128205128205,60.0,O,O,0.0,False,777
휴마시스,2022,의무,제조업(10~34),118.8,118244628.0,55186970.0,46.67186233610545,0.8,0.5,0.0,0.5,62.5,0.0,O,O,0.0,False,778
케이티씨에스,2022,의무,"사업시설 관리, 사업 지원 및 임대 서비스업(74~76)",8637.8,8822809463.0,520638692.0,5.901053334353301,26.8,2.8,0.0,2.8,10.44776119402985,0.0,O,O,0.0,False,779
삼성에스디아이,2022,의무,제조업(10~34),11020.5,117702903936.0,5944382697.0,5.050327985308001,282.3,8.0,2.0,10.0,3.5423308537017353,20.0,O,X,0.0,False,780
에이치엠엠,2022,의무,운수 및 창고업(49~52),1565.0,53409340008.0,5216313325.0,9.766668759094694,201.6,3.0,5.0,8.0,3.968253968253968,62.5,O,O,0.0,False,781
에프앤에프,2022,의무,제조업(10~34),453.4,6511567008.0,417922383.0,6.41815376370308,49.0,5.0,3.0,8.0,16.3265306122449,37.5,O,O,0.0,False,782
삼양식품,2022,의무,제조업(10~34),1775.1,1588342811.0,153416110.0,9.658878986168686,10.3,0.0,0.0,0.0,0.0,,X,X,0.0,False,783
한국철강,2022,의무,제조업(10~34),365.0,2533446082.0,204375050.0,8.067077150450286,9.5,0.0,0.0,0.0,0.0,,O,O,0.0,False,784
한국콜마,2022,의무,제조업(10~34),956.0,2887663206.0,144115144.0,4.990718574817066,12.0,0.0,0.0,0.0,0.0,,O,O,0.0,False,785
에이비클,2022,의무,정보통신업(58~63),22.5,1496645142.0,121138724.0,8.094017786882977,15.9,1.6,0.0,1.6,10.062893081761008,0.0,O,O,0.0,False,786
일신방직,2022,의무,제조업(10~34),533.3,538522601.0,30216427.0,5.610985860925826,3.0,0.0,0.0,0.0,0.0,,X,X,0.0,False,787
서한,2022,의무,건설업(41~42),408.8,833834140.0,101037200.0,12.117181961391028,2.3,0.0,0.0,0.0,0.0,,O,X,0.0,False,788
정보보호공시우수기업(고시성실성및다양한정보보호노력평가를통해공시연도에과학기술정보통신부장관표창을수여받은자)HD현대중공업,2022,의무,제조업(10~34),12978.7,105814756326.0,36374282440.0,34.37543467750007,388.0,245.0,15.0,260.0,67.0103092783505,5.769230769230769,O,O,0.0,False,789
삼성전자,2022,의무,제조업(10~34),107496.1,3230105592143.0,171749062574.0,5.317134616025163,9662.7,450.0,76.6,526.6,5.449822513376178,14.546145081655904,O,X,12.0,True,790
씨엠비,2022,의무,정보통신업(58~63),320.3,16165325706.0,231080304.0,1.4294812749379442,101.2,6.8,0.0,6.8,6.719367588932807,0.0,O,O,0.0,False,791
넛지헬스케어,2022,의무,정보통신업(58~63),87.3,4074427110.0,140344553.0,3.44452236378331,39.7,1.8,0.0,1.8,4.534005037783375,0.0,O,O,0.0,False,792
화신,2022,의무,제조업(10~34),902.0,3645415918.0,850011211.0,23.317262834204808,7.0,0.0,0.0,0.0,0.0,,X,O,0.0,False,793
모베이스전자,2022,의무,제조업(10~34),1137.0,5126263017.0,644942227.0,12.581138050490317,213.0,28.0,0.0,28.0,13.145539906103288,0.0,O,O,2.0,False,794
아시아나IDT,2022,의무,정보통신업(58~63),418.0,4967941364.0,849539480.0,17.100432910826118,36.0,1.0,5.0,6.0,16.666666666666664,83.33333333333334,O,O,0.0,False,795
미원상사,2022,의무,제조업(10~34),590.3,760891065.0,37931865.0,4.9851899627708205,1.4,0.0,0.0,0.0,0.0,,O,O,0.0,False,796
삼양사,2022,의무,제조업(10~34),1335.0,10489285028.0,688910134.0,6.5677511113582066,30.3,0.0,1.0,1.0,3.3003300330033,100.0,O,O,0.0,False,797
씨제이올리브네트웍스,2022,의무,정보통신업(58~63),1156.5,66011300673.0,7526629987.0,11.402032546343309,530.6,29.4,12.4,41.8,7.8778741047870335,29.665071770334933,X,X,0.0,False,798
체리부로,2022,의무,제조업(10~34),428.8,843689446.0,321761436.0,38.13742574658212,5.0,0.0,0.0,0.0,0.0,,O,O,0.0,False,800
동부건설,2022,의무,건설업(41~42),983.9,1403383391.0,135403860.0,9.648386953155839,9.5,1.0,0.5,1.5,15.789473684210526,33.33333333333333,O,O,0.0,False,801
에코플라스틱,2022,의무,제조업(10~34),581.0,1135682131.0,134959417.0,11.883555558029643,3.0,0.0,2.0,2.0,66.66666666666666,100.0,O,X,0.0,False,802
이노션,2022,의무,"전문, 과학 및 기술 서비스업(70~73)",722.8,5458430051.0,566506889.0,10.37856826426152,8.3,0.0,0.0,0.0,0.0,,O,O,0.0,False,803
노루페인트,2022,의무,제조업(10~34),784.4,5283190422.0,601493234.0,11.385037940243297,35.1,0.0,5.5,5.5,15.669515669515668,100.0,O,O,2.0,False,804
에스에이엠티,2022,의무,도매 및 소매업(45~47),121.0,519516221.0,23989047.0,4.617574202750447,3.0,0.0,0.0,0.0,0.0,,X,O,0.0,False,805
미원스페셜티케미칼,2022,의무,제조업(10~34),457.0,409554415.0,23756564.0,5.800587938967769,1.2,0.0,0.0,0.0,0.0,,O,O,1.0,False,806
대교,2022,의무,교육 서비스업(85),2999.0,33002819112.0,3006203814.0,9.108930372881172,227.9,3.0,1.1,4.1,1.7990346643264588,26.829268292682933,O,O,0.0,False,807
종근당,2022,의무,제조업(10~34),2345.0,5034043000.0,360179000.0,7.154865383549565,22.1,0.0,1.7,1.7,7.692307692307692,100.0,O,O,0.0,False,808
롯데케미칼,2022,의무,제조업(10~34),4571.5,24149972595.0,1426273311.0,5.905900329242175,65.4,4.0,1.8,5.8,8.868501529051986,31.03448275862069,X,X,0.0,False,809
사조오양,2022,의무,제조업(10~34),797.0,1562048671.0,88533496.0,5.667780885682787,3.5,0.0,0.0,0.0,0.0,,O,O,0.0,False,810
위닉스,2022,의무,제조업(10~34),411.0,1634625426.0,77141478.0,4.719214370032685,1.0,0.0,0.0,0.0,0.0,,O,O,0.0,False,811
이구산업,2022,의무,제조업(10~34),185.4,331299977.0,17178638.0,5.185221609598844,2.7,0.0,0.0,0.0,0.0,,X,O,0.0,False,812
케이티스카이라이프,2022,의무,정보통신업(58~63),382.8,18262676473.0,1373925820.0,7.5231350784275595,80.1,3.0,1.7,4.7,5.867665418227216,36.170212765957444,O,X,0.0,False,813
셀트리온제약,2022,의무,제조업(10~34),832.5,1966782081.0,200148786.0,10.176459707129089,7.0,1.0,0.0,1.0,14.285714285714285,0.0,O,O,0.0,False,815
우아한형제들,2022,의무,정보통신업(58~63),1358.1,79476997567.0,3870653984.0,4.870156274759871,456.1,12.0,3.0,15.0,3.28875246656435,20.0,X,O,0.0,False,816
삼보모터스,2022,의무,제조업(10~34),480.0,1187427165.0,68762600.0,5.790889919551403,4.0,0.0,0.0,0.0,0.0,,X,X,0.0,False,817
엘지,2022,의무,금융 및 보험업(64~66),208.8,5994776108.0,1281513181.0,21.377165016885733,13.8,0.0,1.0,1.0,7.246376811594203,100.0,O,O,0.0,False,818
동원시스템즈,2022,의무,제조업(10~34),1077.6,2953809755.0,141144954.0,4.77840367887877,8.3,0.0,0.4,0.4,4.8192771084337345,100.0,O,O,0.0,False,819
에스케이디앤디,2022,의무,부동산업(68),271.1,6620048061.0,655927186.0,9.908193716359788,13.6,0.4,0.0,0.4,2.9411764705882355,0.0,O,O,0.0,False,820
에이스솔루션,2022,자율,정보통신업(58~63),46.2,118104560.0,0.0,0.0,2.0,0.0,0.0,0.0,0.0,,O,O,0.0,False,821
태림포장,2022,의무,제조업(10~34),955.5,1340565133.0,81482967.0,6.078254983228779,6.2,0.0,0.0,0.0,0.0,,X,X,0.0,False,822
사조산업,2022,의무,"농업, 임업 및 어업(01~03)",631.8,2433559240.0,125545675.0,5.158932354570502,6.4,0.0,0.0,0.0,0.0,,O,O,0.0,False,823
케이티알파,2022,의무,도매 및 소매업(45~47),894.8,42133895770.0,2684266953.0,6.37080171188737,277.5,7.0,3.0,10.0,3.6036036036036037,30.0,X,O,0.0,False,824
오스템임플란트,2022,의무,제조업(10~34),2048.8,5860504786.0,348863447.0,5.952788364466324,26.7,1.5,0.0,1.5,5.617977528089887,0.0,O,O,0.0,False,825
하이트진로,2022,의무,제조업(10~34),3214.0,8845248942.0,301420000.0,3.4077051078660303,19.0,0.0,0.0,0.0,0.0,,O,O,0.0,False,826
화승인더스트리,2022,의무,제조업(10~34),36.1,137528555.0,9408761.0,6.84131451828313,2.0,0.0,0.0,0.0,0.0,,O,O,0.0,False,827
SUN&L,2022,의무,제조업(10~34),285.6,966651856.0,254465549.0,26.324425636855135,3.3,1.5,1.0,2.5,75.75757575757575,40.0,O,O,0.0,False,829
한화에어로스페이스,2022,의무,제조업(10~34),1970.2,33371938375.0,2932226460.0,8.786503280242858,85.1,11.0,2.5,13.5,15.863689776733256,18.51851851851852,O,O,0.0,False,830
케이씨씨건설,2022,의무,건설업(41~42),1104.9,6430326544.0,688657512.0,10.709526293692996,30.0,0.0,0.0,0.0,0.0,,X,X,0.0,False,831
에듀윌,2022,자율,교육 서비스업(85),834.0,11679511777.0,682105468.0,5.840188194708988,111.9,4.5,2.0,6.5,5.80875781948168,30.76923076923077,O,O,10.0,False,832
한전산업개발,2022,의무,"전기, 가스, 증기 및 공기 조절 공급업(35)",3117.2,501803572.0,69038560.0,13.758084607656002,2.0,0.0,0.0,0.0,0.0,,O,O,0.0,False,833
쌍용씨앤이,2022,의무,제조업(10~34),1023.0,2965164826.0,379813923.0,12.809201015390704,14.0,2.0,0.0,2.0,14.285714285714285,0.0,O,O,0.0,False,834
두산퓨얼셀,2022,의무,제조업(10~34),454.4,4042266311.0,203605142.0,5.036905694361115,7.0,0.0,0.0,0.0,0.0,,O,O,0.0,False,835
엠씨넥스,2022,의무,도매 및 소매업(45~47),494.9,2442136969.0,118510894.0,4.852753776891046,6.0,0.0,0.0,0.0,0.0,,X,O,5.0,False,836
켐트로닉스,2022,의무,제조업(10~34),491.0,1895060495.0,224789710.0,11.861875153489493,7.0,2.4,0.0,2.4,34.285714285714285,0.0,O,O,0.0,False,837
메가스터디교육,2022,의무,교육 서비스업(85),1762.2,12475611737.0,766882035.0,6.147049548885781,154.1,3.8,1.5,5.3,3.4393251135626217,28.30188679245283,O,O,3.0,False,838
파라메타,2022,자율,정보통신업(58~63),97.9,7726842433.0,1250399342.0,16.182539670535558,55.8,6.0,0.0,6.0,10.75268817204301,0.0,X,O,0.0,False,839
한국항공우주산업,2022,의무,제조업(10~34),5098.8,90215442000.0,7050743057.0,7.815450327228901,152.7,19.0,4.3,23.3,15.258677144728228,18.454935622317596,X,O,0.0,False,840
대덕전자,2022,의무,제조업(10~34),2433.8,10255741099.0,1032177422.0,10.064386493733192,17.5,2.0,0.0,2.0,11.428571428571429,0.0,O,O,0.0,False,841
교보디티에스,2022,의무,정보통신업(58~63),303.7,6666529767.0,32499830.0,0.48750746094133507,26.8,0.0,0.0,0.0,0.0,,O,O,0.0,False,842
동화기업,2022,의무,제조업(10~34),751.4,9804541390.0,315709634.0,3.2200346904752064,54.9,0.0,0.4,0.4,0.7285974499089254,100.0,O,O,0.0,False,843
송원산업,2022,의무,제조업(10~34),650.4,2777836519.0,251346473.0,9.048281685434924,5.0,0.0,0.5,0.5,10.0,100.0,O,O,0.0,False,844
동일산업,2022,의무,제조업(10~34),260.7,589413548.0,46403650.0,7.872850930803511,3.5,0.5,0.0,0.5,14.285714285714285,0.0,O,O,0.0,False,846
성우하이텍,2022,의무,제조업(10~34),1744.4,6286020594.0,674281350.0,10.726680575046172,33.5,4.0,1.2,5.2,15.522388059701491,23.076923076923077,O,X,0.0,False,847
현대백화점,2022,의무,도매 및 소매업(45~47),3203.7,42968222143.0,2698654925.0,6.2805831621768435,254.8,3.9,8.0,11.9,4.670329670329671,67.22689075630251,O,X,0.0,False,848
아모에스넷,2022,의무,정보통신업(58~63),2.0,287345818.0,68659148.0,23.894256919375106,2.0,1.0,0.0,1.0,50.0,0.0,O,O,0.0,False,849
한진,2022,의무,운수 및 창고업(49~52),1486.5,16658797748.0,968717341.0,5.815049535110065,73.3,2.2,2.0,4.2,5.729877216916781,47.61904761904761,O,O,0.0,False,850
인탑스,2022,의무,제조업(10~34),349.0,1454061785.0,189717200.0,13.04739605683262,7.0,1.0,0.0,1.0,14.285714285714285,0.0,X,X,0.0,False,852
아남전자,2022,의무,제조업(10~34),132.7,382023323.0,89330302.0,23.383468134483508,1.6,1.0,0.1,1.1,68.75,9.090909090909092,O,O,0.0,False,853
한화오션,2022,의무,제조업(10~34),8782.5,53914884520.0,1155346006.0,2.14290731824051,235.3,7.5,12.3,19.8,8.414789630259243,62.121212121212125,X,X,0.0,False,854
인터파크,2022,의무,도매 및 소매업(45~47),1104.1,24819631755.0,2558901011.0,10.309987820365226,307.8,16.1,13.0,29.1,9.4541910331384,44.67353951890034,O,O,0.0,False,855
아이티이지,2022,의무,정보통신업(58~63),73.4,4980419039.0,737592270.0,14.80984359396591,47.3,3.0,5.0,8.0,16.913319238900634,62.5,O,O,0.0,False,856
율촌화학,2022,의무,제조업(10~34),812.8,9170246451.0,370975078.0,4.045421025293663,24.8,1.0,0.2,1.2,4.838709677419355,16.666666666666668,O,O,0.0,False,857
현대무벡스,2022,의무,제조업(10~34),371.0,9046305298.0,932662217.0,10.309868905333069,32.7,4.4,0.3,4.7,14.37308868501529,6.382978723404255,O,O,4.0,False,858
서울국제전화,2022,의무,정보통신업(58~63),8.0,0.0,0.0,,0.0,0.0,0.0,0.0,,,X,X,0.0,False,859
에스케이바이오사이언스,2022,의무,제조업(10~34),1035.3,5905862727.0,657577442.0,11.134316397056345,26.2,1.7,2.1,3.8,14.50381679389313,55.26315789473685,O,O,0.0,False,860
한화솔루션,2022,의무,제조업(10~34),6432.5,106635617099.0,5040927331.0,4.7272454252503895,106.9,3.4,0.8,4.2,3.9289055191768005,19.047619047619047,O,O,0.0,False,861
단국대학교의과대학부속병원,2022,의무,보건업 및 사회복지 서비스업(86~87),1915.8,3696545564.0,322910600.0,8.73546922144742,18.6,2.0,0.0,2.0,10.75268817204301,0.0,O,O,6.0,False,862
평화산업,2022,의무,제조업(10~34),806.0,647784258.0,274953148.0,42.445172849507564,7.1,1.1,0.4,1.5,21.126760563380284,26.666666666666668,X,O,0.0,False,863
디와이덕양,2022,의무,제조업(10~34),818.8,1641374251.0,630889521.0,38.436664923653666,17.6,4.0,3.0,7.0,39.77272727272727,42.857142857142854,O,O,0.0,False,864
하나마이크론,2022,의무,제조업(10~34),734.8,2446053331.0,264775146.0,10.824585982831133,13.8,0.0,10.0,10.0,72.46376811594203,100.0,O,O,0.0,False,865
삼현철강,2022,의무,제조업(10~34),96.5,96453388.0,18924926.0,19.620799634326996,0.0,0.0,0.0,0.0,,,O,X,0.0,False,866
동원에프앤비,2022,의무,제조업(10~34),3185.4,7954395124.0,545438964.0,6.857076565813303,17.4,0.0,0.1,0.1,0.574712643678161,100.0,O,O,0.0,False,867
인천도시가스,2022,의무,"전기, 가스, 증기 및 공기 조절 공급업(35)",202.8,1792955064.0,136912206.0,7.636120321641257,6.0,0.0,0.0,0.0,0.0,,O,O,0.0,False,868
KCTV광주방송,2022,의무,정보통신업(58~63),24.0,380696081.0,108515900.0,28.504601285874546,5.0,1.0,0.0,1.0,20.0,0.0,O,O,0.0,False,869
한솔제지,2022,의무,제조업(10~34),1172.0,9736933885.0,438274643.0,4.501156608192375,53.0,1.0,1.0,2.0,3.7735849056603774,50.0,X,O,0.0,False,870
에스와이,2022,의무,제조업(10~34),292.0,469707227.0,38038747.0,8.098395088138595,2.2,0.0,0.0,0.0,0.0,,O,O,0.0,False,871
농협정보시스템,2022,의무,정보통신업(58~63),574.1,12863740076.0,1930784633.0,15.00951217602945,106.1,16.3,7.5,23.8,22.431668237511783,31.512605042016805,O,O,2.0,False,872
이화의대부속서울병원,2022,자율,보건업 및 사회복지 서비스업(86~87),1833.5,6259413762.0,271709519.0,4.340814161375773,24.1,0.5,0.4,0.9,3.7344398340248963,44.44444444444445,O,O,8.0,False,873
선진,2022,의무,제조업(10~34),389.8,5705825468.0,284213540.0,4.981111700558592,34.3,2.0,0.0,2.0,5.830903790087464,0.0,O,O,0.0,False,874
SIMPAC,2022,의무,제조업(10~34),479.8,1092998519.0,129510494.0,11.849100593337583,3.7,0.7,0.0,0.7,18.918918918918916,0.0,O,O,1.0,False,875
케이티에이치씨엔,2022,의무,정보통신업(58~63),426.2,5806072857.0,349712987.0,6.0232276723564375,17.0,3.0,0.0,3.0,17.647058823529413,0.0,X,O,0.0,False,876
세방,2022,의무,운수 및 창고업(49~52),651.8,5687212873.0,351875415.0,6.1871328339145855,14.7,0.0,0.8,0.8,5.4421768707483,100.0,O,O,0.0,False,877
한화시스템,2022,의무,제조업(10~34),3813.1,55089039009.0,7486152203.0,13.589186411069857,500.1,20.5,6.3,26.7,5.338932213557288,23.595505617977526,O,X,4.0,False,878
대한제분,2022,의무,제조업(10~34),365.6,1841930012.0,552519077.0,29.996746532191253,10.8,4.0,0.0,4.0,37.03703703703704,0.0,X,O,0.0,False,879
핸즈코퍼레이션,2022,의무,제조업(10~34),1204.0,245490000.0,44990000.0,18.326612081958533,4.0,2.0,0.0,2.0,50.0,0.0,O,O,1.0,False,880
씨씨에스충북방송,2022,의무,정보통신업(58~63),41.0,2073250511.0,231577504.0,11.169779183524822,9.0,1.0,0.0,1.0,11.11111111111111,0.0,X,X,0.0,False,881
녹십자,2022,의무,제조업(10~34),2187.0,9898348696.0,638351470.0,6.449070340974782,32.0,1.0,0.0,1.0,3.125,0.0,O,O,0.0,False,882
이오테크닉스,2022,의무,제조업(10~34),589.9,1239685691.0,321021534.0,25.89539722290785,3.0,1.2,0.0,1.2,40.0,0.0,X,O,0.0,False,883
스튜디오드래곤,2022,의무,정보통신업(58~63),166.0,896741074.0,62558342.0,6.976187866688484,0.0,0.0,0.0,0.0,,,X,X,0.0,False,884
야놀자,2022,자율,정보통신업(58~63),1002.8,63820104375.0,3427650448.0,5.370800442223501,392.7,22.0,0.0,22.0,5.602240896358544,0.0,O,O,0.0,False,885
한국무브넥스,2022,의무,제조업(10~34),489.8,1378816503.0,232285789.0,16.84675143462509,14.9,1.0,3.0,4.0,26.845637583892618,75.0,O,O,8.0,False,887
미창석유공업,2022,의무,제조업(10~34),81.0,57047500.0,5200000.0,9.115211008370219,5.0,1.0,2.0,3.0,60.0,66.66666666666666,X,X,0.0,False,888
인지컨트롤스,2022,의무,제조업(10~34),520.0,1432354344.0,34132000.0,2.382929904389636,3.0,2.0,0.0,2.0,66.66666666666666,0.0,X,O,9.0,False,889
한국수출포장공업,2022,의무,제조업(10~34),400.8,721898885.0,64275000.0,8.903601506463056,3.9,0.0,0.0,0.0,0.0,,O,O,0.0,False,891
엘엑스세미콘,2022,의무,제조업(10~34),1188.7,14392905302.0,749805219.0,5.209547365644163,33.3,2.0,0.7,2.7,8.10810810810811,25.925925925925924,O,O,0.0,False,892
솔브레인,2022,의무,제조업(10~34),1372.0,3602900920.0,442821410.0,12.290690747055015,10.0,2.0,0.0,2.0,20.0,0.0,O,X,0.0,False,893
한온시스템,2022,의무,제조업(10~34),2216.4,24577901381.0,1527980425.0,6.216887281438962,64.9,0.8,2.0,2.8,4.314329738058551,71.42857142857143,O,O,0.0,False,895
케이지스틸,2022,의무,제조업(10~34),1140.5,10195697762.0,567237973.0,5.563503217152348,47.8,0.0,0.3,0.3,0.6276150627615062,100.0,X,X,0.0,False,896
쿠팡,2022,의무,도매 및 소매업(45~47),24191.7,749426538444.0,53459349242.0,7.133367514979547,2303.0,121.1,49.5,170.6,7.407729049066434,29.01524032825322,O,X,0.0,False,897
서흥,2022,의무,제조업(10~34),904.3,1644898441.0,261826629.0,15.917495115432478,5.7,0.0,0.0,0.0,0.0,,X,O,0.0,False,898
세아제강,2022,의무,제조업(10~34),663.0,5978679291.0,197996005.0,3.3117013869275964,19.0,0.0,2.0,2.0,10.526315789473683,100.0,X,O,0.0,False,899
풍산,2022,의무,제조업(10~34),3378.0,5688283650.0,2551241530.0,44.850814181884196,22.5,0.0,11.8,11.8,52.44444444444445,100.0,X,X,0.0,False,900
당근마켓,2022,의무,정보통신업(58~63),193.0,22053553548.0,736518281.0,3.339680743046481,114.0,1.0,2.0,3.0,2.631578947368421,66.66666666666666,X,O,1.0,False,901
신세계아이앤씨,2022,의무,정보통신업(58~63),1023.8,46654332551.0,2443766621.0,5.238027182852967,390.0,8.0,22.0,30.0,7.6923076923076925,73.33333333333333,O,O,0.0,True,902
가온그룹,2022,의무,제조업(10~34),284.6,8993117786.0,475504770.0,5.2874295802089915,5.9,0.0,0.0,0.0,0.0,,O,X,0.0,False,903
쿠쿠홈시스,2022,의무,"사업시설 관리, 사업 지원 및 임대 서비스업(74~76)",603.2,882683416.0,68504725.0,7.7609620570916,12.0,1.0,3.0,4.0,33.33333333333333,75.0,X,O,0.0,False,904
후후앤컴퍼니,2022,의무,정보통신업(58~63),27.6,2917440301.0,550865694.0,18.881815467181344,14.5,1.5,3.1,4.6,31.72413793103448,67.3913043478261,O,O,0.0,False,905
케이에스에스해운,2022,의무,운수 및 창고업(49~52),397.0,455749000.0,51200000.0,11.234253942411284,4.0,0.0,0.0,0.0,0.0,,O,O,0.0,False,906
이화의대부속목동병원,2022,의무,교육 서비스업(85),1832.1,5265002708.0,210778018.0,4.003379099496562,24.1,0.0,0.4,0.4,1.6597510373443984,100.0,O,O,8.0,False,907
세방전지,2022,의무,제조업(10~34),1101.0,4058734005.0,440151732.0,10.844557230352423,13.8,0.0,1.3,1.3,9.420289855072465,100.0,X,O,0.0,False,909
디아이씨,2022,의무,제조업(10~34),710.1,339263531.0,20554774.0,6.058645307208101,2.0,0.0,0.0,0.0,0.0,,O,O,0.0,False,910
신한투자증권,2022,자율,금융 및 보험업(64~66),2614.6,194584011129.0,15920266274.0,8.181692926170392,237.6,15.9,13.2,29.1,12.24747474747475,45.360824742268036,O,O,2.0,False,911
계양전기,2022,의무,제조업(10~34),741.0,986597148.0,54184500.0,5.492059257402191,6.0,0.0,0.0,0.0,0.0,,O,O,0.0,False,912
인터지스,2022,의무,운수 및 창고업(49~52),378.0,4053704183.0,119517673.0,2.9483570483811,14.0,0.0,0.0,0.0,0.0,,X,O,0.0,False,913
제이씨케미칼,2022,의무,제조업(10~34),83.8,128428161.0,7200000.0,5.6062470597862095,0.0,0.0,0.0,0.0,,,O,O,1.0,False,914
아이즈비전,2022,의무,정보통신업(58~63),56.2,820796077.0,104350842.0,12.713369973867456,5.8,1.0,0.0,1.0,17.24137931034483,0.0,O,O,0.0,False,915
후성,2022,의무,제조업(10~34),366.0,555071706.0,40582624.0,7.311239892310419,9.0,0.0,1.0,1.0,11.11111111111111,100.0,O,O,0.0,False,916
에스엘,2022,의무,제조업(10~34),4418.0,22338756365.0,935897812.0,4.189569896855804,47.0,3.0,1.0,4.0,8.51063829787234,25.0,O,O,0.0,False,917
에코프로비엠,2022,의무,제조업(10~34),1058.8,2474405544.0,473119238.0,19.120521255993435,17.4,3.0,0.0,3.0,17.24137931034483,0.0,O,O,0.0,False,919
남양유업,2022,의무,제조업(10~34),2243.4,9693848313.0,369772747.0,3.814509316223917,25.7,1.4,0.0,1.4,5.447470817120623,0.0,O,O,0.0,False,920
동원산업,2022,의무,"농업, 임업 및 어업(01~03)",723.6,1909032674.0,139112702.0,7.287078104772135,7.5,0.0,0.2,0.2,2.666666666666667,100.0,X,O,0.0,False,921
삼성이앤에이,2022,의무,건설업(41~42),5257.4,67159879295.0,3210413636.0,4.780255220379785,162.5,3.6,4.8,8.4,5.1692307692307695,57.14285714285714,O,O,0.0,False,922
서연이화,2022,의무,제조업(10~34),921.8,6843133960.0,666887449.0,9.745351368220183,14.0,4.0,0.0,4.0,28.57142857142857,0.0,O,O,0.0,False,923
영풍,2022,의무,제조업(10~34),705.1,1671930669.0,209470744.0,12.528674058314076,8.3,0.0,0.0,0.0,0.0,,O,O,0.0,False,924
대상,2022,의무,제조업(10~34),5478.3,16482055922.0,1062941425.0,6.449082748112763,77.3,1.9,2.8,4.7,6.0802069857697285,59.57446808510638,O,X,3.0,False,925
제일기획,2022,의무,"전문, 과학 및 기술 서비스업(70~73)",1265.2,21673927886.0,1276938206.0,5.891586484537591,67.3,2.0,1.2,3.2,4.754829123328381,37.49999999999999,O,O,0.0,False,926
KPX케미칼,2022,의무,제조업(10~34),326.7,2173508130.0,146573946.0,6.743657591011633,2.5,0.0,0.1,0.1,4.0,100.0,X,O,0.0,False,927
한진정보통신,2022,의무,정보통신업(58~63),380.0,80633958003.0,2655486682.0,3.2932609880085533,238.0,6.0,1.0,7.0,2.941176470588235,14.285714285714285,O,O,1.0,False,928
드림텍,2022,의무,제조업(10~34),486.0,1535842031.0,392697792.0,25.568892117395116,7.0,3.0,0.0,3.0,42.857142857142854,0.0,O,X,1.0,False,929
크리스에프앤씨,2022,의무,제조업(10~34),337.3,1038088693.0,36210637.0,3.488202621237875,4.0,0.0,0.0,0.0,0.0,,O,O,0.0,False,930
티와이엠(TYMCORPORATION),2022,의무,제조업(10~34),601.6,1403936187.0,50127219.0,3.5704770248222113,5.0,0.0,0.0,0.0,0.0,,X,X,0.0,False,931
엘지헬로비전,2022,의무,정보통신업(58~63),1089.5,97798610614.0,4450262327.0,4.550435122810363,347.3,5.0,6.0,11.0,3.1672905269219696,54.54545454545454,X,O,4.0,False,932
한국오라클유한회사,2022,의무,정보통신업(58~63),,,,,,,,,,,O,O,0.0,False,933
코리아써키트,2022,의무,제조업(10~34),951.0,1179538759.0,266140000.0,22.563056785487117,17.0,3.0,2.0,5.0,29.411764705882355,40.0,O,O,2.0,False,934
데이콤크로싱,2022,의무,정보통신업(58~63),14.2,16041288503.0,30682572.0,0.1912724903255859,6.3,0.0,0.3,0.3,4.761904761904762,100.0,X,O,0.0,False,935
파워로직스,2022,의무,제조업(10~34),346.4,1408823732.0,67270960.0,4.774973509602974,4.6,1.0,0.0,1.0,21.73913043478261,0.0,O,O,0.0,False,936
비바리퍼블리카,2022,자율,금융 및 보험업(64~66),528.3,52258533594.0,9043697557.0,17.30568566516061,259.5,20.6,6.3,26.9,10.366088631984585,23.42007434944238,O,O,0.0,False,937
케이아이엔엑스,2022,의무,정보통신업(58~63),137.0,7768323854.0,462643530.0,5.955512909799448,71.0,2.0,0.0,2.0,2.8169014084507045,0.0,O,O,0.0,False,938
한국케이블티브이푸른방송,2022,의무,정보통신업(58~63),114.0,396134548.0,85146500.0,21.49433833274244,7.0,1.0,0.0,1.0,14.285714285714285,0.0,O,O,0.0,False,939
제이씨엔울산중앙방송,2022,의무,정보통신업(58~63),176.0,3523984824.0,194668503.0,5.5241016270619445,6.0,1.0,0.0,1.0,16.666666666666664,0.0,O,O,2.0,False,940
대우건설,2022,의무,건설업(41~42),5452.0,21831294153.0,1290907330.0,5.913104926134701,89.6,5.5,2.0,7.5,8.370535714285715,26.666666666666668,X,X,6.0,False,941
세아베스틸,2022,의무,제조업(10~34),1533.0,32637384014.0,2085319749.0,6.389359355840192,39.0,0.0,0.5,0.5,1.282051282051282,100.0,O,O,1.0,False,942
유한양행,2022,의무,제조업(10~34),1882.5,9454673937.0,453179996.0,4.793184820753274,14.0,0.0,0.0,0.0,0.0,,X,X,0.0,False,943
원익홀딩스,2022,의무,제조업(10~34),509.2,2196505633.0,214338888.0,9.7581761129952,7.8,0.0,0.0,0.0,0.0,,X,X,0.0,False,944
금호건설,2022,의무,건설업(41~42),1211.0,6464066000.0,225243932.0,3.484554953492121,15.0,0.0,0.5,0.5,3.3333333333333335,100.0,O,O,0.0,False,945
티케이케미칼,2022,의무,제조업(10~34),604.0,760652013.0,72510670.0,9.532699415862849,5.0,0.0,0.0,0.0,0.0,,O,O,0.0,False,946
금강방송,2022,의무,정보통신업(58~63),54.0,2116001786.0,259430164.0,12.26039437756883,9.0,1.0,0.0,1.0,11.11111111111111,0.0,O,O,2.0,False,947
리드코프,2022,의무,도매 및 소매업(45~47),404.3,2753592918.0,411369364.0,14.93936744647017,9.1,1.3,0.0,1.3,14.285714285714288,0.0,O,X,0.0,False,948
삼기,2022,의무,제조업(10~34),588.0,1183642100.0,42671900.0,3.60513536988926,8.0,1.0,2.0,3.0,37.5,66.66666666666666,O,O,1.0,False,949
딜라이브,2022,의무,정보통신업(58~63),1118.8,36452098746.0,1598126560.0,4.384182571038841,37.6,6.6,0.0,6.6,17.5531914893617,0.0,O,X,1.0,False,950
남인천방송,2022,의무,정보통신업(58~63),92.0,2554614170.0,353751328.0,13.847544265363565,12.0,1.0,0.0,1.0,8.333333333333332,0.0,O,O,0.0,False,951
롯데에너지머티리얼즈,2022,의무,제조업(10~34),544.8,1480402921.0,20228622.0,1.366426782401627,3.7,0.0,0.0,0.0,0.0,,O,O,0.0,False,952
KC코트렐,2022,의무,제조업(10~34),281.0,1127691704.0,23807500.0,2.1111709801139056,14.0,2.0,3.0,5.0,35.714285714285715,60.0,O,O,0.0,False,953
유니트론텍,2022,의무,도매 및 소매업(45~47),82.0,182260880.0,29455625.0,16.161243707371543,1.0,0.0,0.0,0.0,0.0,,O,O,0.0,False,954
에스에프에이반도체,2022,의무,제조업(10~34),592.0,2348454346.0,296592338.0,12.62925713268262,14.0,1.0,0.0,1.0,7.142857142857142,0.0,X,X,0.0,False,955
한일시멘트,2022,의무,제조업(10~34),623.5,5563635596.0,369370708.0,6.639016909474817,22.3,0.0,0.6,0.6,2.6905829596412554,100.0,X,O,6.0,False,956
다우기술,2022,의무,정보통신업(58~63),560.3,27537191908.0,2407710760.0,8.743486874202745,230.2,18.9,0.0,18.9,8.210251954821894,0.0,O,X,0.0,False,957
대성산업,2022,의무,도매 및 소매업(45~47),492.9,2520788486.0,130628033.0,5.182030691011336,23.2,0.0,0.0,0.0,0.0,,O,O,0.0,False,958
에스에프에이,2022,의무,제조업(10~34),651.0,4902634739.0,831094772.0,16.952002672944793,12.0,3.0,0.0,3.0,25.0,0.0,O,X,0.0,False,959
맘스터치앤컴퍼니,2022,의무,도매 및 소매업(45~47),200.0,1071944278.0,167911717.0,15.664220654573988,5.0,1.0,1.0,2.0,40.0,50.0,O,O,0.0,False,960
드림어스컴퍼니,2022,자율,제조업(10~34),302.3,11161824301.0,861593419.0,7.71910931193218,75.4,3.0,3.0,6.0,7.957559681697612,50.0,O,O,1.0,False,961
한일현대시멘트,2022,의무,제조업(10~34),424.0,1916189385.0,155022721.0,8.090156547861264,9.0,0.0,0.2,0.2,2.2222222222222223,100.0,X,O,6.0,False,962
이엠텍,2022,의무,제조업(10~34),400.5,2808415456.0,147633507.0,5.256825755056662,31.3,0.0,0.2,0.2,0.6389776357827477,100.0,O,X,0.0,False,963
에스케이쉴더스,2022,자율,정보통신업(58~63),5747.0,63390076330.0,4574448177.0,7.216347481877215,374.0,19.6,0.0,19.6,5.240641711229947,0.0,X,X,0.0,False,964
롯데쇼핑,2022,의무,도매 및 소매업(45~47),23847.0,222888657306.0,11465475063.0,5.144037027985344,816.9,20.7,1.0,21.7,2.6563838903170525,4.6082949308755765,X,X,0.0,False,965
휴맥스,2022,의무,제조업(10~34),79.4,2625558452.0,287652245.0,10.955849974731395,42.0,0.0,4.0,4.0,9.523809523809524,100.0,O,O,5.0,False,966
아마존웹서비시즈코리아유한책임회사,2022,의무,"사업시설 관리, 사업 지원 및 임대 서비스업(74~76)",,,,,,,,,,,O,O,0.0,False,967
한국아이비엠,2022,의무,도매 및 소매업(45~47),,,,,,,,,,,O,X,0.0,False,968
Google,2022,의무,,,,,,,,,,,,O,X,,False,969
에스케이브로드밴드,2022,의무,정보통신업(58~63),2485.6,504935884936.0,23398464868.0,4.633947708225516,1994.6,22.3,86.5,108.8,5.454727764965407,79.50367647058823,O,X,0.0,False,970
한국마이크로소프트유한회사,2022,의무,정보통신업(58~63),,,,,,,,,,,O,O,0.0,False,971
넷플릭스서비시스코리아(유),2022,의무,정보통신업(58~63),53.0,2789762726.0,338997612.0,12.151485459340817,3.0,,,,,,X,O,0.0,False,972
"MetaPlatforms,Inc.",2022,의무,,,,,,,,,,,,O,X,,False,973
인터플렉스,2022,의무,제조업(10~34),386.0,1390953203.0,63232250.0,4.5459653037658665,5.0,1.0,1.0,2.0,40.0,50.0,O,O,2.0,False,974
텐센트코리아유한회사,2022,의무,정보통신업(58~63),,,,,,,,,,,X,O,,False,975
호전실업,2022,의무,제조업(10~34),159.0,665619491.0,12887267.0,1.936131254305472,4.0,0.0,0.0,0.0,0.0,,X,X,1.0,False,977
솔루엠,2022,의무,제조업(10~34),403.0,4624909985.0,231556301.0,5.006720168630482,8.5,0.0,0.0,0.0,0.0,,X,X,0.0,False,978
한국앤컴퍼니,2022,의무,금융 및 보험업(64~66),1009.0,259500000.0,0.0,0.0,24.0,0.0,0.0,0.0,0.0,,O,O,0.0,False,979
팜스코,2022,의무,제조업(10~34),399.3,6235916581.0,650333298.0,10.428832546950325,8.4,2.0,0.0,2.0,23.809523809523807,0.0,O,O,8.0,False,981
케이티지디에이치,2022,의무,정보통신업(58~63),18.0,781722999.0,180694374.0,23.11488522547614,13.0,3.0,0.0,3.0,23.076923076923077,0.0,O,O,0.0,False,982
조선대학교병원,2022,의무,보건업 및 사회복지 서비스업(86~87),1875.0,4514763126.0,267896848.0,5.933796314965296,12.0,1.0,0.0,1.0,8.333333333333332,0.0,O,O,2.0,False,983
이노그리드,2022,의무,정보통신업(58~63),122.0,3765573503.0,516305001.0,13.711191684046648,81.0,6.0,0.0,6.0,7.4074074074074066,0.0,X,X,0.0,False,984
딜라이브강남케이블티브이,2022,의무,정보통신업(58~63),90.8,2377403132.0,248668061.0,10.45965060165488,6.0,2.0,0.0,2.0,33.33333333333333,0.0,O,X,0.0,False,985
국도화학,2022,의무,제조업(10~34),578.0,4610658121.0,806833404.0,17.49931100562726,12.6,2.2,1.0,3.2,25.396825396825403,31.25,O,O,2.0,False,986
딜라이브경기동부케이블티브이,2022,의무,정보통신업(58~63),11.0,775105405.0,3341474.0,0.4310993031973503,1.0,0.0,0.0,0.0,0.0,,O,X,0.0,False,987
평화이즈,2022,의무,정보통신업(58~63),183.7,2362001273.0,290632919.0,12.304519998453024,36.8,4.0,0.0,4.0,10.869565217391305,0.0,O,O,1.0,False,988
XCorp.,2022,의무,,,,,,,,,,,,X,O,0.0,False,989
토스페이먼츠,2022,자율,금융 및 보험업(64~66),134.8,33322747952.0,3147670835.0,9.446012194234658,130.5,5.3,4.9,10.2,7.816091954022989,48.03921568627452,X,O,0.0,False,990
건국대학교병원,2022,의무,보건업 및 사회복지 서비스업(86~87),2106.3,10472468763.0,2264269157.0,21.621159329687657,32.0,1.0,0.0,1.0,3.125,0.0,O,O,8.0,False,991
토스증권,2022,자율,금융 및 보험업(64~66),117.9,21802567619.0,2292373947.0,10.514238446862079,82.2,6.3,3.0,9.3,11.313868613138686,32.25806451612903,X,O,0.0,False,992
경상국립대학교병원,2022,자율,보건업 및 사회복지 서비스업(86~87),2233.3,4649079024.0,459679232.0,9.887533200167002,25.0,2.0,0.0,2.0,8.0,0.0,X,O,3.0,False,993
